ReviewID,ProductID,ProductCategory,ProductName,ReviewText,Rating,ReviewDate,VerifiedPurchase,HelpfulVotes,CleanedText,Sentiment,SentimentScore,RatingSentiment,Month
REV002927,HOM1533,Home & Kitchen,Air Fryer,"excellent build quality, arrived quickly and works great.",5,2023-07-30,Yes,1,excellent build quality arrived quickly works great,Positive,0.8316,Positive,2023-07
REV001414,BEA1195,Beauty,Lip Balm Set,"reasonable quality, similar to other products in this range.",3,2024-05-05,Yes,1,reasonable quality similar other products range,Neutral,0.0,Neutral,2024-05
REV003266,HOM1762,Home & Kitchen,Blender,"it's okay, does the job but nothing special. We'll see how it holds up.",3,2024-11-12,No,0,okay job nothing special ll see how holds up,Negative,-0.3479,Neutral,2024-11
REV002722,BEA1315,Beauty,Lip Balm Set,"great quality and works perfectly, highly recommend.",4,2023-01-27,Yes,5,great quality works perfectly highly recommend,Positive,0.902,Positive,2023-01
REV002735,SPO1884,Sports & Outdoors,Water Bottle,"excellent build quality, arrived quickly and works great.",5,2023-07-28,No,1,excellent build quality arrived quickly works great,Positive,0.8316,Positive,2023-07
REV000764,HOM1489,Home & Kitchen,Non-Stick Pan Set,"great quality and works perfectly, highly recommend. Fast shipping too!",4,2024-09-27,Yes,0,great quality works perfectly highly recommend fast shipping too,Positive,0.9078,Positive,2024-09
REV001655,SPO1394,Sports & Outdoors,Water Bottle,"very disappointed, stopped working after a few days. Would not recommend to anyone.",1,2024-06-30,No,2,disappointed stopped working after few days recommend anyone,Negative,-0.7705,Negative,2024-06
REV003376,CLO1433,Clothing,Cotton T-Shirt,"it's fine, though the packaging could be better. Still testing it out.",3,2024-03-11,No,0,fine though packaging better still testing out,Positive,0.5719,Neutral,2024-03
REV000858,CLO1915,Clothing,Denim Jeans,"excellent build quality, arrived quickly and works great.",5,2023-08-29,Yes,0,excellent build quality arrived quickly works great,Positive,0.8316,Positive,2023-08
REV000911,ELE1773,Electronics,Smartwatch,"very satisfied, the quality exceeded what I paid for.",5,2024-09-04,Yes,1,satisfied quality exceeded what paid,Positive,0.4754,Positive,2024-09
REV003057,ELE1940,Electronics,Laptop Stand,"excellent build quality, arrived quickly and works great. Would buy again.",5,2023-08-12,Yes,3,excellent build quality arrived quickly works great buy again,Positive,0.8316,Positive,2023-08
REV002163,SPO1586,Sports & Outdoors,Water Bottle,"gets the job done, nothing more nothing less. We'll see how it holds up.",3,2024-10-09,Yes,0,gets job done nothing more nothing less ll see how holds up,Neutral,0.0,Neutral,2024-10
REV003433,SPO1648,Sports & Outdoors,Water Bottle,"reasonable quality, similar to other products in this range. Still testing it out.",3,2023-11-09,Yes,1,reasonable quality similar other products range still testing out,Neutral,0.0,Neutral,2023-11
REV001175,BEA1338,Beauty,Sunscreen SPF50,"excellent build quality, arrived quickly and works great.",5,2023-04-08,Yes,5,excellent build quality arrived quickly works great,Positive,0.8316,Positive,2023-04
REV000919,HOM1929,Home & Kitchen,Vacuum Cleaner,"gets the job done, nothing more nothing less. Might update this review later.",3,2024-01-29,No,0,gets job done nothing more nothing less might update review later,Neutral,0.0,Neutral,2024-01
REV001466,CLO1882,Clothing,Denim Jeans,"outstanding performance, worth every penny.",5,2024-03-11,Yes,1,outstanding performance worth every penny,Positive,0.7096,Positive,2024-03
REV001421,CLO1102,Clothing,Cotton T-Shirt,"outstanding performance, worth every penny. Would buy again.",5,2023-11-23,Yes,0,outstanding performance worth every penny buy again,Positive,0.7096,Positive,2023-11
REV002890,HOM1497,Home & Kitchen,Air Fryer,works flawlessly and looks even better in person. Would buy again.,5,2024-02-06,Yes,0,works flawlessly looks even better person buy again,Positive,0.5719,Positive,2024-02
REV003246,HOM1152,Home & Kitchen,Air Fryer,"this is fantastic, exactly what I needed. Would buy again.",5,2023-10-24,Yes,0,fantastic exactly what needed buy again,Positive,0.5574,Positive,2023-10
REV000582,HOM1681,Home & Kitchen,Vacuum Cleaner,"not as advertised, very frustrating purchase. Would not recommend to anyone.",1,2023-03-16,Yes,8,advertised frustrating purchase recommend anyone,Negative,-0.6489,Negative,2023-03
REV001170,CLO1006,Clothing,Cotton T-Shirt,"superb product, will definitely buy again. Fast shipping too!",5,2023-03-19,Yes,5,superb product definitely buy again fast shipping too,Positive,0.7959,Positive,2023-03
REV003195,BEA1541,Beauty,Hair Dryer,works flawlessly and looks even better in person. Would buy again.,4,2023-12-01,Yes,4,works flawlessly looks even better person buy again,Positive,0.5719,Positive,2023-12
REV002052,BEA1011,Beauty,Sunscreen SPF50,"this is fantastic, exactly what I needed. Fast shipping too!",5,2024-04-29,No,2,fantastic exactly what needed fast shipping too,Positive,0.5983,Positive,2024-04
REV003639,BEA1358,Beauty,Shampoo,"absolutely love this product, exceeded my expectations. Five stars from me.",4,2024-09-15,Yes,1,absolutely love product exceeded expectations five stars me,Positive,0.6697,Positive,2024-09
REV003200,BOO1617,Books,Cookbook,"gets the job done, nothing more nothing less.",3,2023-03-21,No,3,gets job done nothing more nothing less,Neutral,0.0,Neutral,2023-03
REV003083,SPO1702,Sports & Outdoors,Water Bottle,"regret buying this, quality is really bad. Wish I'd read reviews first.",1,2024-04-30,Yes,2,regret buying quality bad wish read reviews first,Negative,-0.5595,Negative,2024-04
REV002987,CLO1403,Clothing,Denim Jeans,"this is fantastic, exactly what I needed. Five stars from me.",4,2023-04-12,No,3,fantastic exactly what needed five stars me,Positive,0.5574,Positive,2023-04
REV003422,SPO1919,Sports & Outdoors,Water Bottle,"excellent build quality, arrived quickly and works great. My whole family loves it.",4,2024-05-19,Yes,3,excellent build quality arrived quickly works great whole family loves,Positive,0.91,Positive,2024-05
REV002893,HOM1859,Home & Kitchen,Non-Stick Pan Set,"absolutely love this product, exceeded my expectations. Fast shipping too!",5,2024-01-09,Yes,4,absolutely love product exceeded expectations fast shipping too,Positive,0.6989,Positive,2024-01
REV002867,BEA1001,Beauty,Lip Balm Set,"very satisfied, the quality exceeded what I paid for. Would buy again.",5,2024-08-21,No,0,satisfied quality exceeded what paid buy again,Positive,0.4754,Positive,2024-08
REV003254,SPO1559,Sports & Outdoors,Yoga Mat,"poor quality, not worth the money at all. Wish I'd read reviews first.",2,2024-10-27,Yes,11,poor quality worth money all wish read reviews first,Negative,-0.2654,Negative,2024-10
REV000038,CLO1225,Clothing,Winter Jacket,"amazing value for the price, very happy with this purchase. Would buy again.",5,2023-12-21,Yes,12,amazing value price happy purchase buy again,Positive,0.8805,Positive,2023-12
REV001365,SPO1676,Sports & Outdoors,Water Bottle,"it's okay, does the job but nothing special. Might update this review later.",3,2023-03-14,Yes,2,okay job nothing special might update review later,Negative,-0.3479,Neutral,2023-03
REV002295,ELE1505,Electronics,Laptop Stand,"great quality and works perfectly, highly recommend. Fast shipping too!   <br>  ",5,2023-06-06,Yes,0,great quality works perfectly highly recommend fast shipping too,Positive,0.9078,Positive,2023-06
REV003707,ELE1503,Electronics,Laptop Stand,works flawlessly and looks even better in person. Fast shipping too!,5,2023-01-27,No,15,works flawlessly looks even better person fast shipping too,Positive,0.6114,Positive,2023-01
REV000011,ELE1726,Electronics,Laptop Stand,"very disappointed, stopped working after a few days. Would not recommend to anyone.",2,2023-09-07,No,6,disappointed stopped working after few days recommend anyone,Negative,-0.7705,Negative,2023-09
REV000058,BOO1279,Books,Mystery Novel,perfect fit and great customer service too. Five stars from me.,5,2024-11-01,No,9,perfect fit great customer service too five stars me,Positive,0.8834,Positive,2024-11
REV002815,ELE1398,Electronics,Bluetooth Speaker,"amazing value for the price, very happy with this purchase. Would buy again.",5,2024-08-23,Yes,0,amazing value price happy purchase buy again,Positive,0.8805,Positive,2024-08
REV003024,HOM1763,Home & Kitchen,Non-Stick Pan Set,"gets the job done, nothing more nothing less. Still testing it out.",3,2023-09-23,Yes,0,gets job done nothing more nothing less still testing out,Neutral,0.0,Neutral,2023-09
REV001115,CLO1062,Clothing,Winter Jacket,"average product, met basic expectations. We'll see how it holds up.",3,2023-11-26,Yes,2,average product met basic expectations ll see how holds up,Neutral,0.0,Neutral,2023-11
REV002698,BOO1696,Books,Sci-Fi Trilogy,"gets the job done, nothing more nothing less. Might update this review later.",3,2023-07-12,Yes,0,gets job done nothing more nothing less might update review later,Neutral,0.0,Neutral,2023-07
REV002130,CLO1182,Clothing,Denim Jeans,"amazing value for the price, very happy with this purchase. Fast shipping too!",5,2024-04-02,Yes,4,amazing value price happy purchase fast shipping too,Positive,0.8881,Positive,2024-04
REV003402,BEA1150,Beauty,Lip Balm Set,"not bad, not great, just an average item. We'll see how it holds up.",3,2024-08-28,Yes,0,bad great average item ll see how holds up,Positive,0.6754,Neutral,2024-08
REV000053,CLO1807,Clothing,Denim Jeans,"this is fantastic, exactly what I needed.",5,2024-01-19,Yes,2,fantastic exactly what needed,Positive,0.5574,Positive,2024-01
REV003054,BOO1217,Books,Business Book,perfect fit and great customer service too. Would buy again.,5,2024-08-01,Yes,0,perfect fit great customer service too buy again,Positive,0.8834,Positive,2024-08
REV003818,SPO1228,Sports & Outdoors,Water Bottle,"excellent build quality, arrived quickly and works great. Fast shipping too!",5,2024-11-29,Yes,9,excellent build quality arrived quickly works great fast shipping too,Positive,0.8439,Positive,2024-11
REV002966,CLO1452,Clothing,Cotton T-Shirt,perfect fit and great customer service too. Five stars from me.,5,2024-10-25,Yes,2,perfect fit great customer service too five stars me,Positive,0.8834,Positive,2024-10
REV000034,CLO1134,Clothing,Denim Jeans,"does not match the description, quite misleading.",2,2024-03-16,Yes,2,match description quite misleading,Negative,-0.4576,Negative,2024-03
REV002503,BOO1989,Books,Mystery Novel,"broke within a week, waste of money. Would not recommend to anyone.",1,2023-01-31,Yes,2,broke within week waste money recommend anyone,Negative,-0.7724,Negative,2023-01
REV001600,BEA1347,Beauty,Shampoo,"absolutely love this product, exceeded my expectations.",5,2023-08-31,Yes,11,absolutely love product exceeded expectations,Positive,0.6697,Positive,2023-08
REV002761,SPO1149,Sports & Outdoors,Hiking Backpack,"outstanding performance, worth every penny.",5,2024-11-06,Yes,6,outstanding performance worth every penny,Positive,0.7096,Positive,2024-11
REV001975,CLO1532,Clothing,Cotton T-Shirt,"excellent build quality, arrived quickly and works great. Fast shipping too!",5,2024-01-19,Yes,5,excellent build quality arrived quickly works great fast shipping too,Positive,0.8439,Positive,2024-01
REV000350,HOM1044,Home & Kitchen,Coffee Maker,"absolutely love this product, exceeded my expectations.",5,2024-11-09,Yes,2,absolutely love product exceeded expectations,Positive,0.6697,Positive,2024-11
REV000434,BOO1516,Books,Sci-Fi Trilogy,"it's okay, does the job but nothing special. Still testing it out.",3,2024-08-15,Yes,2,okay job nothing special still testing out,Negative,-0.3479,Neutral,2024-08
REV002419,CLO1353,Clothing,Winter Jacket,works flawlessly and looks even better in person. Five stars from me.   <br>  ,4,2023-12-03,Yes,3,works flawlessly looks even better person five stars me,Positive,0.5719,Positive,2023-12
REV003304,BOO1291,Books,Sci-Fi Trilogy,"decent for the price, but not amazing. We'll see how it holds up.",3,2023-11-03,Yes,1,decent price amazing ll see how holds up,Negative,-0.6259,Neutral,2023-11
REV003475,HOM1147,Home & Kitchen,Vacuum Cleaner,acceptable quality for casual use.,3,2023-05-22,Yes,0,acceptable quality casual use,Positive,0.4767,Neutral,2023-05
REV000280,HOM1677,Home & Kitchen,Vacuum Cleaner,"very satisfied, the quality exceeded what I paid for. Five stars from me.",5,2024-03-30,No,7,satisfied quality exceeded what paid five stars me,Positive,0.4754,Positive,2024-03
REV003405,BOO1243,Books,Sci-Fi Trilogy,"average product, met basic expectations. Might update this review later.",3,2024-10-10,Yes,1,average product met basic expectations might update review later,Neutral,0.0,Neutral,2024-10
REV001777,BOO1174,Books,Sci-Fi Trilogy,"terrible experience, item arrived damaged. Very frustrating.",2,2023-07-18,No,0,terrible experience item arrived damaged frustrating,Negative,-0.8479,Negative,2023-07
REV001899,HOM1524,Home & Kitchen,Air Fryer,"absolutely love this product, exceeded my expectations. Five stars from me.",5,2024-09-14,Yes,2,absolutely love product exceeded expectations five stars me,Positive,0.6697,Positive,2024-09
REV001935,BOO1377,Books,Business Book,"this is fantastic, exactly what I needed.",5,2023-06-14,Yes,2,fantastic exactly what needed,Positive,0.5574,Positive,2023-06
REV002099,ELE1158,Electronics,Wireless Earbuds,"absolutely love this product, exceeded my expectations. Five stars from me.",5,2024-03-20,Yes,1,absolutely love product exceeded expectations five stars me,Positive,0.6697,Positive,2024-03
REV002539,BEA1845,Beauty,Hair Dryer,"absolutely love this product, exceeded my expectations. Five stars from me.",5,2023-04-27,Yes,0,absolutely love product exceeded expectations five stars me,Positive,0.6697,Positive,2023-04
REV001844,ELE1724,Electronics,Wireless Earbuds,"decent for the price, but not amazing.",3,2024-08-23,Yes,1,decent price amazing,Negative,-0.6259,Neutral,2024-08
REV003784,BEA1186,Beauty,Hair Dryer,works flawlessly and looks even better in person.,5,2024-10-03,Yes,0,works flawlessly looks even better person,Positive,0.5719,Positive,2024-10
REV001713,BOO1350,Books,Self-Help Guide,works flawlessly and looks even better in person.,5,2023-05-10,No,6,works flawlessly looks even better person,Positive,0.5719,Positive,2023-05
REV003065,CLO1643,Clothing,Winter Jacket,"this is fantastic, exactly what I needed. Five stars from me.   <br>  ",5,2023-04-19,No,0,fantastic exactly what needed five stars me,Positive,0.5574,Positive,2023-04
REV002703,ELE1718,Electronics,Bluetooth Speaker,"average product, met basic expectations.",3,2023-11-23,Yes,0,average product met basic expectations,Neutral,0.0,Neutral,2023-11
REV001926,BOO1051,Books,Business Book,"reasonable quality, similar to other products in this range.",3,2024-02-22,Yes,0,reasonable quality similar other products range,Neutral,0.0,Neutral,2024-02
REV002174,BEA1852,Beauty,Face Moisturizer,"excellent build quality, arrived quickly and works great. My whole family loves it.",5,2024-05-03,Yes,0,excellent build quality arrived quickly works great whole family loves,Positive,0.91,Positive,2024-05
REV003579,BOO1289,Books,Cookbook,acceptable quality for casual use.,3,2024-04-19,Yes,0,acceptable quality casual use,Positive,0.4767,Neutral,2024-04
REV001317,CLO1096,Clothing,Yoga Pants,works flawlessly and looks even better in person. Would buy again.,4,2024-03-14,Yes,0,works flawlessly looks even better person buy again,Positive,0.5719,Positive,2024-03
REV002862,BEA1776,Beauty,Hair Dryer,works flawlessly and looks even better in person. Fast shipping too!,4,2023-05-24,No,1,works flawlessly looks even better person fast shipping too,Positive,0.6114,Positive,2023-05
REV000702,CLO1419,Clothing,Cotton T-Shirt,"great quality and works perfectly, highly recommend.",5,2023-11-16,Yes,1,great quality works perfectly highly recommend,Positive,0.902,Positive,2023-11
REV002416,BEA1634,Beauty,Lip Balm Set,"great quality and works perfectly, highly recommend. Fast shipping too!",4,2023-08-28,Yes,7,great quality works perfectly highly recommend fast shipping too,Positive,0.9078,Positive,2023-08
REV003401,SPO1616,Sports & Outdoors,Yoga Mat,perfect fit and great customer service too. My whole family loves it.,4,2023-09-29,Yes,0,perfect fit great customer service too whole family loves,Positive,0.9325,Positive,2023-09
REV002337,HOM1720,Home & Kitchen,Blender,"outstanding performance, worth every penny. My whole family loves it.",4,2023-10-24,Yes,2,outstanding performance worth every penny whole family loves,Positive,0.8625,Positive,2023-10
REV003256,HOM1419,Home & Kitchen,Non-Stick Pan Set,"terrible experience, item arrived damaged. Very frustrating.",1,2023-09-27,Yes,5,terrible experience item arrived damaged frustrating,Negative,-0.8479,Negative,2023-09
REV001892,BEA1446,Beauty,Face Moisturizer,acceptable quality for casual use. Still testing it out.,3,2024-05-30,Yes,0,acceptable quality casual use still testing out,Positive,0.4767,Neutral,2024-05
REV003992,BOO1472,Books,Sci-Fi Trilogy,"broke within a week, waste of money. Wish I'd read reviews first.",1,2024-10-09,Yes,0,broke within week waste money wish read reviews first,Negative,-0.4404,Negative,2024-10
REV002022,CLO1080,Clothing,Cotton T-Shirt,"amazing value for the price, very happy with this purchase. Five stars from me.",5,2024-05-21,Yes,0,amazing value price happy purchase five stars me,Positive,0.8805,Positive,2024-05
REV003002,BEA1113,Beauty,Sunscreen SPF50,"great quality and works perfectly, highly recommend. Would buy again.",5,2023-07-28,Yes,3,great quality works perfectly highly recommend buy again,Positive,0.902,Positive,2023-07
REV001040,CLO1780,Clothing,Cotton T-Shirt,"outstanding performance, worth every penny. Would buy again.",4,2023-03-02,Yes,2,outstanding performance worth every penny buy again,Positive,0.7096,Positive,2023-03
REV001461,BEA1658,Beauty,Sunscreen SPF50,works flawlessly and looks even better in person. My whole family loves it.,5,2024-02-09,No,0,works flawlessly looks even better person whole family loves,Positive,0.8126,Positive,2024-02
REV001551,HOM1607,Home & Kitchen,Vacuum Cleaner,"reasonable quality, similar to other products in this range.",3,2023-06-27,Yes,0,reasonable quality similar other products range,Neutral,0.0,Neutral,2023-06
REV002666,SPO1370,Sports & Outdoors,Resistance Bands,"outstanding performance, worth every penny. Five stars from me.",5,2023-05-22,Yes,9,outstanding performance worth every penny five stars me,Positive,0.7096,Positive,2023-05
REV000412,HOM1811,Home & Kitchen,Non-Stick Pan Set,"does what it says, no major complaints.",3,2023-09-16,No,0,what says major complaints,Positive,0.0903,Neutral,2023-09
REV003891,ELE1755,Electronics,Wireless Earbuds,"it's fine, though the packaging could be better. We'll see how it holds up.",3,2024-10-20,Yes,0,fine though packaging better ll see how holds up,Positive,0.5719,Neutral,2024-10
REV002654,BEA1825,Beauty,Shampoo,"very satisfied, the quality exceeded what I paid for. Fast shipping too!",4,2023-10-28,No,2,satisfied quality exceeded what paid fast shipping too,Positive,0.5244,Positive,2023-10
REV000749,CLO1132,Clothing,Winter Jacket,"reasonable quality, similar to other products in this range. We'll see how it holds up.",3,2024-09-13,Yes,0,reasonable quality similar other products range ll see how holds up,Neutral,0.0,Neutral,2024-09
REV003888,BEA1427,Beauty,Hair Dryer,"this is fantastic, exactly what I needed. Would buy again.",4,2023-03-04,Yes,7,fantastic exactly what needed buy again,Positive,0.5574,Positive,2023-03
REV002812,ELE1750,Electronics,Bluetooth Speaker,"very satisfied, the quality exceeded what I paid for.",5,2024-10-16,Yes,7,satisfied quality exceeded what paid,Positive,0.4754,Positive,2024-10
REV002599,BEA1400,Beauty,Shampoo,"it's okay, does the job but nothing special. Still testing it out.",3,2024-04-19,Yes,0,okay job nothing special still testing out,Negative,-0.3479,Neutral,2024-04
REV003562,HOM1474,Home & Kitchen,Air Fryer,"average product, met basic expectations.",3,2024-02-25,Yes,0,average product met basic expectations,Neutral,0.0,Neutral,2024-02
REV001696,SPO1260,Sports & Outdoors,Water Bottle,"it's fine, though the packaging could be better. Still testing it out.",3,2024-08-22,No,1,fine though packaging better still testing out,Positive,0.5719,Neutral,2024-08
REV003838,CLO1554,Clothing,Winter Jacket,"superb product, will definitely buy again. Would buy again.",4,2024-11-12,No,0,superb product definitely buy again buy again,Positive,0.7783,Positive,2024-11
REV003998,ELE1114,Electronics,Wireless Earbuds,"decent for the price, but not amazing. We'll see how it holds up.",3,2024-12-23,No,1,decent price amazing ll see how holds up,Negative,-0.6259,Neutral,2024-12
REV003288,HOM1091,Home & Kitchen,Non-Stick Pan Set,"very satisfied, the quality exceeded what I paid for. Would buy again.",5,2024-05-25,Yes,6,satisfied quality exceeded what paid buy again,Positive,0.4754,Positive,2024-05
REV002137,SPO1698,Sports & Outdoors,Hiking Backpack,perfect fit and great customer service too. Five stars from me.   <br>  ,5,2023-12-25,Yes,10,perfect fit great customer service too five stars me,Positive,0.8834,Positive,2023-12
REV002485,CLO1658,Clothing,Yoga Pants,"amazing value for the price, very happy with this purchase. Five stars from me.   <br>  ",5,2024-07-08,Yes,4,amazing value price happy purchase five stars me,Positive,0.8805,Positive,2024-07
REV002627,HOM1351,Home & Kitchen,Coffee Maker,"does what it says, no major complaints.",3,2023-05-11,Yes,1,what says major complaints,Positive,0.0903,Neutral,2023-05
REV000572,BEA1137,Beauty,Sunscreen SPF50,"this is fantastic, exactly what I needed.",5,2024-11-06,Yes,0,fantastic exactly what needed,Positive,0.5574,Positive,2024-11
REV002845,CLO1205,Clothing,Cotton T-Shirt,"very satisfied, the quality exceeded what I paid for. Fast shipping too!",4,2024-02-20,Yes,2,satisfied quality exceeded what paid fast shipping too,Positive,0.5244,Positive,2024-02
REV003056,BEA1920,Beauty,Sunscreen SPF50,"this is fantastic, exactly what I needed. My whole family loves it.",5,2024-11-16,No,1,fantastic exactly what needed whole family loves,Positive,0.8074,Positive,2024-11
REV001005,HOM1231,Home & Kitchen,Air Fryer,"this is fantastic, exactly what I needed. Fast shipping too!   <br>  ",5,2023-03-18,Yes,0,fantastic exactly what needed fast shipping too,Positive,0.5983,Positive,2023-03
REV001999,SPO1649,Sports & Outdoors,Yoga Mat,works flawlessly and looks even better in person. Five stars from me.,4,2024-07-02,Yes,1,works flawlessly looks even better person five stars me,Positive,0.5719,Positive,2024-07
REV001868,BOO1868,Books,Mystery Novel,perfect fit and great customer service too.,5,2023-12-27,Yes,0,perfect fit great customer service too,Positive,0.8834,Positive,2023-12
REV000923,SPO1543,Sports & Outdoors,Hiking Backpack,"average product, met basic expectations. We'll see how it holds up.",3,2023-07-02,No,0,average product met basic expectations ll see how holds up,Neutral,0.0,Neutral,2023-07
REV000232,HOM1415,Home & Kitchen,Vacuum Cleaner,"gets the job done, nothing more nothing less. Might update this review later.   <br>  ",3,2024-05-07,No,0,gets job done nothing more nothing less might update review later,Neutral,0.0,Neutral,2024-05
REV002472,SPO1307,Sports & Outdoors,Hiking Backpack,"great quality and works perfectly, highly recommend.",5,2023-08-05,Yes,3,great quality works perfectly highly recommend,Positive,0.902,Positive,2023-08
REV001765,SPO1185,Sports & Outdoors,Water Bottle,"regret buying this, quality is really bad. Asked for a refund.",2,2024-02-22,Yes,2,regret buying quality bad asked refund,Negative,-0.7645,Negative,2024-02
REV003706,ELE1928,Electronics,Smartwatch,works flawlessly and looks even better in person. Five stars from me.,5,2024-05-03,No,2,works flawlessly looks even better person five stars me,Positive,0.5719,Positive,2024-05
REV003781,BEA1181,Beauty,Face Moisturizer,"outstanding performance, worth every penny. Would buy again.",5,2024-06-15,Yes,5,outstanding performance worth every penny buy again,Positive,0.7096,Positive,2024-06
REV001577,SPO1254,Sports & Outdoors,Resistance Bands,acceptable quality for casual use. Still testing it out.,3,2024-05-06,Yes,0,acceptable quality casual use still testing out,Positive,0.4767,Neutral,2024-05
REV003233,CLO1317,Clothing,Cotton T-Shirt,perfect fit and great customer service too. Five stars from me.,5,2024-09-03,Yes,10,perfect fit great customer service too five stars me,Positive,0.8834,Positive,2024-09
REV003519,ELE1067,Electronics,Wireless Earbuds,"this is fantastic, exactly what I needed.",4,2024-07-08,Yes,2,fantastic exactly what needed,Positive,0.5574,Positive,2024-07
REV001035,SPO1347,Sports & Outdoors,Yoga Mat,works flawlessly and looks even better in person.   <br>  ,5,2023-10-29,Yes,8,works flawlessly looks even better person,Positive,0.5719,Positive,2023-10
REV000346,CLO1842,Clothing,Cotton T-Shirt,"absolutely love this product, exceeded my expectations. My whole family loves it.",5,2023-08-27,Yes,1,absolutely love product exceeded expectations whole family loves,Positive,0.8479,Positive,2023-08
REV000924,ELE1191,Electronics,Smartwatch,"does not match the description, quite misleading.",2,2024-05-18,No,7,match description quite misleading,Negative,-0.4576,Negative,2024-05
REV000172,CLO1299,Clothing,Running Shoes,"this is fantastic, exactly what I needed. Would buy again.",4,2023-05-27,Yes,0,fantastic exactly what needed buy again,Positive,0.5574,Positive,2023-05
REV002489,ELE1034,Electronics,Laptop Stand,"superb product, will definitely buy again.",5,2024-11-19,Yes,1,superb product definitely buy again,Positive,0.7783,Positive,2024-11
REV002009,CLO1701,Clothing,Winter Jacket,"terrible experience, item arrived damaged. Would not recommend to anyone.",1,2024-11-05,Yes,2,terrible experience item arrived damaged recommend anyone,Negative,-0.797,Negative,2024-11
REV000262,CLO1132,Clothing,Cotton T-Shirt,"does not match the description, quite misleading. Asked for a refund.",1,2024-05-17,Yes,5,match description quite misleading asked refund,Negative,-0.4576,Negative,2024-05
REV000568,ELE1258,Electronics,Wireless Earbuds,"very satisfied, the quality exceeded what I paid for. My whole family loves it.",5,2024-04-15,Yes,2,satisfied quality exceeded what paid whole family loves,Positive,0.7778,Positive,2024-04
REV000886,CLO1623,Clothing,Running Shoes,"gets the job done, nothing more nothing less.",3,2023-06-20,Yes,0,gets job done nothing more nothing less,Neutral,0.0,Neutral,2023-06
REV001837,CLO1751,Clothing,Cotton T-Shirt,works flawlessly and looks even better in person. Five stars from me.,5,2023-02-20,Yes,1,works flawlessly looks even better person five stars me,Positive,0.5719,Positive,2023-02
REV003959,CLO1762,Clothing,Running Shoes,perfect fit and great customer service too.,4,2023-07-05,Yes,0,perfect fit great customer service too,Positive,0.8834,Positive,2023-07
REV001385,BEA1182,Beauty,Sunscreen SPF50,"absolutely love this product, exceeded my expectations. Fast shipping too!",4,2023-11-07,No,2,absolutely love product exceeded expectations fast shipping too,Positive,0.6989,Positive,2023-11
REV002945,SPO1023,Sports & Outdoors,Camping Tent,"absolutely love this product, exceeded my expectations. My whole family loves it.",5,2023-09-08,Yes,0,absolutely love product exceeded expectations whole family loves,Positive,0.8479,Positive,2023-09
REV001237,SPO1521,Sports & Outdoors,Hiking Backpack,"terrible experience, item arrived damaged. Wish I'd read reviews first.   <br>  ",1,2023-10-28,Yes,2,terrible experience item arrived damaged wish read reviews first,Negative,-0.5106,Negative,2023-10
REV000928,BEA1449,Beauty,Face Moisturizer,perfect fit and great customer service too. Fast shipping too!,4,2024-07-22,Yes,1,perfect fit great customer service too fast shipping too,Positive,0.8908,Positive,2024-07
REV000404,CLO1257,Clothing,Winter Jacket,"not bad, not great, just an average item. Still testing it out.",3,2023-06-20,Yes,0,bad great average item still testing out,Positive,0.6754,Neutral,2023-06
REV003014,ELE1602,Electronics,Power Bank,"excellent build quality, arrived quickly and works great. Fast shipping too!",5,2024-05-23,Yes,1,excellent build quality arrived quickly works great fast shipping too,Positive,0.8439,Positive,2024-05
REV000402,HOM1624,Home & Kitchen,Air Fryer,"superb product, will definitely buy again. Five stars from me.",4,2023-08-01,Yes,3,superb product definitely buy again five stars me,Positive,0.7783,Positive,2023-08
REV000837,BEA1696,Beauty,Lip Balm Set,"very satisfied, the quality exceeded what I paid for.",4,2023-03-07,Yes,7,satisfied quality exceeded what paid,Positive,0.4754,Positive,2023-03
REV001182,CLO1223,Clothing,Running Shoes,perfect fit and great customer service too. Five stars from me.,5,2023-11-30,No,0,perfect fit great customer service too five stars me,Positive,0.8834,Positive,2023-11
REV001179,BOO1749,Books,Self-Help Guide,arrived defective and customer support was unhelpful.,2,2024-04-14,No,1,arrived defective customer support unhelpful,Negative,-0.0516,Negative,2024-04
REV000020,CLO1146,Clothing,Running Shoes,"amazing value for the price, very happy with this purchase. Fast shipping too!",4,2024-09-16,Yes,0,amazing value price happy purchase fast shipping too,Positive,0.8881,Positive,2024-09
REV000591,ELE1401,Electronics,Smartwatch,"excellent build quality, arrived quickly and works great. Fast shipping too!",4,2023-09-28,Yes,5,excellent build quality arrived quickly works great fast shipping too,Positive,0.8439,Positive,2023-09
REV001326,SPO1303,Sports & Outdoors,Hiking Backpack,"not bad, not great, just an average item. Might update this review later.",3,2023-05-24,Yes,0,bad great average item might update review later,Positive,0.6754,Neutral,2023-05
REV001545,BOO1699,Books,Business Book,"does not match the description, quite misleading. Wish I'd read reviews first.",1,2023-06-01,Yes,5,match description quite misleading wish read reviews first,Neutral,-0.0038,Negative,2023-06
REV002573,ELE1182,Electronics,Wireless Earbuds,perfect fit and great customer service too. My whole family loves it.,4,2023-06-05,Yes,1,perfect fit great customer service too whole family loves,Positive,0.9325,Positive,2023-06
REV000629,BOO1522,Books,Self-Help Guide,"absolutely love this product, exceeded my expectations. Would buy again.",5,2023-07-08,Yes,1,absolutely love product exceeded expectations buy again,Positive,0.6697,Positive,2023-07
REV001678,BOO1382,Books,Sci-Fi Trilogy,"this is fantastic, exactly what I needed. Fast shipping too!",5,2024-02-23,Yes,1,fantastic exactly what needed fast shipping too,Positive,0.5983,Positive,2024-02
REV000701,HOM1969,Home & Kitchen,Blender,perfect fit and great customer service too. Would buy again.,5,2024-12-17,Yes,1,perfect fit great customer service too buy again,Positive,0.8834,Positive,2024-12
REV002467,BEA1421,Beauty,Sunscreen SPF50,"it's fine, though the packaging could be better. Still testing it out.",3,2024-07-24,Yes,1,fine though packaging better still testing out,Positive,0.5719,Neutral,2024-07
REV001469,CLO1391,Clothing,Cotton T-Shirt,"worst purchase I've made this year, do not recommend. Wish I'd read reviews first.",1,2023-04-27,No,9,worst purchase ve made year recommend wish read reviews first,Negative,-0.816,Negative,2023-04
REV001455,SPO1821,Sports & Outdoors,Camping Tent,"very satisfied, the quality exceeded what I paid for.",4,2024-02-24,Yes,1,satisfied quality exceeded what paid,Positive,0.4754,Positive,2024-02
REV001693,CLO1392,Clothing,Yoga Pants,"amazing value for the price, very happy with this purchase. Would buy again.",5,2024-01-03,Yes,0,amazing value price happy purchase buy again,Positive,0.8805,Positive,2024-01
REV002645,HOM1868,Home & Kitchen,Blender,"broke within a week, waste of money. Wish I'd read reviews first.",1,2024-06-09,No,0,broke within week waste money wish read reviews first,Negative,-0.4404,Negative,2024-06
REV002362,CLO1632,Clothing,Yoga Pants,"very satisfied, the quality exceeded what I paid for.",4,2024-02-04,Yes,1,satisfied quality exceeded what paid,Positive,0.4754,Positive,2024-02
REV003685,SPO1072,Sports & Outdoors,Resistance Bands,"absolutely love this product, exceeded my expectations. Would buy again.",4,2024-01-29,Yes,3,absolutely love product exceeded expectations buy again,Positive,0.6697,Positive,2024-01
REV000522,SPO1301,Sports & Outdoors,Camping Tent,"great quality and works perfectly, highly recommend. My whole family loves it.",5,2024-07-28,Yes,0,great quality works perfectly highly recommend whole family loves,Positive,0.9412,Positive,2024-07
REV003651,BEA1391,Beauty,Face Moisturizer,"superb product, will definitely buy again.",4,2024-11-02,Yes,10,superb product definitely buy again,Positive,0.7783,Positive,2024-11
REV001822,CLO1463,Clothing,Running Shoes,arrived defective and customer support was unhelpful. Wish I'd read reviews first.,2,2023-07-31,Yes,0,arrived defective customer support unhelpful wish read reviews first,Positive,0.3612,Negative,2023-07
REV001014,ELE1047,Electronics,Power Bank,"superb product, will definitely buy again. Fast shipping too!   <br>  ",5,2024-04-21,No,6,superb product definitely buy again fast shipping too,Positive,0.7959,Positive,2024-04
REV000734,SPO1772,Sports & Outdoors,Yoga Mat,"absolutely love this product, exceeded my expectations. Fast shipping too!",4,2024-09-05,Yes,7,absolutely love product exceeded expectations fast shipping too,Positive,0.6989,Positive,2024-09
REV001387,SPO1675,Sports & Outdoors,Water Bottle,"very satisfied, the quality exceeded what I paid for. Fast shipping too!",4,2024-02-09,Yes,1,satisfied quality exceeded what paid fast shipping too,Positive,0.5244,Positive,2024-02
REV002294,ELE1773,Electronics,Smartwatch,"gets the job done, nothing more nothing less. We'll see how it holds up.",3,2023-05-09,Yes,1,gets job done nothing more nothing less ll see how holds up,Neutral,0.0,Neutral,2023-05
REV003877,BEA1151,Beauty,Face Moisturizer,"poor quality, not worth the money at all.",2,2023-03-23,Yes,0,poor quality worth money all,Negative,-0.5812,Negative,2023-03
REV003298,HOM1384,Home & Kitchen,Blender,"amazing value for the price, very happy with this purchase. Fast shipping too!",5,2023-10-05,Yes,7,amazing value price happy purchase fast shipping too,Positive,0.8881,Positive,2023-10
REV001099,ELE1078,Electronics,Smartwatch,"very satisfied, the quality exceeded what I paid for. Would buy again.",5,2023-05-25,Yes,1,satisfied quality exceeded what paid buy again,Positive,0.4754,Positive,2023-05
REV003800,ELE1702,Electronics,Wireless Earbuds,"absolutely love this product, exceeded my expectations.",5,2023-10-25,Yes,3,absolutely love product exceeded expectations,Positive,0.6697,Positive,2023-10
REV000357,CLO1866,Clothing,Running Shoes,"terrible experience, item arrived damaged. Very frustrating.   <br>  ",2,2024-06-25,Yes,6,terrible experience item arrived damaged frustrating,Negative,-0.8479,Negative,2024-06
REV001042,SPO1632,Sports & Outdoors,Camping Tent,"great quality and works perfectly, highly recommend. Five stars from me.",4,2024-07-16,Yes,9,great quality works perfectly highly recommend five stars me,Positive,0.902,Positive,2024-07
REV001051,CLO1326,Clothing,Yoga Pants,"very satisfied, the quality exceeded what I paid for. Would buy again.",5,2024-09-05,Yes,0,satisfied quality exceeded what paid buy again,Positive,0.4754,Positive,2024-09
REV001785,SPO1423,Sports & Outdoors,Resistance Bands,"worst purchase I've made this year, do not recommend. Asked for a refund.",1,2024-02-08,Yes,1,worst purchase ve made year recommend asked refund,Negative,-0.7359,Negative,2024-02
REV002545,ELE1073,Electronics,Wireless Earbuds,"great quality and works perfectly, highly recommend. My whole family loves it.",5,2024-03-11,Yes,3,great quality works perfectly highly recommend whole family loves,Positive,0.9412,Positive,2024-03
REV000130,SPO1935,Sports & Outdoors,Camping Tent,"absolutely love this product, exceeded my expectations.",5,2024-05-19,Yes,19,absolutely love product exceeded expectations,Positive,0.6697,Positive,2024-05
REV000597,SPO1942,Sports & Outdoors,Water Bottle,perfect fit and great customer service too. Five stars from me.,5,2024-01-15,Yes,2,perfect fit great customer service too five stars me,Positive,0.8834,Positive,2024-01
REV000634,BEA1704,Beauty,Sunscreen SPF50,"excellent build quality, arrived quickly and works great.",4,2023-09-07,Yes,4,excellent build quality arrived quickly works great,Positive,0.8316,Positive,2023-09
REV003198,ELE1108,Electronics,Smartwatch,"works fine so far, will update if anything changes.",3,2024-01-11,Yes,0,works fine far update anything changes,Positive,0.2023,Neutral,2024-01
REV000219,CLO1171,Clothing,Cotton T-Shirt,"great quality and works perfectly, highly recommend. My whole family loves it.",5,2024-03-18,Yes,1,great quality works perfectly highly recommend whole family loves,Positive,0.9412,Positive,2024-03
REV003103,ELE1420,Electronics,Laptop Stand,"great quality and works perfectly, highly recommend. Would buy again.",4,2023-11-27,Yes,0,great quality works perfectly highly recommend buy again,Positive,0.902,Positive,2023-11
REV000339,ELE1876,Electronics,Power Bank,"regret buying this, quality is really bad. Very frustrating.   <br>  ",2,2023-03-07,Yes,2,regret buying quality bad frustrating,Negative,-0.8764,Negative,2023-03
REV001078,SPO1337,Sports & Outdoors,Hiking Backpack,"gets the job done, nothing more nothing less.",3,2023-01-08,Yes,1,gets job done nothing more nothing less,Neutral,0.0,Neutral,2023-01
REV001041,ELE1297,Electronics,Bluetooth Speaker,"decent for the price, but not amazing. Might update this review later.",3,2024-08-14,Yes,2,decent price amazing might update review later,Negative,-0.6259,Neutral,2024-08
REV000322,SPO1741,Sports & Outdoors,Yoga Mat,"this is fantastic, exactly what I needed. Five stars from me.",4,2024-05-26,No,5,fantastic exactly what needed five stars me,Positive,0.5574,Positive,2024-05
REV001869,BEA1099,Beauty,Sunscreen SPF50,works flawlessly and looks even better in person. Five stars from me.,5,2023-02-14,Yes,0,works flawlessly looks even better person five stars me,Positive,0.5719,Positive,2023-02
REV000421,BEA1875,Beauty,Shampoo,"regret buying this, quality is really bad.",2,2024-03-04,Yes,0,regret buying quality bad,Negative,-0.7645,Negative,2024-03
REV001910,CLO1578,Clothing,Winter Jacket,"superb product, will definitely buy again. Fast shipping too!",5,2024-12-26,Yes,0,superb product definitely buy again fast shipping too,Positive,0.7959,Positive,2024-12
REV002871,ELE1757,Electronics,Smartwatch,"amazing value for the price, very happy with this purchase.",5,2024-11-01,Yes,2,amazing value price happy purchase,Positive,0.8805,Positive,2024-11
REV002391,BOO1044,Books,Cookbook,"this is fantastic, exactly what I needed. My whole family loves it.",5,2024-06-01,No,7,fantastic exactly what needed whole family loves,Positive,0.8074,Positive,2024-06
REV002684,BOO1855,Books,Cookbook,perfect fit and great customer service too.,5,2023-04-24,No,1,perfect fit great customer service too,Positive,0.8834,Positive,2023-04
REV003749,BEA1751,Beauty,Hair Dryer,works flawlessly and looks even better in person. Five stars from me.,5,2023-11-09,Yes,2,works flawlessly looks even better person five stars me,Positive,0.5719,Positive,2023-11
REV003745,HOM1089,Home & Kitchen,Coffee Maker,"absolutely love this product, exceeded my expectations. Would buy again.",5,2024-06-08,Yes,1,absolutely love product exceeded expectations buy again,Positive,0.6697,Positive,2024-06
REV003487,BEA1336,Beauty,Hair Dryer,"great quality and works perfectly, highly recommend. My whole family loves it.",4,2024-11-23,Yes,3,great quality works perfectly highly recommend whole family loves,Positive,0.9412,Positive,2024-11
REV001752,HOM1752,Home & Kitchen,Vacuum Cleaner,"great quality and works perfectly, highly recommend. Would buy again.",5,2024-04-15,Yes,2,great quality works perfectly highly recommend buy again,Positive,0.902,Positive,2024-04
REV001666,ELE1002,Electronics,Bluetooth Speaker,"not bad, not great, just an average item. We'll see how it holds up.",3,2024-02-13,Yes,0,bad great average item ll see how holds up,Positive,0.6754,Neutral,2024-02
REV000879,ELE1195,Electronics,Laptop Stand,"does not match the description, quite misleading. Would not recommend to anyone.",2,2023-08-08,Yes,1,match description quite misleading recommend anyone,Negative,-0.6253,Negative,2023-08
REV001435,HOM1418,Home & Kitchen,Blender,"amazing value for the price, very happy with this purchase. Would buy again.",5,2023-12-04,Yes,0,amazing value price happy purchase buy again,Positive,0.8805,Positive,2023-12
REV002257,HOM1839,Home & Kitchen,Non-Stick Pan Set,"not as advertised, very frustrating purchase. Would not recommend to anyone.",2,2023-01-01,Yes,0,advertised frustrating purchase recommend anyone,Negative,-0.6489,Negative,2023-01
REV000563,CLO1245,Clothing,Running Shoes,"amazing value for the price, very happy with this purchase.",5,2024-01-04,No,3,amazing value price happy purchase,Positive,0.8805,Positive,2024-01
REV002261,HOM1578,Home & Kitchen,Vacuum Cleaner,acceptable quality for casual use.,3,2023-06-19,Yes,0,acceptable quality casual use,Positive,0.4767,Neutral,2023-06
REV002237,BEA1670,Beauty,Shampoo,"very satisfied, the quality exceeded what I paid for. My whole family loves it.",5,2024-06-21,Yes,1,satisfied quality exceeded what paid whole family loves,Positive,0.7778,Positive,2024-06
REV000795,SPO1207,Sports & Outdoors,Yoga Mat,"great quality and works perfectly, highly recommend. My whole family loves it.",4,2024-04-05,Yes,0,great quality works perfectly highly recommend whole family loves,Positive,0.9412,Positive,2024-04
REV001438,ELE1184,Electronics,Smartwatch,cheaply made and feels flimsy.   <br>  ,2,2023-01-02,Yes,19,cheaply made feels flimsy,Neutral,0.0,Negative,2023-01
REV001894,BOO1545,Books,Cookbook,"this is fantastic, exactly what I needed. Would buy again.",5,2024-02-08,Yes,3,fantastic exactly what needed buy again,Positive,0.5574,Positive,2024-02
REV002901,ELE1872,Electronics,Laptop Stand,"poor quality, not worth the money at all. Very frustrating.",2,2024-10-29,Yes,4,poor quality worth money all frustrating,Negative,-0.7881,Negative,2024-10
REV000936,BEA1454,Beauty,Shampoo,"terrible experience, item arrived damaged. Wish I'd read reviews first.",1,2023-06-19,Yes,0,terrible experience item arrived damaged wish read reviews first,Negative,-0.5106,Negative,2023-06
REV001557,CLO1659,Clothing,Denim Jeans,cheaply made and feels flimsy. Asked for a refund.,1,2023-06-19,Yes,1,cheaply made feels flimsy asked refund,Neutral,0.0,Negative,2023-06
REV002663,HOM1750,Home & Kitchen,Non-Stick Pan Set,"superb product, will definitely buy again. Fast shipping too!",5,2024-07-26,No,3,superb product definitely buy again fast shipping too,Positive,0.7959,Positive,2024-07
REV000283,CLO1546,Clothing,Winter Jacket,"does what it says, no major complaints. Might update this review later.",3,2024-04-22,No,0,what says major complaints might update review later,Positive,0.0903,Neutral,2024-04
REV001008,SPO1594,Sports & Outdoors,Yoga Mat,"does what it says, no major complaints.",3,2023-12-29,No,0,what says major complaints,Positive,0.0903,Neutral,2023-12
REV002770,HOM1966,Home & Kitchen,Air Fryer,"outstanding performance, worth every penny.",5,2024-05-09,Yes,0,outstanding performance worth every penny,Positive,0.7096,Positive,2024-05
REV000409,CLO1277,Clothing,Yoga Pants,"outstanding performance, worth every penny. Fast shipping too!",4,2024-05-28,Yes,1,outstanding performance worth every penny fast shipping too,Positive,0.7345,Positive,2024-05
REV000750,HOM1819,Home & Kitchen,Coffee Maker,"not bad, not great, just an average item. We'll see how it holds up.",3,2023-10-28,Yes,0,bad great average item ll see how holds up,Positive,0.6754,Neutral,2023-10
REV000086,CLO1673,Clothing,Yoga Pants,"great quality and works perfectly, highly recommend. My whole family loves it.",4,2024-07-14,Yes,2,great quality works perfectly highly recommend whole family loves,Positive,0.9412,Positive,2024-07
REV001148,BOO1674,Books,Self-Help Guide,"not as advertised, very frustrating purchase. Very frustrating.",2,2024-09-19,Yes,1,advertised frustrating purchase frustrating,Negative,-0.7496,Negative,2024-09
REV002072,BEA1078,Beauty,Sunscreen SPF50,perfect fit and great customer service too. Would buy again.,5,2024-09-14,No,0,perfect fit great customer service too buy again,Positive,0.8834,Positive,2024-09
REV001790,BOO1935,Books,Business Book,"this is fantastic, exactly what I needed. Fast shipping too!",4,2023-04-05,Yes,5,fantastic exactly what needed fast shipping too,Positive,0.5983,Positive,2023-04
REV001690,SPO1208,Sports & Outdoors,Camping Tent,"reasonable quality, similar to other products in this range. We'll see how it holds up.   <br>  ",3,2024-08-12,Yes,0,reasonable quality similar other products range ll see how holds up,Neutral,0.0,Neutral,2024-08
REV002251,SPO1573,Sports & Outdoors,Hiking Backpack,"does what it says, no major complaints. Might update this review later.",3,2024-12-12,Yes,1,what says major complaints might update review later,Positive,0.0903,Neutral,2024-12
REV002207,CLO1601,Clothing,Cotton T-Shirt,"great quality and works perfectly, highly recommend. Would buy again.",5,2023-01-16,Yes,2,great quality works perfectly highly recommend buy again,Positive,0.902,Positive,2023-01
REV001071,BOO1464,Books,Self-Help Guide,"average product, met basic expectations. Still testing it out.",3,2024-06-13,Yes,2,average product met basic expectations still testing out,Neutral,0.0,Neutral,2024-06
REV000028,BOO1134,Books,Cookbook,"amazing value for the price, very happy with this purchase. Would buy again.",5,2024-07-29,Yes,1,amazing value price happy purchase buy again,Positive,0.8805,Positive,2024-07
REV000644,SPO1111,Sports & Outdoors,Camping Tent,"reasonable quality, similar to other products in this range. Might update this review later.",3,2023-03-04,Yes,0,reasonable quality similar other products range might update review later,Neutral,0.0,Neutral,2023-03
REV000374,BOO1284,Books,Self-Help Guide,"superb product, will definitely buy again. Would buy again.",5,2024-04-30,Yes,1,superb product definitely buy again buy again,Positive,0.7783,Positive,2024-04
REV000729,SPO1972,Sports & Outdoors,Water Bottle,"terrible experience, item arrived damaged. Very frustrating.",1,2024-04-14,Yes,4,terrible experience item arrived damaged frustrating,Negative,-0.8479,Negative,2024-04
REV002848,ELE1813,Electronics,Laptop Stand,"superb product, will definitely buy again. My whole family loves it.",5,2024-06-06,Yes,1,superb product definitely buy again whole family loves,Positive,0.8885,Positive,2024-06
REV003675,CLO1452,Clothing,Running Shoes,"worst purchase I've made this year, do not recommend. Asked for a refund.   <br>  ",1,2024-06-13,No,0,worst purchase ve made year recommend asked refund,Negative,-0.7359,Negative,2024-06
REV002778,BEA1912,Beauty,Hair Dryer,"this is fantastic, exactly what I needed. Five stars from me.",5,2024-11-29,Yes,1,fantastic exactly what needed five stars me,Positive,0.5574,Positive,2024-11
REV002730,BOO1366,Books,Business Book,"absolutely love this product, exceeded my expectations. Would buy again.",5,2024-04-11,No,2,absolutely love product exceeded expectations buy again,Positive,0.6697,Positive,2024-04
REV002037,CLO1548,Clothing,Denim Jeans,works flawlessly and looks even better in person. Would buy again.,5,2024-04-18,Yes,0,works flawlessly looks even better person buy again,Positive,0.5719,Positive,2024-04
REV000093,HOM1860,Home & Kitchen,Vacuum Cleaner,"works fine so far, will update if anything changes. Still testing it out.",3,2023-02-15,Yes,0,works fine far update anything changes still testing out,Positive,0.2023,Neutral,2023-02
REV000624,ELE1122,Electronics,Wireless Earbuds,acceptable quality for casual use. Might update this review later.,3,2023-08-18,Yes,2,acceptable quality casual use might update review later,Positive,0.4767,Neutral,2023-08
REV000705,ELE1159,Electronics,Bluetooth Speaker,"it's okay, does the job but nothing special.",3,2023-08-11,Yes,2,okay job nothing special,Negative,-0.3479,Neutral,2023-08
REV000669,BEA1995,Beauty,Sunscreen SPF50,"outstanding performance, worth every penny. Fast shipping too!",5,2024-07-03,Yes,1,outstanding performance worth every penny fast shipping too,Positive,0.7345,Positive,2024-07
REV000777,ELE1896,Electronics,Smartwatch,"this is fantastic, exactly what I needed. Would buy again.",4,2023-07-01,No,0,fantastic exactly what needed buy again,Positive,0.5574,Positive,2023-07
REV002680,BEA1194,Beauty,Hair Dryer,"regret buying this, quality is really bad. Wish I'd read reviews first.",1,2024-01-09,Yes,4,regret buying quality bad wish read reviews first,Negative,-0.5595,Negative,2024-01
REV000383,CLO1462,Clothing,Yoga Pants,"this is fantastic, exactly what I needed.",4,2023-06-24,Yes,4,fantastic exactly what needed,Positive,0.5574,Positive,2023-06
REV000898,CLO1606,Clothing,Denim Jeans,perfect fit and great customer service too. Fast shipping too!,4,2024-01-05,Yes,3,perfect fit great customer service too fast shipping too,Positive,0.8908,Positive,2024-01
REV003982,BEA1507,Beauty,Shampoo,"does not match the description, quite misleading. Very frustrating.",1,2024-03-26,Yes,0,match description quite misleading frustrating,Negative,-0.7543,Negative,2024-03
REV000638,BOO1073,Books,Self-Help Guide,"absolutely love this product, exceeded my expectations. Fast shipping too!",5,2024-05-30,Yes,1,absolutely love product exceeded expectations fast shipping too,Positive,0.6989,Positive,2024-05
REV001982,ELE1630,Electronics,Power Bank,works flawlessly and looks even better in person. Fast shipping too!,5,2023-04-25,Yes,1,works flawlessly looks even better person fast shipping too,Positive,0.6114,Positive,2023-04
REV000164,BOO1883,Books,Mystery Novel,"it's fine, though the packaging could be better.",3,2024-10-14,Yes,1,fine though packaging better,Positive,0.5719,Neutral,2024-10
REV003343,HOM1316,Home & Kitchen,Blender,"broke within a week, waste of money. Would not recommend to anyone.",1,2023-01-07,Yes,8,broke within week waste money recommend anyone,Negative,-0.7724,Negative,2023-01
REV003186,BOO1392,Books,Cookbook,"great quality and works perfectly, highly recommend. Would buy again.",4,2023-01-13,No,2,great quality works perfectly highly recommend buy again,Positive,0.902,Positive,2023-01
REV001629,BEA1188,Beauty,Sunscreen SPF50,"outstanding performance, worth every penny.",5,2023-11-16,No,1,outstanding performance worth every penny,Positive,0.7096,Positive,2023-11
REV000540,ELE1491,Electronics,Bluetooth Speaker,works flawlessly and looks even better in person. Fast shipping too!,5,2023-01-13,Yes,7,works flawlessly looks even better person fast shipping too,Positive,0.6114,Positive,2023-01
REV002807,BEA1233,Beauty,Shampoo,"very disappointed, stopped working after a few days. Would not recommend to anyone.",1,2023-08-11,No,0,disappointed stopped working after few days recommend anyone,Negative,-0.7705,Negative,2023-08
REV003993,BEA1244,Beauty,Face Moisturizer,works flawlessly and looks even better in person. My whole family loves it.,4,2023-06-11,Yes,0,works flawlessly looks even better person whole family loves,Positive,0.8126,Positive,2023-06
REV000718,CLO1098,Clothing,Denim Jeans,"outstanding performance, worth every penny. Fast shipping too!",5,2024-11-07,Yes,7,outstanding performance worth every penny fast shipping too,Positive,0.7345,Positive,2024-11
REV002947,SPO1787,Sports & Outdoors,Water Bottle,"absolutely love this product, exceeded my expectations. Would buy again.",5,2023-02-06,Yes,2,absolutely love product exceeded expectations buy again,Positive,0.6697,Positive,2023-02
REV002852,BEA1650,Beauty,Sunscreen SPF50,"very satisfied, the quality exceeded what I paid for. Would buy again.",5,2024-04-22,Yes,3,satisfied quality exceeded what paid buy again,Positive,0.4754,Positive,2024-04
REV002047,BOO1258,Books,Business Book,"not bad, not great, just an average item. We'll see how it holds up.",3,2024-12-29,Yes,0,bad great average item ll see how holds up,Positive,0.6754,Neutral,2024-12
REV002865,SPO1184,Sports & Outdoors,Camping Tent,"decent for the price, but not amazing. Might update this review later.",3,2024-05-21,No,0,decent price amazing might update review later,Negative,-0.6259,Neutral,2024-05
REV003807,BEA1162,Beauty,Hair Dryer,"very satisfied, the quality exceeded what I paid for. Five stars from me.",5,2024-03-07,Yes,4,satisfied quality exceeded what paid five stars me,Positive,0.4754,Positive,2024-03
REV000850,BOO1454,Books,Sci-Fi Trilogy,"reasonable quality, similar to other products in this range.",3,2024-06-02,Yes,0,reasonable quality similar other products range,Neutral,0.0,Neutral,2024-06
REV003561,SPO1223,Sports & Outdoors,Hiking Backpack,"reasonable quality, similar to other products in this range. Might update this review later.",3,2024-07-12,Yes,0,reasonable quality similar other products range might update review later,Neutral,0.0,Neutral,2024-07
REV000129,CLO1765,Clothing,Winter Jacket,"poor quality, not worth the money at all. Wish I'd read reviews first.",1,2023-01-05,Yes,0,poor quality worth money all wish read reviews first,Negative,-0.2654,Negative,2023-01
REV000575,SPO1777,Sports & Outdoors,Water Bottle,"poor quality, not worth the money at all. Asked for a refund.",2,2024-05-27,Yes,4,poor quality worth money all asked refund,Negative,-0.5812,Negative,2024-05
REV003129,HOM1535,Home & Kitchen,Non-Stick Pan Set,"does not match the description, quite misleading. Wish I'd read reviews first.",1,2024-07-10,Yes,4,match description quite misleading wish read reviews first,Neutral,-0.0038,Negative,2024-07
REV001369,SPO1599,Sports & Outdoors,Camping Tent,"very satisfied, the quality exceeded what I paid for. Fast shipping too!",4,2023-01-07,No,0,satisfied quality exceeded what paid fast shipping too,Positive,0.5244,Positive,2023-01
REV003720,ELE1502,Electronics,Laptop Stand,"very satisfied, the quality exceeded what I paid for. Five stars from me.",4,2024-06-07,Yes,0,satisfied quality exceeded what paid five stars me,Positive,0.4754,Positive,2024-06
REV003756,SPO1969,Sports & Outdoors,Resistance Bands,"very disappointed, stopped working after a few days. Very frustrating.",1,2024-05-28,Yes,1,disappointed stopped working after few days frustrating,Negative,-0.83,Negative,2024-05
REV003134,HOM1622,Home & Kitchen,Non-Stick Pan Set,"amazing value for the price, very happy with this purchase. Would buy again.",4,2023-02-16,No,0,amazing value price happy purchase buy again,Positive,0.8805,Positive,2023-02
REV000142,BEA1756,Beauty,Face Moisturizer,"this is fantastic, exactly what I needed. Would buy again.",5,2024-08-29,No,1,fantastic exactly what needed buy again,Positive,0.5574,Positive,2024-08
REV002361,ELE1921,Electronics,Laptop Stand,"great quality and works perfectly, highly recommend. My whole family loves it.",5,2024-03-04,Yes,1,great quality works perfectly highly recommend whole family loves,Positive,0.9412,Positive,2024-03
REV001957,BOO1338,Books,Cookbook,"outstanding performance, worth every penny. My whole family loves it.",5,2023-05-03,Yes,6,outstanding performance worth every penny whole family loves,Positive,0.8625,Positive,2023-05
REV000479,BEA1307,Beauty,Hair Dryer,acceptable quality for casual use. Still testing it out.,3,2024-08-22,No,1,acceptable quality casual use still testing out,Positive,0.4767,Neutral,2024-08
REV001087,SPO1302,Sports & Outdoors,Water Bottle,"worst purchase I've made this year, do not recommend. Very frustrating.",2,2023-08-28,Yes,0,worst purchase ve made year recommend frustrating,Negative,-0.5555,Negative,2023-08
REV000881,CLO1172,Clothing,Denim Jeans,"absolutely love this product, exceeded my expectations. Would buy again.",5,2023-10-31,Yes,0,absolutely love product exceeded expectations buy again,Positive,0.6697,Positive,2023-10
REV001208,BEA1925,Beauty,Face Moisturizer,"works fine so far, will update if anything changes. Might update this review later.",3,2024-11-17,No,0,works fine far update anything changes might update review later,Positive,0.2023,Neutral,2024-11
REV001701,SPO1511,Sports & Outdoors,Camping Tent,"superb product, will definitely buy again. Would buy again.",4,2024-03-24,No,4,superb product definitely buy again buy again,Positive,0.7783,Positive,2024-03
REV002270,ELE1316,Electronics,Laptop Stand,"superb product, will definitely buy again.",5,2024-12-19,No,3,superb product definitely buy again,Positive,0.7783,Positive,2024-12
REV000948,ELE1951,Electronics,Bluetooth Speaker,"great quality and works perfectly, highly recommend. Would buy again.   <br>  ",4,2024-07-26,Yes,2,great quality works perfectly highly recommend buy again,Positive,0.902,Positive,2024-07
REV001700,SPO1217,Sports & Outdoors,Water Bottle,"regret buying this, quality is really bad.",2,2023-10-13,Yes,1,regret buying quality bad,Negative,-0.7645,Negative,2023-10
REV002307,SPO1118,Sports & Outdoors,Yoga Mat,"outstanding performance, worth every penny. Fast shipping too!",5,2023-01-27,No,0,outstanding performance worth every penny fast shipping too,Positive,0.7345,Positive,2023-01
REV001391,HOM1149,Home & Kitchen,Coffee Maker,cheaply made and feels flimsy. Asked for a refund.,2,2024-02-17,No,0,cheaply made feels flimsy asked refund,Neutral,0.0,Negative,2024-02
REV000436,CLO1577,Clothing,Running Shoes,"great quality and works perfectly, highly recommend. Would buy again.",5,2023-12-30,Yes,0,great quality works perfectly highly recommend buy again,Positive,0.902,Positive,2023-12
REV000724,CLO1348,Clothing,Winter Jacket,"amazing value for the price, very happy with this purchase. Would buy again.",5,2023-01-23,Yes,0,amazing value price happy purchase buy again,Positive,0.8805,Positive,2023-01
REV001241,ELE1382,Electronics,Laptop Stand,"not bad, not great, just an average item. We'll see how it holds up.",3,2023-07-13,Yes,0,bad great average item ll see how holds up,Positive,0.6754,Neutral,2023-07
REV000841,CLO1508,Clothing,Cotton T-Shirt,"it's okay, does the job but nothing special. Might update this review later.   <br>  ",3,2023-07-17,Yes,0,okay job nothing special might update review later,Negative,-0.3479,Neutral,2023-07
REV000064,SPO1965,Sports & Outdoors,Yoga Mat,cheaply made and feels flimsy. Asked for a refund.,1,2023-04-07,No,2,cheaply made feels flimsy asked refund,Neutral,0.0,Negative,2023-04
REV002546,SPO1170,Sports & Outdoors,Water Bottle,works flawlessly and looks even better in person. My whole family loves it.,5,2024-05-04,Yes,1,works flawlessly looks even better person whole family loves,Positive,0.8126,Positive,2024-05
REV000174,CLO1734,Clothing,Running Shoes,"superb product, will definitely buy again. My whole family loves it.",5,2023-01-19,Yes,0,superb product definitely buy again whole family loves,Positive,0.8885,Positive,2023-01
REV000337,HOM1296,Home & Kitchen,Air Fryer,"does what it says, no major complaints. We'll see how it holds up.   <br>  ",3,2024-11-06,Yes,1,what says major complaints ll see how holds up,Positive,0.0903,Neutral,2024-11
REV001038,HOM1239,Home & Kitchen,Non-Stick Pan Set,"very disappointed, stopped working after a few days. Asked for a refund.",1,2024-12-04,Yes,0,disappointed stopped working after few days asked refund,Negative,-0.6779,Negative,2024-12
REV000354,CLO1750,Clothing,Running Shoes,"this is fantastic, exactly what I needed. Fast shipping too!",5,2023-04-27,Yes,7,fantastic exactly what needed fast shipping too,Positive,0.5983,Positive,2023-04
REV002567,SPO1453,Sports & Outdoors,Water Bottle,works flawlessly and looks even better in person.,4,2023-02-27,Yes,0,works flawlessly looks even better person,Positive,0.5719,Positive,2023-02
REV003988,BOO1191,Books,Sci-Fi Trilogy,"it's fine, though the packaging could be better. Still testing it out.",3,2024-03-27,Yes,0,fine though packaging better still testing out,Positive,0.5719,Neutral,2024-03
REV000769,BOO1376,Books,Mystery Novel,"works fine so far, will update if anything changes.",3,2024-08-20,Yes,0,works fine far update anything changes,Positive,0.2023,Neutral,2024-08
REV000153,HOM1539,Home & Kitchen,Coffee Maker,perfect fit and great customer service too. Five stars from me.,5,2024-08-19,Yes,4,perfect fit great customer service too five stars me,Positive,0.8834,Positive,2024-08
REV003654,SPO1188,Sports & Outdoors,Hiking Backpack,"does what it says, no major complaints. Might update this review later.",3,2024-03-04,No,0,what says major complaints might update review later,Positive,0.0903,Neutral,2024-03
REV003404,SPO1838,Sports & Outdoors,Hiking Backpack,works flawlessly and looks even better in person. Fast shipping too!,5,2023-05-27,Yes,0,works flawlessly looks even better person fast shipping too,Positive,0.6114,Positive,2023-05
REV002193,BOO1813,Books,Business Book,"very satisfied, the quality exceeded what I paid for. My whole family loves it.   <br>  ",5,2024-11-06,Yes,5,satisfied quality exceeded what paid whole family loves,Positive,0.7778,Positive,2024-11
REV000403,BEA1699,Beauty,Sunscreen SPF50,"excellent build quality, arrived quickly and works great.",4,2024-02-28,No,4,excellent build quality arrived quickly works great,Positive,0.8316,Positive,2024-02
REV000458,BOO1757,Books,Cookbook,cheaply made and feels flimsy.,1,2023-03-10,Yes,3,cheaply made feels flimsy,Neutral,0.0,Negative,2023-03
REV000161,SPO1388,Sports & Outdoors,Water Bottle,"outstanding performance, worth every penny.",4,2024-05-05,Yes,0,outstanding performance worth every penny,Positive,0.7096,Positive,2024-05
REV003471,BOO1229,Books,Sci-Fi Trilogy,"superb product, will definitely buy again.",5,2023-06-17,Yes,2,superb product definitely buy again,Positive,0.7783,Positive,2023-06
REV000364,ELE1302,Electronics,Bluetooth Speaker,"gets the job done, nothing more nothing less. Might update this review later.",3,2024-03-07,Yes,1,gets job done nothing more nothing less might update review later,Neutral,0.0,Neutral,2024-03
REV000452,ELE1257,Electronics,Wireless Earbuds,"very satisfied, the quality exceeded what I paid for. Five stars from me.",4,2023-09-02,Yes,0,satisfied quality exceeded what paid five stars me,Positive,0.4754,Positive,2023-09
REV000922,ELE1497,Electronics,Bluetooth Speaker,perfect fit and great customer service too. My whole family loves it.,4,2023-08-26,Yes,2,perfect fit great customer service too whole family loves,Positive,0.9325,Positive,2023-08
REV003733,BOO1559,Books,Sci-Fi Trilogy,"works fine so far, will update if anything changes.",3,2024-07-01,Yes,0,works fine far update anything changes,Positive,0.2023,Neutral,2024-07
REV000685,SPO1398,Sports & Outdoors,Resistance Bands,"great quality and works perfectly, highly recommend. Five stars from me.   <br>  ",5,2024-09-03,Yes,4,great quality works perfectly highly recommend five stars me,Positive,0.902,Positive,2024-09
REV003318,ELE1236,Electronics,Power Bank,"great quality and works perfectly, highly recommend. Would buy again.   <br>  ",5,2023-03-18,Yes,1,great quality works perfectly highly recommend buy again,Positive,0.902,Positive,2023-03
REV002243,ELE1686,Electronics,Bluetooth Speaker,"amazing value for the price, very happy with this purchase. My whole family loves it.",4,2024-05-05,Yes,2,amazing value price happy purchase whole family loves,Positive,0.9312,Positive,2024-05
REV001744,HOM1668,Home & Kitchen,Non-Stick Pan Set,"amazing value for the price, very happy with this purchase. Would buy again.",5,2023-09-29,Yes,4,amazing value price happy purchase buy again,Positive,0.8805,Positive,2023-09
REV003459,HOM1439,Home & Kitchen,Vacuum Cleaner,"excellent build quality, arrived quickly and works great. Would buy again.",5,2024-02-29,No,0,excellent build quality arrived quickly works great buy again,Positive,0.8316,Positive,2024-02
REV003823,ELE1162,Electronics,Power Bank,"absolutely love this product, exceeded my expectations. Would buy again.",4,2023-09-15,No,1,absolutely love product exceeded expectations buy again,Positive,0.6697,Positive,2023-09
REV001585,HOM1261,Home & Kitchen,Blender,"great quality and works perfectly, highly recommend. Would buy again.",4,2024-09-06,Yes,1,great quality works perfectly highly recommend buy again,Positive,0.902,Positive,2024-09
REV000732,ELE1259,Electronics,Smartwatch,cheaply made and feels flimsy.,2,2023-10-24,Yes,4,cheaply made feels flimsy,Neutral,0.0,Negative,2023-10
REV001348,BEA1227,Beauty,Shampoo,cheaply made and feels flimsy.,2,2024-08-01,Yes,10,cheaply made feels flimsy,Neutral,0.0,Negative,2024-08
REV001618,ELE1527,Electronics,Power Bank,"not as advertised, very frustrating purchase. Very frustrating.",1,2023-10-04,Yes,1,advertised frustrating purchase frustrating,Negative,-0.7496,Negative,2023-10
REV001885,CLO1310,Clothing,Denim Jeans,"terrible experience, item arrived damaged. Wish I'd read reviews first.",2,2023-11-13,Yes,2,terrible experience item arrived damaged wish read reviews first,Negative,-0.5106,Negative,2023-11
REV000710,CLO1396,Clothing,Winter Jacket,works flawlessly and looks even better in person. Would buy again.,5,2023-09-15,No,0,works flawlessly looks even better person buy again,Positive,0.5719,Positive,2023-09
REV003157,CLO1533,Clothing,Running Shoes,"this is fantastic, exactly what I needed. Five stars from me.",5,2024-06-19,Yes,0,fantastic exactly what needed five stars me,Positive,0.5574,Positive,2024-06
REV003453,SPO1683,Sports & Outdoors,Resistance Bands,perfect fit and great customer service too. Fast shipping too!,4,2023-06-07,No,2,perfect fit great customer service too fast shipping too,Positive,0.8908,Positive,2023-06
REV002315,ELE1961,Electronics,Smartwatch,"worst purchase I've made this year, do not recommend. Wish I'd read reviews first.",1,2024-07-24,Yes,0,worst purchase ve made year recommend wish read reviews first,Negative,-0.816,Negative,2024-07
REV002685,CLO1901,Clothing,Denim Jeans,"this is fantastic, exactly what I needed. Would buy again.",5,2023-12-08,Yes,3,fantastic exactly what needed buy again,Positive,0.5574,Positive,2023-12
REV003510,SPO1892,Sports & Outdoors,Water Bottle,"superb product, will definitely buy again. Would buy again.",5,2024-06-29,Yes,0,superb product definitely buy again buy again,Positive,0.7783,Positive,2024-06
REV002436,SPO1561,Sports & Outdoors,Resistance Bands,"very satisfied, the quality exceeded what I paid for.",4,2023-11-20,Yes,0,satisfied quality exceeded what paid,Positive,0.4754,Positive,2023-11
REV002869,HOM1182,Home & Kitchen,Non-Stick Pan Set,"gets the job done, nothing more nothing less. We'll see how it holds up.",3,2023-07-27,Yes,3,gets job done nothing more nothing less ll see how holds up,Neutral,0.0,Neutral,2023-07
REV002189,HOM1133,Home & Kitchen,Air Fryer,"gets the job done, nothing more nothing less. We'll see how it holds up.",3,2024-04-29,Yes,1,gets job done nothing more nothing less ll see how holds up,Neutral,0.0,Neutral,2024-04
REV002366,SPO1780,Sports & Outdoors,Yoga Mat,"it's fine, though the packaging could be better. Might update this review later.",3,2024-08-14,No,0,fine though packaging better might update review later,Positive,0.5719,Neutral,2024-08
REV001342,SPO1667,Sports & Outdoors,Camping Tent,"very satisfied, the quality exceeded what I paid for. My whole family loves it.",5,2024-07-13,Yes,2,satisfied quality exceeded what paid whole family loves,Positive,0.7778,Positive,2024-07
REV001309,SPO1768,Sports & Outdoors,Resistance Bands,perfect fit and great customer service too. My whole family loves it.,4,2024-03-29,Yes,2,perfect fit great customer service too whole family loves,Positive,0.9325,Positive,2024-03
REV001568,SPO1739,Sports & Outdoors,Yoga Mat,works flawlessly and looks even better in person. Would buy again.,5,2023-09-03,Yes,7,works flawlessly looks even better person buy again,Positive,0.5719,Positive,2023-09
REV000901,BOO1778,Books,Mystery Novel,perfect fit and great customer service too. Fast shipping too!,5,2023-05-21,Yes,3,perfect fit great customer service too fast shipping too,Positive,0.8908,Positive,2023-05
REV000116,HOM1644,Home & Kitchen,Non-Stick Pan Set,"it's okay, does the job but nothing special.",3,2024-01-14,Yes,2,okay job nothing special,Negative,-0.3479,Neutral,2024-01
REV000225,BOO1925,Books,Business Book,"works fine so far, will update if anything changes. Might update this review later.",3,2024-09-19,No,0,works fine far update anything changes might update review later,Positive,0.2023,Neutral,2024-09
REV001339,ELE1530,Electronics,Smartwatch,"great quality and works perfectly, highly recommend. Five stars from me.",5,2024-02-14,Yes,6,great quality works perfectly highly recommend five stars me,Positive,0.902,Positive,2024-02
REV001782,CLO1138,Clothing,Yoga Pants,"amazing value for the price, very happy with this purchase. Would buy again.",4,2023-12-22,No,4,amazing value price happy purchase buy again,Positive,0.8805,Positive,2023-12
REV001169,SPO1039,Sports & Outdoors,Yoga Mat,"decent for the price, but not amazing. Might update this review later.",3,2023-02-26,Yes,0,decent price amazing might update review later,Negative,-0.6259,Neutral,2023-02
REV002284,BEA1954,Beauty,Face Moisturizer,"not bad, not great, just an average item. We'll see how it holds up.",3,2023-12-11,Yes,1,bad great average item ll see how holds up,Positive,0.6754,Neutral,2023-12
REV001527,HOM1341,Home & Kitchen,Coffee Maker,"poor quality, not worth the money at all. Asked for a refund.",1,2024-07-10,Yes,1,poor quality worth money all asked refund,Negative,-0.5812,Negative,2024-07
REV003007,BEA1464,Beauty,Shampoo,"poor quality, not worth the money at all. Wish I'd read reviews first.",2,2024-10-07,Yes,5,poor quality worth money all wish read reviews first,Negative,-0.2654,Negative,2024-10
REV001968,SPO1332,Sports & Outdoors,Resistance Bands,"very disappointed, stopped working after a few days.",2,2023-01-25,Yes,0,disappointed stopped working after few days,Negative,-0.6779,Negative,2023-01
REV003128,BOO1901,Books,Sci-Fi Trilogy,"superb product, will definitely buy again.",4,2024-04-25,Yes,4,superb product definitely buy again,Positive,0.7783,Positive,2024-04
REV000495,HOM1461,Home & Kitchen,Coffee Maker,"excellent build quality, arrived quickly and works great.",4,2023-11-27,Yes,15,excellent build quality arrived quickly works great,Positive,0.8316,Positive,2023-11
REV001400,SPO1067,Sports & Outdoors,Hiking Backpack,"average product, met basic expectations.",3,2024-07-20,Yes,2,average product met basic expectations,Neutral,0.0,Neutral,2024-07
REV000789,BOO1948,Books,Cookbook,"excellent build quality, arrived quickly and works great. Would buy again.",5,2024-08-13,Yes,1,excellent build quality arrived quickly works great buy again,Positive,0.8316,Positive,2024-08
REV002100,SPO1916,Sports & Outdoors,Hiking Backpack,"gets the job done, nothing more nothing less.",3,2024-03-12,No,0,gets job done nothing more nothing less,Neutral,0.0,Neutral,2024-03
REV001204,BEA1964,Beauty,Hair Dryer,"not as advertised, very frustrating purchase. Wish I'd read reviews first.",2,2023-01-28,Yes,9,advertised frustrating purchase wish read reviews first,Negative,-0.0591,Negative,2023-01
REV003013,HOM1240,Home & Kitchen,Non-Stick Pan Set,"reasonable quality, similar to other products in this range. Might update this review later.",3,2024-12-14,Yes,2,reasonable quality similar other products range might update review later,Neutral,0.0,Neutral,2024-12
REV002963,CLO1025,Clothing,Running Shoes,"it's fine, though the packaging could be better. Still testing it out.",3,2024-03-29,Yes,2,fine though packaging better still testing out,Positive,0.5719,Neutral,2024-03
REV000995,BOO1879,Books,Mystery Novel,"works fine so far, will update if anything changes. Still testing it out.",3,2024-05-15,Yes,1,works fine far update anything changes still testing out,Positive,0.2023,Neutral,2024-05
REV000015,HOM1228,Home & Kitchen,Air Fryer,"absolutely love this product, exceeded my expectations.",5,2024-04-29,Yes,6,absolutely love product exceeded expectations,Positive,0.6697,Positive,2024-04
REV002549,ELE1781,Electronics,Smartwatch,"does not match the description, quite misleading. Very frustrating.",1,2023-10-04,Yes,2,match description quite misleading frustrating,Negative,-0.7543,Negative,2023-10
REV002049,ELE1212,Electronics,Laptop Stand,works flawlessly and looks even better in person.,5,2023-02-22,No,18,works flawlessly looks even better person,Positive,0.5719,Positive,2023-02
REV003760,HOM1369,Home & Kitchen,Air Fryer,"average product, met basic expectations. We'll see how it holds up.",3,2023-06-17,Yes,1,average product met basic expectations ll see how holds up,Neutral,0.0,Neutral,2023-06
REV000918,HOM1721,Home & Kitchen,Non-Stick Pan Set,works flawlessly and looks even better in person.,5,2023-01-19,Yes,1,works flawlessly looks even better person,Positive,0.5719,Positive,2023-01
REV001289,SPO1048,Sports & Outdoors,Camping Tent,"superb product, will definitely buy again. My whole family loves it.",5,2023-12-06,Yes,0,superb product definitely buy again whole family loves,Positive,0.8885,Positive,2023-12
REV003142,BOO1254,Books,Business Book,perfect fit and great customer service too. Five stars from me.,5,2024-07-16,Yes,3,perfect fit great customer service too five stars me,Positive,0.8834,Positive,2024-07
REV001836,BEA1526,Beauty,Sunscreen SPF50,"this is fantastic, exactly what I needed. Fast shipping too!",5,2024-01-08,No,1,fantastic exactly what needed fast shipping too,Positive,0.5983,Positive,2024-01
REV002303,SPO1146,Sports & Outdoors,Resistance Bands,"it's okay, does the job but nothing special. We'll see how it holds up.",3,2024-11-29,Yes,0,okay job nothing special ll see how holds up,Negative,-0.3479,Neutral,2024-11
REV002819,HOM1200,Home & Kitchen,Air Fryer,"outstanding performance, worth every penny. My whole family loves it.",5,2024-07-01,No,3,outstanding performance worth every penny whole family loves,Positive,0.8625,Positive,2024-07
REV001399,BOO1459,Books,Cookbook,"does what it says, no major complaints. Might update this review later.",3,2023-01-06,No,0,what says major complaints might update review later,Positive,0.0903,Neutral,2023-01
REV000050,HOM1281,Home & Kitchen,Vacuum Cleaner,"amazing value for the price, very happy with this purchase. My whole family loves it.",5,2024-06-09,Yes,4,amazing value price happy purchase whole family loves,Positive,0.9312,Positive,2024-06
REV000201,HOM1084,Home & Kitchen,Blender,"amazing value for the price, very happy with this purchase. Would buy again.",4,2023-04-01,Yes,1,amazing value price happy purchase buy again,Positive,0.8805,Positive,2023-04
REV003416,BEA1369,Beauty,Face Moisturizer,"not bad, not great, just an average item.",3,2023-10-31,Yes,1,bad great average item,Positive,0.6754,Neutral,2023-10
REV000025,BEA1337,Beauty,Shampoo,perfect fit and great customer service too. Five stars from me.,4,2024-10-22,Yes,3,perfect fit great customer service too five stars me,Positive,0.8834,Positive,2024-10
REV002454,BOO1883,Books,Sci-Fi Trilogy,"superb product, will definitely buy again. Five stars from me.",5,2023-07-31,Yes,2,superb product definitely buy again five stars me,Positive,0.7783,Positive,2023-07
REV003850,CLO1530,Clothing,Yoga Pants,perfect fit and great customer service too. Five stars from me.,4,2023-01-03,No,0,perfect fit great customer service too five stars me,Positive,0.8834,Positive,2023-01
REV001960,BOO1130,Books,Business Book,"terrible experience, item arrived damaged. Very frustrating.",1,2023-12-27,Yes,1,terrible experience item arrived damaged frustrating,Negative,-0.8479,Negative,2023-12
REV002411,HOM1599,Home & Kitchen,Coffee Maker,"does not match the description, quite misleading. Asked for a refund.",2,2024-06-12,Yes,0,match description quite misleading asked refund,Negative,-0.4576,Negative,2024-06
REV003240,ELE1725,Electronics,Laptop Stand,"amazing value for the price, very happy with this purchase. Would buy again.",5,2023-07-21,No,0,amazing value price happy purchase buy again,Positive,0.8805,Positive,2023-07
REV000997,HOM1421,Home & Kitchen,Air Fryer,"does what it says, no major complaints. We'll see how it holds up.",3,2023-01-06,Yes,0,what says major complaints ll see how holds up,Positive,0.0903,Neutral,2023-01
REV002199,BEA1962,Beauty,Face Moisturizer,"it's fine, though the packaging could be better. Might update this review later.",3,2023-06-13,Yes,0,fine though packaging better might update review later,Positive,0.5719,Neutral,2023-06
REV003122,HOM1777,Home & Kitchen,Vacuum Cleaner,"great quality and works perfectly, highly recommend. Fast shipping too!",4,2023-06-20,No,1,great quality works perfectly highly recommend fast shipping too,Positive,0.9078,Positive,2023-06
REV001978,ELE1974,Electronics,Power Bank,"great quality and works perfectly, highly recommend. Five stars from me.",5,2024-08-17,Yes,1,great quality works perfectly highly recommend five stars me,Positive,0.902,Positive,2024-08
REV003131,HOM1723,Home & Kitchen,Coffee Maker,"not as advertised, very frustrating purchase. Very frustrating.",2,2023-01-01,Yes,0,advertised frustrating purchase frustrating,Negative,-0.7496,Negative,2023-01
REV003602,CLO1743,Clothing,Yoga Pants,"amazing value for the price, very happy with this purchase. Five stars from me.",5,2024-11-08,Yes,3,amazing value price happy purchase five stars me,Positive,0.8805,Positive,2024-11
REV003986,BEA1699,Beauty,Lip Balm Set,works flawlessly and looks even better in person. Fast shipping too!,5,2024-12-08,Yes,7,works flawlessly looks even better person fast shipping too,Positive,0.6114,Positive,2024-12
REV002450,SPO1847,Sports & Outdoors,Hiking Backpack,"broke within a week, waste of money. Very frustrating.",1,2023-11-26,Yes,4,broke within week waste money frustrating,Negative,-0.8313,Negative,2023-11
REV003403,SPO1483,Sports & Outdoors,Water Bottle,"it's fine, though the packaging could be better. Still testing it out.",3,2023-05-26,Yes,0,fine though packaging better still testing out,Positive,0.5719,Neutral,2023-05
REV003990,CLO1627,Clothing,Denim Jeans,"terrible experience, item arrived damaged. Very frustrating.",1,2023-06-19,Yes,3,terrible experience item arrived damaged frustrating,Negative,-0.8479,Negative,2023-06
REV003530,BOO1712,Books,Sci-Fi Trilogy,"decent for the price, but not amazing. Might update this review later.",3,2024-07-20,Yes,1,decent price amazing might update review later,Negative,-0.6259,Neutral,2024-07
REV001173,CLO1602,Clothing,Yoga Pants,"great quality and works perfectly, highly recommend. My whole family loves it.",5,2023-02-24,Yes,0,great quality works perfectly highly recommend whole family loves,Positive,0.9412,Positive,2023-02
REV001088,BEA1037,Beauty,Hair Dryer,perfect fit and great customer service too.,5,2024-12-13,Yes,2,perfect fit great customer service too,Positive,0.8834,Positive,2024-12
REV000552,HOM1526,Home & Kitchen,Coffee Maker,"reasonable quality, similar to other products in this range. Still testing it out.",3,2024-12-29,No,0,reasonable quality similar other products range still testing out,Neutral,0.0,Neutral,2024-12
REV002331,ELE1656,Electronics,Laptop Stand,"terrible experience, item arrived damaged. Very frustrating.",1,2023-09-12,Yes,3,terrible experience item arrived damaged frustrating,Negative,-0.8479,Negative,2023-09
REV002314,SPO1038,Sports & Outdoors,Yoga Mat,perfect fit and great customer service too. Five stars from me.,5,2023-06-12,No,0,perfect fit great customer service too five stars me,Positive,0.8834,Positive,2023-06
REV000305,CLO1011,Clothing,Running Shoes,"outstanding performance, worth every penny. Would buy again.",4,2023-11-25,Yes,1,outstanding performance worth every penny buy again,Positive,0.7096,Positive,2023-11
REV001940,BOO1535,Books,Sci-Fi Trilogy,"this is fantastic, exactly what I needed. Fast shipping too!",5,2023-03-25,Yes,2,fantastic exactly what needed fast shipping too,Positive,0.5983,Positive,2023-03
REV001890,BEA1513,Beauty,Hair Dryer,"it's fine, though the packaging could be better. Might update this review later.",3,2023-03-29,Yes,1,fine though packaging better might update review later,Positive,0.5719,Neutral,2023-03
REV001111,ELE1414,Electronics,Smartwatch,perfect fit and great customer service too. Would buy again.,5,2024-12-24,Yes,1,perfect fit great customer service too buy again,Positive,0.8834,Positive,2024-12
REV000013,BEA1238,Beauty,Hair Dryer,"very satisfied, the quality exceeded what I paid for. Five stars from me.",5,2023-05-02,Yes,0,satisfied quality exceeded what paid five stars me,Positive,0.4754,Positive,2023-05
REV002706,SPO1160,Sports & Outdoors,Yoga Mat,works flawlessly and looks even better in person.,5,2023-11-22,Yes,4,works flawlessly looks even better person,Positive,0.5719,Positive,2023-11
REV002696,HOM1190,Home & Kitchen,Non-Stick Pan Set,"does what it says, no major complaints. We'll see how it holds up.",3,2023-12-08,Yes,1,what says major complaints ll see how holds up,Positive,0.0903,Neutral,2023-12
REV000384,SPO1158,Sports & Outdoors,Water Bottle,"outstanding performance, worth every penny. Five stars from me.",4,2024-02-25,Yes,12,outstanding performance worth every penny five stars me,Positive,0.7096,Positive,2024-02
REV003923,ELE1041,Electronics,Laptop Stand,"amazing value for the price, very happy with this purchase. Fast shipping too!",4,2023-09-09,Yes,0,amazing value price happy purchase fast shipping too,Positive,0.8881,Positive,2023-09
REV001278,HOM1758,Home & Kitchen,Air Fryer,"amazing value for the price, very happy with this purchase. Fast shipping too!",4,2023-09-13,No,3,amazing value price happy purchase fast shipping too,Positive,0.8881,Positive,2023-09
REV001436,BOO1590,Books,Cookbook,"this is fantastic, exactly what I needed.",5,2023-08-18,No,0,fantastic exactly what needed,Positive,0.5574,Positive,2023-08
REV000952,BEA1039,Beauty,Face Moisturizer,"outstanding performance, worth every penny. Five stars from me.",5,2023-09-18,No,1,outstanding performance worth every penny five stars me,Positive,0.7096,Positive,2023-09
REV001647,SPO1533,Sports & Outdoors,Yoga Mat,arrived defective and customer support was unhelpful. Wish I'd read reviews first.,1,2023-03-29,Yes,3,arrived defective customer support unhelpful wish read reviews first,Positive,0.3612,Negative,2023-03
REV001516,CLO1297,Clothing,Running Shoes,"regret buying this, quality is really bad. Very frustrating.",1,2024-01-01,No,0,regret buying quality bad frustrating,Negative,-0.8764,Negative,2024-01
REV003833,BOO1943,Books,Sci-Fi Trilogy,"outstanding performance, worth every penny.",4,2023-04-04,Yes,0,outstanding performance worth every penny,Positive,0.7096,Positive,2023-04
REV002281,BEA1223,Beauty,Lip Balm Set,"regret buying this, quality is really bad. Very frustrating.",2,2024-03-14,Yes,1,regret buying quality bad frustrating,Negative,-0.8764,Negative,2024-03
REV002647,ELE1128,Electronics,Power Bank,"outstanding performance, worth every penny. Five stars from me.",5,2023-07-30,Yes,1,outstanding performance worth every penny five stars me,Positive,0.7096,Positive,2023-07
REV001591,CLO1112,Clothing,Denim Jeans,perfect fit and great customer service too. Fast shipping too!,4,2024-03-07,Yes,1,perfect fit great customer service too fast shipping too,Positive,0.8908,Positive,2024-03
REV002952,CLO1884,Clothing,Running Shoes,cheaply made and feels flimsy. Asked for a refund.,1,2024-07-18,No,0,cheaply made feels flimsy asked refund,Neutral,0.0,Negative,2024-07
REV000962,SPO1204,Sports & Outdoors,Yoga Mat,"outstanding performance, worth every penny. My whole family loves it.",5,2024-03-31,Yes,1,outstanding performance worth every penny whole family loves,Positive,0.8625,Positive,2024-03
REV001581,SPO1521,Sports & Outdoors,Water Bottle,"works fine so far, will update if anything changes. We'll see how it holds up.",3,2024-07-18,Yes,0,works fine far update anything changes ll see how holds up,Positive,0.2023,Neutral,2024-07
REV000144,BEA1148,Beauty,Sunscreen SPF50,"great quality and works perfectly, highly recommend. Would buy again.",4,2024-04-10,No,0,great quality works perfectly highly recommend buy again,Positive,0.902,Positive,2024-04
REV001275,BEA1608,Beauty,Lip Balm Set,"amazing value for the price, very happy with this purchase. Five stars from me.",5,2023-03-12,Yes,0,amazing value price happy purchase five stars me,Positive,0.8805,Positive,2023-03
REV001630,BEA1085,Beauty,Lip Balm Set,"outstanding performance, worth every penny.",5,2023-10-13,Yes,1,outstanding performance worth every penny,Positive,0.7096,Positive,2023-10
REV002260,CLO1540,Clothing,Denim Jeans,"reasonable quality, similar to other products in this range.",3,2023-08-08,Yes,1,reasonable quality similar other products range,Neutral,0.0,Neutral,2023-08
REV002884,BOO1066,Books,Mystery Novel,"this is fantastic, exactly what I needed. Five stars from me.",5,2023-01-18,Yes,6,fantastic exactly what needed five stars me,Positive,0.5574,Positive,2023-01
REV002957,CLO1314,Clothing,Cotton T-Shirt,"outstanding performance, worth every penny. Would buy again.",5,2024-02-05,Yes,0,outstanding performance worth every penny buy again,Positive,0.7096,Positive,2024-02
REV003886,SPO1398,Sports & Outdoors,Resistance Bands,"amazing value for the price, very happy with this purchase. Fast shipping too!",4,2024-08-19,Yes,0,amazing value price happy purchase fast shipping too,Positive,0.8881,Positive,2024-08
REV002308,BOO1078,Books,Cookbook,"outstanding performance, worth every penny. My whole family loves it.   <br>  ",5,2023-03-17,Yes,0,outstanding performance worth every penny whole family loves,Positive,0.8625,Positive,2023-03
REV001893,BEA1197,Beauty,Face Moisturizer,"excellent build quality, arrived quickly and works great.",5,2023-05-13,Yes,4,excellent build quality arrived quickly works great,Positive,0.8316,Positive,2023-05
REV003580,HOM1254,Home & Kitchen,Coffee Maker,"amazing value for the price, very happy with this purchase. Would buy again.",5,2024-07-14,No,5,amazing value price happy purchase buy again,Positive,0.8805,Positive,2024-07
REV001168,HOM1513,Home & Kitchen,Vacuum Cleaner,"great quality and works perfectly, highly recommend. Fast shipping too!",5,2024-06-09,No,4,great quality works perfectly highly recommend fast shipping too,Positive,0.9078,Positive,2024-06
REV000807,HOM1038,Home & Kitchen,Coffee Maker,works flawlessly and looks even better in person. My whole family loves it.,5,2023-12-05,No,6,works flawlessly looks even better person whole family loves,Positive,0.8126,Positive,2023-12
REV001248,BOO1789,Books,Cookbook,"very satisfied, the quality exceeded what I paid for.",5,2023-06-15,Yes,4,satisfied quality exceeded what paid,Positive,0.4754,Positive,2023-06
REV000755,SPO1714,Sports & Outdoors,Hiking Backpack,"absolutely love this product, exceeded my expectations. Five stars from me.",5,2024-11-18,Yes,0,absolutely love product exceeded expectations five stars me,Positive,0.6697,Positive,2024-11
REV003026,ELE1920,Electronics,Wireless Earbuds,"average product, met basic expectations. Still testing it out.",3,2024-12-11,Yes,1,average product met basic expectations still testing out,Neutral,0.0,Neutral,2024-12
REV003587,SPO1907,Sports & Outdoors,Camping Tent,"gets the job done, nothing more nothing less. Might update this review later.",3,2023-01-29,Yes,1,gets job done nothing more nothing less might update review later,Neutral,0.0,Neutral,2023-01
REV003502,HOM1966,Home & Kitchen,Air Fryer,"amazing value for the price, very happy with this purchase.",5,2024-11-12,Yes,0,amazing value price happy purchase,Positive,0.8805,Positive,2024-11
REV002239,BOO1344,Books,Cookbook,"amazing value for the price, very happy with this purchase. Fast shipping too!",4,2023-05-23,Yes,0,amazing value price happy purchase fast shipping too,Positive,0.8881,Positive,2023-05
REV002702,BEA1283,Beauty,Face Moisturizer,"it's fine, though the packaging could be better. We'll see how it holds up.",3,2024-09-14,Yes,1,fine though packaging better ll see how holds up,Positive,0.5719,Neutral,2024-09
REV000503,HOM1287,Home & Kitchen,Vacuum Cleaner,"average product, met basic expectations. Still testing it out.",3,2024-09-22,Yes,0,average product met basic expectations still testing out,Neutral,0.0,Neutral,2024-09
REV001991,BOO1980,Books,Cookbook,"superb product, will definitely buy again. Five stars from me.",5,2024-04-25,Yes,5,superb product definitely buy again five stars me,Positive,0.7783,Positive,2024-04
REV003738,CLO1111,Clothing,Denim Jeans,"this is fantastic, exactly what I needed. Would buy again.",4,2024-08-12,Yes,2,fantastic exactly what needed buy again,Positive,0.5574,Positive,2024-08
REV001196,ELE1418,Electronics,Power Bank,"absolutely love this product, exceeded my expectations.   <br>  ",4,2024-10-29,Yes,1,absolutely love product exceeded expectations,Positive,0.6697,Positive,2024-10
REV003396,HOM1157,Home & Kitchen,Coffee Maker,"this is fantastic, exactly what I needed. Five stars from me.",4,2023-07-30,Yes,3,fantastic exactly what needed five stars me,Positive,0.5574,Positive,2023-07
REV003916,ELE1173,Electronics,Bluetooth Speaker,"works fine so far, will update if anything changes. Might update this review later.",3,2023-05-23,Yes,0,works fine far update anything changes might update review later,Positive,0.2023,Neutral,2023-05
REV002564,ELE1287,Electronics,Laptop Stand,"excellent build quality, arrived quickly and works great. My whole family loves it.",4,2023-07-06,Yes,2,excellent build quality arrived quickly works great whole family loves,Positive,0.91,Positive,2023-07
REV003821,ELE1017,Electronics,Power Bank,"excellent build quality, arrived quickly and works great. Five stars from me.",5,2023-08-31,No,1,excellent build quality arrived quickly works great five stars me,Positive,0.8316,Positive,2023-08
REV002550,ELE1741,Electronics,Bluetooth Speaker,"absolutely love this product, exceeded my expectations. Five stars from me.",5,2024-05-17,Yes,8,absolutely love product exceeded expectations five stars me,Positive,0.6697,Positive,2024-05
REV003862,SPO1663,Sports & Outdoors,Hiking Backpack,"amazing value for the price, very happy with this purchase. My whole family loves it.",5,2024-06-09,Yes,3,amazing value price happy purchase whole family loves,Positive,0.9312,Positive,2024-06
REV000752,HOM1599,Home & Kitchen,Blender,"absolutely love this product, exceeded my expectations. My whole family loves it.",5,2023-02-28,No,0,absolutely love product exceeded expectations whole family loves,Positive,0.8479,Positive,2023-02
REV002588,CLO1808,Clothing,Running Shoes,"worst purchase I've made this year, do not recommend. Would not recommend to anyone.",2,2024-05-13,Yes,1,worst purchase ve made year recommend recommend anyone,Negative,-0.8085,Negative,2024-05
REV002229,HOM1859,Home & Kitchen,Air Fryer,"excellent build quality, arrived quickly and works great. Fast shipping too!",5,2023-07-14,Yes,0,excellent build quality arrived quickly works great fast shipping too,Positive,0.8439,Positive,2023-07
REV003573,CLO1559,Clothing,Denim Jeans,"superb product, will definitely buy again. Would buy again.",5,2023-10-12,No,1,superb product definitely buy again buy again,Positive,0.7783,Positive,2023-10
REV002111,ELE1777,Electronics,Smartwatch,"poor quality, not worth the money at all. Would not recommend to anyone.",1,2023-09-10,No,3,poor quality worth money all recommend anyone,Negative,-0.7074,Negative,2023-09
REV003123,HOM1477,Home & Kitchen,Blender,"very satisfied, the quality exceeded what I paid for.",5,2024-06-19,Yes,4,satisfied quality exceeded what paid,Positive,0.4754,Positive,2024-06
REV003163,HOM1818,Home & Kitchen,Vacuum Cleaner,"very satisfied, the quality exceeded what I paid for. Five stars from me.",5,2024-03-06,Yes,2,satisfied quality exceeded what paid five stars me,Positive,0.4754,Positive,2024-03
REV000779,BEA1045,Beauty,Hair Dryer,"superb product, will definitely buy again. Would buy again.",4,2023-01-19,Yes,1,superb product definitely buy again buy again,Positive,0.7783,Positive,2023-01
REV002384,HOM1965,Home & Kitchen,Non-Stick Pan Set,"very satisfied, the quality exceeded what I paid for. Fast shipping too!",5,2023-09-04,Yes,0,satisfied quality exceeded what paid fast shipping too,Positive,0.5244,Positive,2023-09
REV003778,ELE1217,Electronics,Smartwatch,perfect fit and great customer service too. Five stars from me.,4,2024-08-29,Yes,4,perfect fit great customer service too five stars me,Positive,0.8834,Positive,2024-08
REV003113,SPO1074,Sports & Outdoors,Hiking Backpack,"terrible experience, item arrived damaged. Wish I'd read reviews first.",1,2024-05-14,No,2,terrible experience item arrived damaged wish read reviews first,Negative,-0.5106,Negative,2024-05
REV003032,SPO1509,Sports & Outdoors,Yoga Mat,"great quality and works perfectly, highly recommend. My whole family loves it.",5,2023-06-07,Yes,3,great quality works perfectly highly recommend whole family loves,Positive,0.9412,Positive,2023-06
REV001324,BOO1725,Books,Sci-Fi Trilogy,"superb product, will definitely buy again.",4,2024-05-28,No,2,superb product definitely buy again,Positive,0.7783,Positive,2024-05
REV002572,SPO1998,Sports & Outdoors,Water Bottle,"broke within a week, waste of money.",1,2023-07-31,No,12,broke within week waste money,Negative,-0.6808,Negative,2023-07
REV002763,SPO1397,Sports & Outdoors,Camping Tent,perfect fit and great customer service too. Fast shipping too!,4,2024-07-10,Yes,2,perfect fit great customer service too fast shipping too,Positive,0.8908,Positive,2024-07
REV000759,BEA1554,Beauty,Hair Dryer,acceptable quality for casual use. Might update this review later.,3,2023-11-06,Yes,0,acceptable quality casual use might update review later,Positive,0.4767,Neutral,2023-11
REV001653,BOO1588,Books,Cookbook,"works fine so far, will update if anything changes. Might update this review later.",3,2023-08-20,Yes,0,works fine far update anything changes might update review later,Positive,0.2023,Neutral,2023-08
REV000793,HOM1111,Home & Kitchen,Air Fryer,"superb product, will definitely buy again. Fast shipping too!",4,2023-11-16,Yes,0,superb product definitely buy again fast shipping too,Positive,0.7959,Positive,2023-11
REV000386,SPO1590,Sports & Outdoors,Camping Tent,"amazing value for the price, very happy with this purchase. My whole family loves it.",5,2023-04-19,Yes,8,amazing value price happy purchase whole family loves,Positive,0.9312,Positive,2023-04
REV002488,HOM1628,Home & Kitchen,Blender,"outstanding performance, worth every penny. Would buy again.",5,2023-07-26,Yes,2,outstanding performance worth every penny buy again,Positive,0.7096,Positive,2023-07
REV003847,BEA1613,Beauty,Shampoo,"very disappointed, stopped working after a few days. Would not recommend to anyone.",1,2024-08-18,Yes,5,disappointed stopped working after few days recommend anyone,Negative,-0.7705,Negative,2024-08
REV003559,SPO1941,Sports & Outdoors,Yoga Mat,"great quality and works perfectly, highly recommend. Five stars from me.",4,2023-03-20,Yes,1,great quality works perfectly highly recommend five stars me,Positive,0.902,Positive,2023-03
REV001607,CLO1489,Clothing,Winter Jacket,"it's okay, does the job but nothing special. Still testing it out.",3,2024-02-26,Yes,0,okay job nothing special still testing out,Negative,-0.3479,Neutral,2024-02
REV002529,ELE1315,Electronics,Bluetooth Speaker,"terrible experience, item arrived damaged. Would not recommend to anyone.",2,2024-03-07,Yes,0,terrible experience item arrived damaged recommend anyone,Negative,-0.797,Negative,2024-03
REV002961,SPO1966,Sports & Outdoors,Camping Tent,"great quality and works perfectly, highly recommend. My whole family loves it.",5,2024-10-13,Yes,2,great quality works perfectly highly recommend whole family loves,Positive,0.9412,Positive,2024-10
REV003421,HOM1417,Home & Kitchen,Non-Stick Pan Set,"broke within a week, waste of money. Would not recommend to anyone.",2,2024-12-05,Yes,8,broke within week waste money recommend anyone,Negative,-0.7724,Negative,2024-12
REV002527,CLO1953,Clothing,Yoga Pants,"average product, met basic expectations.",3,2023-11-22,No,0,average product met basic expectations,Neutral,0.0,Neutral,2023-11
REV002902,ELE1203,Electronics,Bluetooth Speaker,"excellent build quality, arrived quickly and works great. My whole family loves it.",5,2024-11-04,Yes,0,excellent build quality arrived quickly works great whole family loves,Positive,0.91,Positive,2024-11
REV002629,BEA1867,Beauty,Sunscreen SPF50,works flawlessly and looks even better in person.,5,2023-11-19,No,0,works flawlessly looks even better person,Positive,0.5719,Positive,2023-11
REV000781,ELE1699,Electronics,Power Bank,"poor quality, not worth the money at all. Would not recommend to anyone.",1,2024-01-15,Yes,4,poor quality worth money all recommend anyone,Negative,-0.7074,Negative,2024-01
REV002147,BEA1631,Beauty,Sunscreen SPF50,"works fine so far, will update if anything changes. Still testing it out.",3,2023-06-01,Yes,0,works fine far update anything changes still testing out,Positive,0.2023,Neutral,2023-06
REV001059,CLO1396,Clothing,Denim Jeans,"reasonable quality, similar to other products in this range. Might update this review later.",3,2024-02-08,Yes,0,reasonable quality similar other products range might update review later,Neutral,0.0,Neutral,2024-02
REV003005,HOM1790,Home & Kitchen,Air Fryer,"does not match the description, quite misleading. Asked for a refund.",2,2024-03-04,Yes,0,match description quite misleading asked refund,Negative,-0.4576,Negative,2024-03
REV000763,HOM1497,Home & Kitchen,Non-Stick Pan Set,"absolutely love this product, exceeded my expectations.",5,2023-06-03,Yes,1,absolutely love product exceeded expectations,Positive,0.6697,Positive,2023-06
REV001788,HOM1879,Home & Kitchen,Vacuum Cleaner,"absolutely love this product, exceeded my expectations. Fast shipping too!",5,2024-04-12,No,4,absolutely love product exceeded expectations fast shipping too,Positive,0.6989,Positive,2024-04
REV002679,CLO1518,Clothing,Yoga Pants,"outstanding performance, worth every penny. My whole family loves it.",5,2023-12-22,No,2,outstanding performance worth every penny whole family loves,Positive,0.8625,Positive,2023-12
REV001766,BOO1925,Books,Mystery Novel,"great quality and works perfectly, highly recommend. My whole family loves it.",5,2024-04-26,Yes,0,great quality works perfectly highly recommend whole family loves,Positive,0.9412,Positive,2024-04
REV000727,CLO1993,Clothing,Winter Jacket,"this is fantastic, exactly what I needed.",5,2023-08-26,Yes,4,fantastic exactly what needed,Positive,0.5574,Positive,2023-08
REV003600,BEA1672,Beauty,Sunscreen SPF50,"does what it says, no major complaints. Still testing it out.",3,2024-06-02,Yes,1,what says major complaints still testing out,Positive,0.0903,Neutral,2024-06
REV000758,BEA1254,Beauty,Sunscreen SPF50,"this is fantastic, exactly what I needed. Fast shipping too!   <br>  ",5,2023-05-17,No,1,fantastic exactly what needed fast shipping too,Positive,0.5983,Positive,2023-05
REV000542,CLO1002,Clothing,Yoga Pants,"it's okay, does the job but nothing special. We'll see how it holds up.",3,2023-03-23,Yes,0,okay job nothing special ll see how holds up,Negative,-0.3479,Neutral,2023-03
REV001013,HOM1710,Home & Kitchen,Coffee Maker,"very satisfied, the quality exceeded what I paid for. Fast shipping too!",5,2023-01-19,Yes,3,satisfied quality exceeded what paid fast shipping too,Positive,0.5244,Positive,2023-01
REV000969,ELE1509,Electronics,Smartwatch,"it's fine, though the packaging could be better. Still testing it out.",3,2024-11-01,No,1,fine though packaging better still testing out,Positive,0.5719,Neutral,2024-11
REV000288,ELE1462,Electronics,Power Bank,works flawlessly and looks even better in person. My whole family loves it.,5,2024-06-09,Yes,0,works flawlessly looks even better person whole family loves,Positive,0.8126,Positive,2024-06
REV000571,CLO1908,Clothing,Yoga Pants,"excellent build quality, arrived quickly and works great. Five stars from me.",5,2023-03-25,Yes,16,excellent build quality arrived quickly works great five stars me,Positive,0.8316,Positive,2023-03
REV003110,CLO1645,Clothing,Yoga Pants,"broke within a week, waste of money. Would not recommend to anyone.",2,2024-03-18,Yes,2,broke within week waste money recommend anyone,Negative,-0.7724,Negative,2024-03
REV001710,BEA1639,Beauty,Hair Dryer,"excellent build quality, arrived quickly and works great. My whole family loves it.",5,2024-03-14,No,10,excellent build quality arrived quickly works great whole family loves,Positive,0.91,Positive,2024-03
REV001492,SPO1616,Sports & Outdoors,Yoga Mat,works flawlessly and looks even better in person. Would buy again.,5,2023-06-30,Yes,1,works flawlessly looks even better person buy again,Positive,0.5719,Positive,2023-06
REV002156,CLO1040,Clothing,Yoga Pants,"superb product, will definitely buy again. Fast shipping too!",4,2023-07-01,Yes,2,superb product definitely buy again fast shipping too,Positive,0.7959,Positive,2023-07
REV003997,HOM1856,Home & Kitchen,Vacuum Cleaner,acceptable quality for casual use. Might update this review later.,3,2024-04-30,Yes,0,acceptable quality casual use might update review later,Positive,0.4767,Neutral,2024-04
REV001949,CLO1223,Clothing,Denim Jeans,"works fine so far, will update if anything changes. Still testing it out.",3,2024-01-13,Yes,0,works fine far update anything changes still testing out,Positive,0.2023,Neutral,2024-01
REV001563,ELE1619,Electronics,Smartwatch,"excellent build quality, arrived quickly and works great. My whole family loves it.",5,2023-07-08,Yes,1,excellent build quality arrived quickly works great whole family loves,Positive,0.91,Positive,2023-07
REV001811,ELE1516,Electronics,Wireless Earbuds,"amazing value for the price, very happy with this purchase. Five stars from me.",4,2023-12-26,Yes,0,amazing value price happy purchase five stars me,Positive,0.8805,Positive,2023-12
REV001775,CLO1945,Clothing,Yoga Pants,"average product, met basic expectations. We'll see how it holds up.",3,2024-02-15,Yes,0,average product met basic expectations ll see how holds up,Neutral,0.0,Neutral,2024-02
REV003581,ELE1680,Electronics,Laptop Stand,"very disappointed, stopped working after a few days.",2,2023-02-27,Yes,0,disappointed stopped working after few days,Negative,-0.6779,Negative,2023-02
REV002593,ELE1641,Electronics,Wireless Earbuds,"amazing value for the price, very happy with this purchase.",5,2023-02-07,Yes,4,amazing value price happy purchase,Positive,0.8805,Positive,2023-02
REV002041,CLO1962,Clothing,Winter Jacket,"great quality and works perfectly, highly recommend. Fast shipping too!",5,2024-07-11,Yes,0,great quality works perfectly highly recommend fast shipping too,Positive,0.9078,Positive,2024-07
REV000263,BEA1593,Beauty,Shampoo,"terrible experience, item arrived damaged. Very frustrating.",2,2024-02-29,No,1,terrible experience item arrived damaged frustrating,Negative,-0.8479,Negative,2024-02
REV002700,ELE1968,Electronics,Smartwatch,"this is fantastic, exactly what I needed. Would buy again.",4,2024-04-07,Yes,5,fantastic exactly what needed buy again,Positive,0.5574,Positive,2024-04
REV002536,BEA1831,Beauty,Face Moisturizer,"absolutely love this product, exceeded my expectations.",5,2023-09-28,Yes,1,absolutely love product exceeded expectations,Positive,0.6697,Positive,2023-09
REV002827,BEA1963,Beauty,Hair Dryer,"very satisfied, the quality exceeded what I paid for. Fast shipping too!",4,2023-05-25,Yes,3,satisfied quality exceeded what paid fast shipping too,Positive,0.5244,Positive,2023-05
REV003647,BOO1566,Books,Cookbook,arrived defective and customer support was unhelpful.,2,2024-07-12,Yes,0,arrived defective customer support unhelpful,Negative,-0.0516,Negative,2024-07
REV003420,BOO1652,Books,Business Book,"excellent build quality, arrived quickly and works great. Fast shipping too!",5,2023-08-19,No,0,excellent build quality arrived quickly works great fast shipping too,Positive,0.8439,Positive,2023-08
REV000312,ELE1515,Electronics,Bluetooth Speaker,"broke within a week, waste of money. Wish I'd read reviews first.",2,2024-12-09,Yes,4,broke within week waste money wish read reviews first,Negative,-0.4404,Negative,2024-12
REV003225,BOO1488,Books,Sci-Fi Trilogy,arrived defective and customer support was unhelpful. Would not recommend to anyone.,2,2023-06-12,Yes,1,arrived defective customer support unhelpful recommend anyone,Negative,-0.3204,Negative,2023-06
REV000944,BEA1872,Beauty,Shampoo,"amazing value for the price, very happy with this purchase. My whole family loves it.",5,2023-05-12,Yes,0,amazing value price happy purchase whole family loves,Positive,0.9312,Positive,2023-05
REV000656,HOM1738,Home & Kitchen,Vacuum Cleaner,"superb product, will definitely buy again. My whole family loves it.",4,2023-04-18,Yes,2,superb product definitely buy again whole family loves,Positive,0.8885,Positive,2023-04
REV001377,HOM1553,Home & Kitchen,Non-Stick Pan Set,"absolutely love this product, exceeded my expectations. Five stars from me.",5,2024-12-07,Yes,5,absolutely love product exceeded expectations five stars me,Positive,0.6697,Positive,2024-12
REV000377,HOM1022,Home & Kitchen,Air Fryer,"worst purchase I've made this year, do not recommend. Would not recommend to anyone.",2,2023-02-08,Yes,0,worst purchase ve made year recommend recommend anyone,Negative,-0.8085,Negative,2023-02
REV000456,CLO1631,Clothing,Winter Jacket,"very disappointed, stopped working after a few days. Very frustrating.",2,2024-02-21,Yes,0,disappointed stopped working after few days frustrating,Negative,-0.83,Negative,2024-02
REV002727,HOM1359,Home & Kitchen,Blender,"absolutely love this product, exceeded my expectations.",5,2023-03-19,Yes,3,absolutely love product exceeded expectations,Positive,0.6697,Positive,2023-03
REV002518,SPO1259,Sports & Outdoors,Hiking Backpack,"regret buying this, quality is really bad. Asked for a refund.",1,2023-05-15,Yes,5,regret buying quality bad asked refund,Negative,-0.7645,Negative,2023-05
REV003527,ELE1183,Electronics,Power Bank,"very satisfied, the quality exceeded what I paid for. Fast shipping too!",5,2023-04-04,Yes,2,satisfied quality exceeded what paid fast shipping too,Positive,0.5244,Positive,2023-04
REV001889,BOO1225,Books,Mystery Novel,"amazing value for the price, very happy with this purchase. Would buy again.",4,2023-03-19,Yes,0,amazing value price happy purchase buy again,Positive,0.8805,Positive,2023-03
REV001624,BOO1135,Books,Business Book,"works fine so far, will update if anything changes. Still testing it out.",3,2024-01-31,No,0,works fine far update anything changes still testing out,Positive,0.2023,Neutral,2024-01
REV003996,BOO1403,Books,Sci-Fi Trilogy,"poor quality, not worth the money at all. Would not recommend to anyone.",1,2023-01-18,No,0,poor quality worth money all recommend anyone,Negative,-0.7074,Negative,2023-01
REV002814,ELE1783,Electronics,Smartwatch,"great quality and works perfectly, highly recommend. Fast shipping too!   <br>  ",4,2023-05-29,Yes,1,great quality works perfectly highly recommend fast shipping too,Positive,0.9078,Positive,2023-05
REV003098,SPO1140,Sports & Outdoors,Water Bottle,"broke within a week, waste of money. Asked for a refund.",1,2023-07-26,Yes,0,broke within week waste money asked refund,Negative,-0.6808,Negative,2023-07
REV001251,ELE1799,Electronics,Wireless Earbuds,"absolutely love this product, exceeded my expectations. Five stars from me.",5,2023-10-12,Yes,0,absolutely love product exceeded expectations five stars me,Positive,0.6697,Positive,2023-10
REV002979,BOO1858,Books,Sci-Fi Trilogy,"decent for the price, but not amazing.",3,2023-12-02,Yes,0,decent price amazing,Negative,-0.6259,Neutral,2023-12
REV001538,ELE1459,Electronics,Bluetooth Speaker,"outstanding performance, worth every penny. Fast shipping too!",5,2023-05-29,Yes,4,outstanding performance worth every penny fast shipping too,Positive,0.7345,Positive,2023-05
REV001507,BOO1038,Books,Sci-Fi Trilogy,"not bad, not great, just an average item.",3,2024-11-19,No,0,bad great average item,Positive,0.6754,Neutral,2024-11
REV002900,HOM1427,Home & Kitchen,Vacuum Cleaner,cheaply made and feels flimsy. Would not recommend to anyone.,1,2024-05-29,Yes,4,cheaply made feels flimsy recommend anyone,Negative,-0.2755,Negative,2024-05
REV000392,CLO1522,Clothing,Denim Jeans,"not as advertised, very frustrating purchase. Would not recommend to anyone.",2,2024-07-01,Yes,1,advertised frustrating purchase recommend anyone,Negative,-0.6489,Negative,2024-07
REV003819,BEA1552,Beauty,Sunscreen SPF50,acceptable quality for casual use. We'll see how it holds up.,3,2023-06-03,Yes,0,acceptable quality casual use ll see how holds up,Positive,0.4767,Neutral,2023-06
REV003810,BEA1208,Beauty,Shampoo,"absolutely love this product, exceeded my expectations. Would buy again.",5,2024-07-22,Yes,0,absolutely love product exceeded expectations buy again,Positive,0.6697,Positive,2024-07
REV002615,BOO1399,Books,Sci-Fi Trilogy,"great quality and works perfectly, highly recommend. Would buy again.",5,2023-11-15,Yes,0,great quality works perfectly highly recommend buy again,Positive,0.902,Positive,2023-11
REV000331,CLO1734,Clothing,Denim Jeans,"very satisfied, the quality exceeded what I paid for.",5,2024-05-25,Yes,0,satisfied quality exceeded what paid,Positive,0.4754,Positive,2024-05
REV001685,SPO1509,Sports & Outdoors,Resistance Bands,"amazing value for the price, very happy with this purchase. Five stars from me.",5,2024-12-29,No,4,amazing value price happy purchase five stars me,Positive,0.8805,Positive,2024-12
REV000895,BOO1431,Books,Business Book,"not bad, not great, just an average item.   <br>  ",3,2024-08-07,Yes,1,bad great average item,Positive,0.6754,Neutral,2024-08
REV000486,SPO1233,Sports & Outdoors,Camping Tent,"reasonable quality, similar to other products in this range. We'll see how it holds up.",3,2023-08-09,No,0,reasonable quality similar other products range ll see how holds up,Neutral,0.0,Neutral,2023-08
REV003761,ELE1219,Electronics,Smartwatch,works flawlessly and looks even better in person. Five stars from me.,5,2023-12-03,Yes,2,works flawlessly looks even better person five stars me,Positive,0.5719,Positive,2023-12
REV001156,ELE1405,Electronics,Bluetooth Speaker,"terrible experience, item arrived damaged. Would not recommend to anyone.",1,2024-11-14,Yes,3,terrible experience item arrived damaged recommend anyone,Negative,-0.797,Negative,2024-11
REV001714,BEA1953,Beauty,Shampoo,"average product, met basic expectations. Might update this review later.",3,2023-11-15,Yes,2,average product met basic expectations might update review later,Neutral,0.0,Neutral,2023-11
REV003410,BEA1590,Beauty,Shampoo,"reasonable quality, similar to other products in this range. We'll see how it holds up.",3,2024-01-07,No,0,reasonable quality similar other products range ll see how holds up,Neutral,0.0,Neutral,2024-01
REV000888,ELE1231,Electronics,Power Bank,"excellent build quality, arrived quickly and works great. Fast shipping too!",5,2023-12-05,Yes,1,excellent build quality arrived quickly works great fast shipping too,Positive,0.8439,Positive,2023-12
REV002368,BEA1488,Beauty,Sunscreen SPF50,"absolutely love this product, exceeded my expectations.",5,2024-04-18,Yes,0,absolutely love product exceeded expectations,Positive,0.6697,Positive,2024-04
REV001407,CLO1161,Clothing,Yoga Pants,"absolutely love this product, exceeded my expectations. Five stars from me.",4,2023-06-22,No,0,absolutely love product exceeded expectations five stars me,Positive,0.6697,Positive,2023-06
REV000365,BEA1074,Beauty,Hair Dryer,"it's fine, though the packaging could be better. We'll see how it holds up.",3,2024-10-14,Yes,0,fine though packaging better ll see how holds up,Positive,0.5719,Neutral,2024-10
REV001694,SPO1695,Sports & Outdoors,Hiking Backpack,"outstanding performance, worth every penny.",4,2023-10-06,Yes,3,outstanding performance worth every penny,Positive,0.7096,Positive,2023-10
REV000707,CLO1242,Clothing,Yoga Pants,"great quality and works perfectly, highly recommend. Fast shipping too!",5,2024-10-03,Yes,2,great quality works perfectly highly recommend fast shipping too,Positive,0.9078,Positive,2024-10
REV000207,ELE1220,Electronics,Wireless Earbuds,"outstanding performance, worth every penny.",4,2024-07-02,Yes,0,outstanding performance worth every penny,Positive,0.7096,Positive,2024-07
REV000029,ELE1405,Electronics,Laptop Stand,"does what it says, no major complaints.",3,2023-01-14,No,1,what says major complaints,Positive,0.0903,Neutral,2023-01
REV000265,CLO1105,Clothing,Yoga Pants,"decent for the price, but not amazing. Might update this review later.",3,2023-11-23,Yes,0,decent price amazing might update review later,Negative,-0.6259,Neutral,2023-11
REV002142,CLO1140,Clothing,Cotton T-Shirt,"not bad, not great, just an average item. Might update this review later.",3,2024-11-27,Yes,1,bad great average item might update review later,Positive,0.6754,Neutral,2024-11
REV002530,BEA1164,Beauty,Face Moisturizer,works flawlessly and looks even better in person. Five stars from me.,5,2023-06-06,Yes,5,works flawlessly looks even better person five stars me,Positive,0.5719,Positive,2023-06
REV001376,SPO1122,Sports & Outdoors,Yoga Mat,"excellent build quality, arrived quickly and works great. Five stars from me.",5,2024-07-30,Yes,4,excellent build quality arrived quickly works great five stars me,Positive,0.8316,Positive,2024-07
REV003447,ELE1344,Electronics,Bluetooth Speaker,"superb product, will definitely buy again. Five stars from me.",5,2024-06-07,Yes,2,superb product definitely buy again five stars me,Positive,0.7783,Positive,2024-06
REV003275,BOO1789,Books,Sci-Fi Trilogy,"works fine so far, will update if anything changes. We'll see how it holds up.",3,2024-09-25,Yes,0,works fine far update anything changes ll see how holds up,Positive,0.2023,Neutral,2024-09
REV003610,BEA1002,Beauty,Face Moisturizer,"decent for the price, but not amazing.",3,2024-12-04,No,0,decent price amazing,Negative,-0.6259,Neutral,2024-12
REV003927,CLO1744,Clothing,Denim Jeans,"it's fine, though the packaging could be better. Still testing it out.",3,2023-10-07,Yes,0,fine though packaging better still testing out,Positive,0.5719,Neutral,2023-10
REV002687,BEA1920,Beauty,Shampoo,"very satisfied, the quality exceeded what I paid for. Five stars from me.",5,2024-04-10,Yes,8,satisfied quality exceeded what paid five stars me,Positive,0.4754,Positive,2024-04
REV003937,ELE1660,Electronics,Bluetooth Speaker,"superb product, will definitely buy again. Five stars from me.",5,2024-02-01,Yes,0,superb product definitely buy again five stars me,Positive,0.7783,Positive,2024-02
REV002162,SPO1349,Sports & Outdoors,Camping Tent,"does not match the description, quite misleading. Wish I'd read reviews first.",1,2023-04-18,No,0,match description quite misleading wish read reviews first,Neutral,-0.0038,Negative,2023-04
REV003984,HOM1840,Home & Kitchen,Vacuum Cleaner,"decent for the price, but not amazing. Still testing it out.",3,2023-12-17,Yes,0,decent price amazing still testing out,Negative,-0.6259,Neutral,2023-12
REV000943,SPO1545,Sports & Outdoors,Water Bottle,"outstanding performance, worth every penny. Five stars from me.",4,2023-06-01,Yes,6,outstanding performance worth every penny five stars me,Positive,0.7096,Positive,2023-06
REV003287,HOM1641,Home & Kitchen,Vacuum Cleaner,"amazing value for the price, very happy with this purchase. My whole family loves it.",4,2023-04-06,Yes,7,amazing value price happy purchase whole family loves,Positive,0.9312,Positive,2023-04
REV003860,ELE1826,Electronics,Power Bank,"excellent build quality, arrived quickly and works great. Five stars from me.",5,2023-08-15,Yes,1,excellent build quality arrived quickly works great five stars me,Positive,0.8316,Positive,2023-08
REV001195,BOO1829,Books,Sci-Fi Trilogy,"superb product, will definitely buy again. My whole family loves it.",5,2024-06-07,Yes,2,superb product definitely buy again whole family loves,Positive,0.8885,Positive,2024-06
REV000545,SPO1554,Sports & Outdoors,Yoga Mat,"superb product, will definitely buy again. Five stars from me.",4,2023-08-10,No,0,superb product definitely buy again five stars me,Positive,0.7783,Positive,2023-08
REV001011,BOO1035,Books,Self-Help Guide,"excellent build quality, arrived quickly and works great.",5,2023-11-20,Yes,1,excellent build quality arrived quickly works great,Positive,0.8316,Positive,2023-11
REV002850,BEA1115,Beauty,Face Moisturizer,"decent for the price, but not amazing. Might update this review later.",3,2024-11-17,Yes,1,decent price amazing might update review later,Negative,-0.6259,Neutral,2024-11
REV000414,SPO1353,Sports & Outdoors,Yoga Mat,"broke within a week, waste of money.",1,2023-01-29,No,1,broke within week waste money,Negative,-0.6808,Negative,2023-01
REV000525,ELE1277,Electronics,Laptop Stand,works flawlessly and looks even better in person.,5,2024-10-14,Yes,12,works flawlessly looks even better person,Positive,0.5719,Positive,2024-10
REV003643,BOO1699,Books,Mystery Novel,"superb product, will definitely buy again.",5,2024-06-30,No,3,superb product definitely buy again,Positive,0.7783,Positive,2024-06
REV000593,ELE1582,Electronics,Wireless Earbuds,"excellent build quality, arrived quickly and works great. Would buy again.",4,2023-01-05,Yes,1,excellent build quality arrived quickly works great buy again,Positive,0.8316,Positive,2023-01
REV000866,HOM1017,Home & Kitchen,Blender,"does not match the description, quite misleading. Wish I'd read reviews first.",2,2024-08-12,Yes,1,match description quite misleading wish read reviews first,Neutral,-0.0038,Negative,2024-08
REV000573,ELE1710,Electronics,Power Bank,"this is fantastic, exactly what I needed. My whole family loves it.",5,2023-03-29,Yes,0,fantastic exactly what needed whole family loves,Positive,0.8074,Positive,2023-03
REV000772,HOM1566,Home & Kitchen,Non-Stick Pan Set,"average product, met basic expectations. We'll see how it holds up.",3,2023-05-01,Yes,0,average product met basic expectations ll see how holds up,Neutral,0.0,Neutral,2023-05
REV003767,BEA1198,Beauty,Hair Dryer,"amazing value for the price, very happy with this purchase. Would buy again.",5,2024-09-25,No,8,amazing value price happy purchase buy again,Positive,0.8805,Positive,2024-09
REV000010,HOM1765,Home & Kitchen,Non-Stick Pan Set,"does not match the description, quite misleading. Very frustrating.",1,2023-11-12,Yes,4,match description quite misleading frustrating,Negative,-0.7543,Negative,2023-11
REV001875,SPO1704,Sports & Outdoors,Yoga Mat,"absolutely love this product, exceeded my expectations. Would buy again.",5,2024-12-04,Yes,2,absolutely love product exceeded expectations buy again,Positive,0.6697,Positive,2024-12
REV001065,BOO1785,Books,Self-Help Guide,arrived defective and customer support was unhelpful. Very frustrating.,2,2024-06-23,Yes,5,arrived defective customer support unhelpful frustrating,Negative,-0.5256,Negative,2024-06
REV001841,CLO1057,Clothing,Denim Jeans,cheaply made and feels flimsy. Would not recommend to anyone.,2,2024-12-26,Yes,1,cheaply made feels flimsy recommend anyone,Negative,-0.2755,Negative,2024-12
REV002965,SPO1864,Sports & Outdoors,Camping Tent,"this is fantastic, exactly what I needed. My whole family loves it.",5,2024-12-12,Yes,6,fantastic exactly what needed whole family loves,Positive,0.8074,Positive,2024-12
REV001995,BEA1733,Beauty,Shampoo,"works fine so far, will update if anything changes.",3,2023-10-05,Yes,0,works fine far update anything changes,Positive,0.2023,Neutral,2023-10
REV002390,ELE1324,Electronics,Smartwatch,perfect fit and great customer service too. Would buy again.,5,2023-06-20,Yes,6,perfect fit great customer service too buy again,Positive,0.8834,Positive,2023-06
REV001172,ELE1678,Electronics,Laptop Stand,"decent for the price, but not amazing.",3,2024-08-04,Yes,0,decent price amazing,Negative,-0.6259,Neutral,2024-08
REV000512,CLO1615,Clothing,Running Shoes,"very satisfied, the quality exceeded what I paid for. Would buy again.",4,2023-01-21,Yes,1,satisfied quality exceeded what paid buy again,Positive,0.4754,Positive,2023-01
REV000617,BEA1075,Beauty,Lip Balm Set,works flawlessly and looks even better in person.,5,2024-04-26,Yes,4,works flawlessly looks even better person,Positive,0.5719,Positive,2024-04
REV001167,BEA1707,Beauty,Shampoo,"superb product, will definitely buy again. Fast shipping too!",5,2024-07-17,No,0,superb product definitely buy again fast shipping too,Positive,0.7959,Positive,2024-07
REV003277,BOO1266,Books,Business Book,"poor quality, not worth the money at all. Very frustrating.",1,2023-03-20,Yes,0,poor quality worth money all frustrating,Negative,-0.7881,Negative,2023-03
REV003102,SPO1332,Sports & Outdoors,Water Bottle,"superb product, will definitely buy again. Five stars from me.",4,2024-09-02,Yes,3,superb product definitely buy again five stars me,Positive,0.7783,Positive,2024-09
REV002608,HOM1584,Home & Kitchen,Coffee Maker,"amazing value for the price, very happy with this purchase.",5,2023-06-02,Yes,3,amazing value price happy purchase,Positive,0.8805,Positive,2023-06
REV000240,HOM1460,Home & Kitchen,Coffee Maker,"outstanding performance, worth every penny. Would buy again.",4,2023-11-16,Yes,4,outstanding performance worth every penny buy again,Positive,0.7096,Positive,2023-11
REV001913,BOO1408,Books,Sci-Fi Trilogy,"not bad, not great, just an average item.",3,2023-10-07,Yes,0,bad great average item,Positive,0.6754,Neutral,2023-10
REV000069,SPO1114,Sports & Outdoors,Resistance Bands,perfect fit and great customer service too. My whole family loves it.,5,2023-11-01,No,2,perfect fit great customer service too whole family loves,Positive,0.9325,Positive,2023-11
REV000549,BEA1106,Beauty,Lip Balm Set,"very disappointed, stopped working after a few days.",2,2024-10-08,No,1,disappointed stopped working after few days,Negative,-0.6779,Negative,2024-10
REV000668,BOO1015,Books,Business Book,"gets the job done, nothing more nothing less. We'll see how it holds up.",3,2024-06-23,Yes,0,gets job done nothing more nothing less ll see how holds up,Neutral,0.0,Neutral,2024-06
REV003526,SPO1047,Sports & Outdoors,Hiking Backpack,"works fine so far, will update if anything changes. Might update this review later.",3,2023-07-20,Yes,0,works fine far update anything changes might update review later,Positive,0.2023,Neutral,2023-07
REV003798,HOM1878,Home & Kitchen,Vacuum Cleaner,"not as advertised, very frustrating purchase. Wish I'd read reviews first.   <br>  ",2,2023-07-31,No,6,advertised frustrating purchase wish read reviews first,Negative,-0.0591,Negative,2023-07
REV000894,BOO1938,Books,Cookbook,cheaply made and feels flimsy. Wish I'd read reviews first.,1,2023-07-14,Yes,0,cheaply made feels flimsy wish read reviews first,Positive,0.4019,Negative,2023-07
REV003708,SPO1963,Sports & Outdoors,Resistance Bands,perfect fit and great customer service too. Five stars from me.,5,2024-03-23,Yes,1,perfect fit great customer service too five stars me,Positive,0.8834,Positive,2024-03
REV003669,SPO1886,Sports & Outdoors,Yoga Mat,"very satisfied, the quality exceeded what I paid for. Would buy again.",5,2023-07-02,Yes,0,satisfied quality exceeded what paid buy again,Positive,0.4754,Positive,2023-07
REV003425,SPO1161,Sports & Outdoors,Resistance Bands,perfect fit and great customer service too.,5,2023-11-27,Yes,1,perfect fit great customer service too,Positive,0.8834,Positive,2023-11
REV001746,SPO1885,Sports & Outdoors,Hiking Backpack,"great quality and works perfectly, highly recommend. Would buy again.",5,2024-12-13,No,5,great quality works perfectly highly recommend buy again,Positive,0.902,Positive,2024-12
REV000109,BOO1492,Books,Business Book,"this is fantastic, exactly what I needed.",5,2024-03-01,Yes,1,fantastic exactly what needed,Positive,0.5574,Positive,2024-03
REV003391,SPO1191,Sports & Outdoors,Camping Tent,perfect fit and great customer service too. Fast shipping too!,5,2024-12-11,Yes,5,perfect fit great customer service too fast shipping too,Positive,0.8908,Positive,2024-12
REV002184,SPO1689,Sports & Outdoors,Hiking Backpack,"average product, met basic expectations. We'll see how it holds up.",3,2024-10-03,Yes,0,average product met basic expectations ll see how holds up,Neutral,0.0,Neutral,2024-10
REV001303,BEA1759,Beauty,Shampoo,"it's okay, does the job but nothing special.",3,2023-11-12,Yes,3,okay job nothing special,Negative,-0.3479,Neutral,2023-11
REV001353,ELE1267,Electronics,Wireless Earbuds,"works fine so far, will update if anything changes.",3,2023-01-29,Yes,2,works fine far update anything changes,Positive,0.2023,Neutral,2023-01
REV003608,SPO1212,Sports & Outdoors,Camping Tent,acceptable quality for casual use. Still testing it out.,3,2024-10-19,Yes,0,acceptable quality casual use still testing out,Positive,0.4767,Neutral,2024-10
REV000915,HOM1142,Home & Kitchen,Air Fryer,perfect fit and great customer service too.,5,2024-09-01,Yes,3,perfect fit great customer service too,Positive,0.8834,Positive,2024-09
REV001222,BEA1557,Beauty,Sunscreen SPF50,"great quality and works perfectly, highly recommend. Would buy again.",5,2024-07-26,Yes,0,great quality works perfectly highly recommend buy again,Positive,0.902,Positive,2024-07
REV003772,SPO1581,Sports & Outdoors,Camping Tent,"this is fantastic, exactly what I needed. Would buy again.",4,2024-07-13,Yes,0,fantastic exactly what needed buy again,Positive,0.5574,Positive,2024-07
REV002920,CLO1693,Clothing,Denim Jeans,"decent for the price, but not amazing. Still testing it out.",3,2024-04-28,Yes,2,decent price amazing still testing out,Negative,-0.6259,Neutral,2024-04
REV002143,SPO1724,Sports & Outdoors,Hiking Backpack,"great quality and works perfectly, highly recommend. Fast shipping too!",5,2024-12-22,Yes,5,great quality works perfectly highly recommend fast shipping too,Positive,0.9078,Positive,2024-12
REV001371,CLO1388,Clothing,Running Shoes,"average product, met basic expectations. We'll see how it holds up.",3,2023-09-21,Yes,0,average product met basic expectations ll see how holds up,Neutral,0.0,Neutral,2023-09
REV001776,BOO1485,Books,Mystery Novel,"it's fine, though the packaging could be better. Might update this review later.",3,2024-09-01,Yes,1,fine though packaging better might update review later,Positive,0.5719,Neutral,2024-09
REV002092,CLO1138,Clothing,Winter Jacket,"does what it says, no major complaints. Still testing it out.",3,2023-06-21,Yes,0,what says major complaints still testing out,Positive,0.0903,Neutral,2023-06
REV001705,CLO1114,Clothing,Running Shoes,"does what it says, no major complaints.",3,2024-11-25,Yes,0,what says major complaints,Positive,0.0903,Neutral,2024-11
REV001432,BOO1889,Books,Business Book,"decent for the price, but not amazing.",3,2023-02-13,Yes,0,decent price amazing,Negative,-0.6259,Neutral,2023-02
REV002717,CLO1626,Clothing,Yoga Pants,"worst purchase I've made this year, do not recommend. Asked for a refund.",1,2023-12-19,No,0,worst purchase ve made year recommend asked refund,Negative,-0.7359,Negative,2023-12
REV003718,CLO1518,Clothing,Winter Jacket,"outstanding performance, worth every penny. My whole family loves it.",5,2024-05-30,Yes,0,outstanding performance worth every penny whole family loves,Positive,0.8625,Positive,2024-05
REV001130,BEA1041,Beauty,Lip Balm Set,"it's okay, does the job but nothing special.",3,2023-12-26,Yes,0,okay job nothing special,Negative,-0.3479,Neutral,2023-12
REV002267,BEA1835,Beauty,Face Moisturizer,works flawlessly and looks even better in person. My whole family loves it.,4,2024-06-16,Yes,1,works flawlessly looks even better person whole family loves,Positive,0.8126,Positive,2024-06
REV003763,BEA1920,Beauty,Face Moisturizer,"great quality and works perfectly, highly recommend. Fast shipping too!",5,2023-08-21,Yes,1,great quality works perfectly highly recommend fast shipping too,Positive,0.9078,Positive,2023-08
REV002846,HOM1765,Home & Kitchen,Non-Stick Pan Set,"broke within a week, waste of money. Would not recommend to anyone.",1,2024-08-18,Yes,3,broke within week waste money recommend anyone,Negative,-0.7724,Negative,2024-08
REV000693,CLO1903,Clothing,Running Shoes,"amazing value for the price, very happy with this purchase.",5,2023-02-10,Yes,7,amazing value price happy purchase,Positive,0.8805,Positive,2023-02
REV002439,BOO1015,Books,Mystery Novel,"absolutely love this product, exceeded my expectations. Would buy again.",5,2024-10-31,Yes,1,absolutely love product exceeded expectations buy again,Positive,0.6697,Positive,2024-10
REV002383,ELE1680,Electronics,Wireless Earbuds,perfect fit and great customer service too.,4,2023-03-24,Yes,3,perfect fit great customer service too,Positive,0.8834,Positive,2023-03
REV000975,BOO1423,Books,Cookbook,"superb product, will definitely buy again. Would buy again.",5,2023-03-20,Yes,0,superb product definitely buy again buy again,Positive,0.7783,Positive,2023-03
REV000517,ELE1369,Electronics,Wireless Earbuds,"terrible experience, item arrived damaged. Asked for a refund.",2,2024-12-21,Yes,1,terrible experience item arrived damaged asked refund,Negative,-0.7184,Negative,2024-12
REV000820,CLO1891,Clothing,Denim Jeans,"worst purchase I've made this year, do not recommend. Wish I'd read reviews first.",1,2024-08-24,Yes,3,worst purchase ve made year recommend wish read reviews first,Negative,-0.816,Negative,2024-08
REV002925,HOM1660,Home & Kitchen,Blender,"poor quality, not worth the money at all. Would not recommend to anyone.",1,2024-12-10,Yes,3,poor quality worth money all recommend anyone,Negative,-0.7074,Negative,2024-12
REV000464,BOO1398,Books,Mystery Novel,"decent for the price, but not amazing. We'll see how it holds up.",3,2024-09-26,Yes,0,decent price amazing ll see how holds up,Negative,-0.6259,Neutral,2024-09
REV000482,HOM1584,Home & Kitchen,Non-Stick Pan Set,"worst purchase I've made this year, do not recommend. Very frustrating.",2,2024-10-29,No,1,worst purchase ve made year recommend frustrating,Negative,-0.5555,Negative,2024-10
REV000966,ELE1252,Electronics,Bluetooth Speaker,"superb product, will definitely buy again. Five stars from me.",5,2024-10-31,Yes,0,superb product definitely buy again five stars me,Positive,0.7783,Positive,2024-10
REV000737,HOM1254,Home & Kitchen,Air Fryer,works flawlessly and looks even better in person. Five stars from me.,4,2023-02-14,No,6,works flawlessly looks even better person five stars me,Positive,0.5719,Positive,2023-02
REV000672,CLO1459,Clothing,Winter Jacket,"great quality and works perfectly, highly recommend. My whole family loves it.",5,2023-11-22,Yes,1,great quality works perfectly highly recommend whole family loves,Positive,0.9412,Positive,2023-11
REV001224,BEA1262,Beauty,Face Moisturizer,works flawlessly and looks even better in person. Fast shipping too!,5,2023-10-24,Yes,0,works flawlessly looks even better person fast shipping too,Positive,0.6114,Positive,2023-10
REV001945,BEA1318,Beauty,Sunscreen SPF50,"superb product, will definitely buy again. Five stars from me.",5,2024-01-06,Yes,5,superb product definitely buy again five stars me,Positive,0.7783,Positive,2024-01
REV000671,SPO1050,Sports & Outdoors,Camping Tent,"excellent build quality, arrived quickly and works great. Fast shipping too!",4,2024-06-01,Yes,4,excellent build quality arrived quickly works great fast shipping too,Positive,0.8439,Positive,2024-06
REV000218,BOO1403,Books,Business Book,"very disappointed, stopped working after a few days.",1,2023-09-25,Yes,2,disappointed stopped working after few days,Negative,-0.6779,Negative,2023-09
REV002544,BOO1665,Books,Sci-Fi Trilogy,"broke within a week, waste of money. Asked for a refund.",2,2024-05-12,No,4,broke within week waste money asked refund,Negative,-0.6808,Negative,2024-05
REV000135,BOO1637,Books,Sci-Fi Trilogy,"poor quality, not worth the money at all. Asked for a refund.",2,2024-05-19,Yes,1,poor quality worth money all asked refund,Negative,-0.5812,Negative,2024-05
REV000343,ELE1469,Electronics,Bluetooth Speaker,"great quality and works perfectly, highly recommend.",4,2024-06-29,Yes,10,great quality works perfectly highly recommend,Positive,0.902,Positive,2024-06
REV000675,ELE1860,Electronics,Power Bank,arrived defective and customer support was unhelpful. Wish I'd read reviews first.,2,2023-12-31,Yes,1,arrived defective customer support unhelpful wish read reviews first,Positive,0.3612,Negative,2023-12
REV000465,SPO1370,Sports & Outdoors,Hiking Backpack,cheaply made and feels flimsy. Wish I'd read reviews first.,2,2023-03-20,No,1,cheaply made feels flimsy wish read reviews first,Positive,0.4019,Negative,2023-03
REV003881,BOO1121,Books,Self-Help Guide,"superb product, will definitely buy again. Would buy again.",5,2023-05-29,Yes,3,superb product definitely buy again buy again,Positive,0.7783,Positive,2023-05
REV000087,BOO1749,Books,Self-Help Guide,"this is fantastic, exactly what I needed.",5,2023-02-26,No,1,fantastic exactly what needed,Positive,0.5574,Positive,2023-02
REV002760,BOO1284,Books,Self-Help Guide,"very satisfied, the quality exceeded what I paid for. Fast shipping too!",4,2023-08-09,Yes,2,satisfied quality exceeded what paid fast shipping too,Positive,0.5244,Positive,2023-08
REV000420,SPO1713,Sports & Outdoors,Yoga Mat,"it's okay, does the job but nothing special. Might update this review later.",3,2024-09-29,Yes,0,okay job nothing special might update review later,Negative,-0.3479,Neutral,2024-09
REV000566,BEA1877,Beauty,Hair Dryer,"superb product, will definitely buy again.",5,2023-09-17,Yes,0,superb product definitely buy again,Positive,0.7783,Positive,2023-09
REV002286,SPO1990,Sports & Outdoors,Camping Tent,"very satisfied, the quality exceeded what I paid for. Would buy again.",5,2024-02-18,Yes,2,satisfied quality exceeded what paid buy again,Positive,0.4754,Positive,2024-02
REV002266,CLO1121,Clothing,Denim Jeans,"decent for the price, but not amazing.",3,2024-01-09,Yes,1,decent price amazing,Negative,-0.6259,Neutral,2024-01
REV002126,BEA1396,Beauty,Sunscreen SPF50,"this is fantastic, exactly what I needed. Would buy again.",5,2024-05-15,Yes,1,fantastic exactly what needed buy again,Positive,0.5574,Positive,2024-05
REV001572,HOM1984,Home & Kitchen,Non-Stick Pan Set,"very satisfied, the quality exceeded what I paid for.",5,2023-10-22,Yes,0,satisfied quality exceeded what paid,Positive,0.4754,Positive,2023-10
REV002795,HOM1796,Home & Kitchen,Blender,"does what it says, no major complaints. We'll see how it holds up.",3,2023-05-18,Yes,0,what says major complaints ll see how holds up,Positive,0.0903,Neutral,2023-05
REV000133,ELE1991,Electronics,Laptop Stand,"average product, met basic expectations. We'll see how it holds up.",3,2024-02-13,Yes,0,average product met basic expectations ll see how holds up,Neutral,0.0,Neutral,2024-02
REV001862,SPO1327,Sports & Outdoors,Camping Tent,cheaply made and feels flimsy.,2,2024-08-29,Yes,2,cheaply made feels flimsy,Neutral,0.0,Negative,2024-08
REV001533,HOM1887,Home & Kitchen,Air Fryer,"it's okay, does the job but nothing special.",3,2024-08-12,Yes,0,okay job nothing special,Negative,-0.3479,Neutral,2024-08
REV002019,SPO1952,Sports & Outdoors,Camping Tent,"amazing value for the price, very happy with this purchase. Five stars from me.",4,2023-01-07,Yes,0,amazing value price happy purchase five stars me,Positive,0.8805,Positive,2023-01
REV003152,ELE1071,Electronics,Smartwatch,"outstanding performance, worth every penny. Fast shipping too!",5,2023-11-15,Yes,2,outstanding performance worth every penny fast shipping too,Positive,0.7345,Positive,2023-11
REV003378,CLO1984,Clothing,Running Shoes,"not as advertised, very frustrating purchase. Would not recommend to anyone.",1,2024-12-03,No,1,advertised frustrating purchase recommend anyone,Negative,-0.6489,Negative,2024-12
REV003655,ELE1684,Electronics,Wireless Earbuds,"works fine so far, will update if anything changes. We'll see how it holds up.",3,2023-04-15,Yes,0,works fine far update anything changes ll see how holds up,Positive,0.2023,Neutral,2023-04
REV002970,CLO1225,Clothing,Running Shoes,"absolutely love this product, exceeded my expectations.",5,2024-12-15,No,1,absolutely love product exceeded expectations,Positive,0.6697,Positive,2024-12
REV000639,HOM1528,Home & Kitchen,Non-Stick Pan Set,"poor quality, not worth the money at all.",2,2024-06-26,No,2,poor quality worth money all,Negative,-0.5812,Negative,2024-06
REV000157,BOO1222,Books,Business Book,"poor quality, not worth the money at all. Very frustrating.",1,2023-03-16,No,1,poor quality worth money all frustrating,Negative,-0.7881,Negative,2023-03
REV003999,BOO1347,Books,Self-Help Guide,perfect fit and great customer service too. Five stars from me.,5,2024-06-12,Yes,0,perfect fit great customer service too five stars me,Positive,0.8834,Positive,2024-06
REV001534,ELE1974,Electronics,Laptop Stand,"not as advertised, very frustrating purchase.",1,2024-08-06,Yes,4,advertised frustrating purchase,Negative,-0.4927,Negative,2024-08
REV001000,HOM1742,Home & Kitchen,Blender,"very satisfied, the quality exceeded what I paid for. Five stars from me.",4,2024-08-27,Yes,7,satisfied quality exceeded what paid five stars me,Positive,0.4754,Positive,2024-08
REV002447,HOM1759,Home & Kitchen,Vacuum Cleaner,"superb product, will definitely buy again. Fast shipping too!",5,2024-04-17,Yes,2,superb product definitely buy again fast shipping too,Positive,0.7959,Positive,2024-04
REV002785,SPO1370,Sports & Outdoors,Camping Tent,"excellent build quality, arrived quickly and works great. Would buy again.",5,2023-05-16,Yes,5,excellent build quality arrived quickly works great buy again,Positive,0.8316,Positive,2023-05
REV003381,CLO1758,Clothing,Yoga Pants,"this is fantastic, exactly what I needed. Five stars from me.",5,2024-10-05,Yes,1,fantastic exactly what needed five stars me,Positive,0.5574,Positive,2024-10
REV001721,CLO1406,Clothing,Denim Jeans,"amazing value for the price, very happy with this purchase. My whole family loves it.",5,2024-01-05,Yes,3,amazing value price happy purchase whole family loves,Positive,0.9312,Positive,2024-01
REV002230,SPO1348,Sports & Outdoors,Resistance Bands,works flawlessly and looks even better in person. Would buy again.,5,2024-01-01,Yes,2,works flawlessly looks even better person buy again,Positive,0.5719,Positive,2024-01
REV000768,SPO1732,Sports & Outdoors,Hiking Backpack,"gets the job done, nothing more nothing less. Might update this review later.",3,2024-10-20,No,2,gets job done nothing more nothing less might update review later,Neutral,0.0,Neutral,2024-10
REV001499,BOO1591,Books,Cookbook,"not bad, not great, just an average item. Still testing it out.",3,2024-05-29,Yes,0,bad great average item still testing out,Positive,0.6754,Neutral,2024-05
REV003785,ELE1217,Electronics,Smartwatch,"decent for the price, but not amazing.   <br>  ",3,2023-04-04,Yes,0,decent price amazing,Negative,-0.6259,Neutral,2023-04
REV001328,BOO1840,Books,Mystery Novel,"superb product, will definitely buy again. Fast shipping too!",5,2023-04-29,No,3,superb product definitely buy again fast shipping too,Positive,0.7959,Positive,2023-04
REV000138,CLO1739,Clothing,Running Shoes,"this is fantastic, exactly what I needed. Would buy again.",5,2023-06-12,Yes,0,fantastic exactly what needed buy again,Positive,0.5574,Positive,2023-06
REV002277,BOO1808,Books,Self-Help Guide,"this is fantastic, exactly what I needed. Five stars from me.",5,2023-11-05,Yes,2,fantastic exactly what needed five stars me,Positive,0.5574,Positive,2023-11
REV001873,SPO1796,Sports & Outdoors,Hiking Backpack,"absolutely love this product, exceeded my expectations. My whole family loves it.",4,2023-05-05,Yes,0,absolutely love product exceeded expectations whole family loves,Positive,0.8479,Positive,2023-05
REV003864,ELE1649,Electronics,Laptop Stand,"outstanding performance, worth every penny. Fast shipping too!",4,2024-09-27,No,0,outstanding performance worth every penny fast shipping too,Positive,0.7345,Positive,2024-09
REV001608,CLO1796,Clothing,Yoga Pants,works flawlessly and looks even better in person. Fast shipping too!,5,2023-08-11,Yes,3,works flawlessly looks even better person fast shipping too,Positive,0.6114,Positive,2023-08
REV001760,BEA1311,Beauty,Face Moisturizer,"great quality and works perfectly, highly recommend. Five stars from me.",5,2024-08-03,Yes,1,great quality works perfectly highly recommend five stars me,Positive,0.902,Positive,2024-08
REV002712,SPO1443,Sports & Outdoors,Water Bottle,perfect fit and great customer service too. Would buy again.,5,2024-10-24,Yes,7,perfect fit great customer service too buy again,Positive,0.8834,Positive,2024-10
REV001217,HOM1410,Home & Kitchen,Non-Stick Pan Set,acceptable quality for casual use.,3,2023-09-26,Yes,0,acceptable quality casual use,Positive,0.4767,Neutral,2023-09
REV002610,BOO1966,Books,Business Book,"worst purchase I've made this year, do not recommend.",2,2023-02-10,Yes,3,worst purchase ve made year recommend,Negative,-0.7359,Negative,2023-02
REV003844,BOO1900,Books,Mystery Novel,"excellent build quality, arrived quickly and works great. Five stars from me.",5,2023-02-17,Yes,1,excellent build quality arrived quickly works great five stars me,Positive,0.8316,Positive,2023-02
REV002414,ELE1013,Electronics,Laptop Stand,"superb product, will definitely buy again. My whole family loves it.",5,2024-07-19,No,1,superb product definitely buy again whole family loves,Positive,0.8885,Positive,2024-07
REV003676,HOM1753,Home & Kitchen,Air Fryer,"very satisfied, the quality exceeded what I paid for. Would buy again.",5,2023-04-11,Yes,7,satisfied quality exceeded what paid buy again,Positive,0.4754,Positive,2023-04
REV001192,HOM1341,Home & Kitchen,Coffee Maker,"great quality and works perfectly, highly recommend. Would buy again.",5,2023-09-29,No,3,great quality works perfectly highly recommend buy again,Positive,0.902,Positive,2023-09
REV000352,SPO1457,Sports & Outdoors,Resistance Bands,"excellent build quality, arrived quickly and works great. Fast shipping too!",5,2024-12-12,No,1,excellent build quality arrived quickly works great fast shipping too,Positive,0.8439,Positive,2024-12
REV000951,BEA1779,Beauty,Shampoo,"reasonable quality, similar to other products in this range. Still testing it out.",3,2023-05-23,No,0,reasonable quality similar other products range still testing out,Neutral,0.0,Neutral,2023-05
REV002675,HOM1790,Home & Kitchen,Non-Stick Pan Set,"works fine so far, will update if anything changes. We'll see how it holds up.",3,2024-07-19,No,0,works fine far update anything changes ll see how holds up,Positive,0.2023,Neutral,2024-07
REV002729,SPO1811,Sports & Outdoors,Resistance Bands,"it's fine, though the packaging could be better. We'll see how it holds up.",3,2023-03-15,Yes,0,fine though packaging better ll see how holds up,Positive,0.5719,Neutral,2023-03
REV003204,SPO1237,Sports & Outdoors,Resistance Bands,"gets the job done, nothing more nothing less.",3,2023-05-27,Yes,0,gets job done nothing more nothing less,Neutral,0.0,Neutral,2023-05
REV002173,BOO1755,Books,Sci-Fi Trilogy,"absolutely love this product, exceeded my expectations. Five stars from me.",5,2024-04-06,No,0,absolutely love product exceeded expectations five stars me,Positive,0.6697,Positive,2024-04
REV003912,BOO1522,Books,Mystery Novel,cheaply made and feels flimsy. Would not recommend to anyone.,1,2024-01-13,Yes,0,cheaply made feels flimsy recommend anyone,Negative,-0.2755,Negative,2024-01
REV003518,SPO1588,Sports & Outdoors,Yoga Mat,works flawlessly and looks even better in person. Fast shipping too!,5,2023-08-26,Yes,1,works flawlessly looks even better person fast shipping too,Positive,0.6114,Positive,2023-08
REV001880,ELE1240,Electronics,Power Bank,"absolutely love this product, exceeded my expectations. My whole family loves it.",4,2023-10-03,Yes,1,absolutely love product exceeded expectations whole family loves,Positive,0.8479,Positive,2023-10
REV001201,CLO1423,Clothing,Running Shoes,"absolutely love this product, exceeded my expectations. Would buy again.",4,2023-12-07,No,2,absolutely love product exceeded expectations buy again,Positive,0.6697,Positive,2023-12
REV000857,SPO1508,Sports & Outdoors,Water Bottle,perfect fit and great customer service too. Five stars from me.,5,2024-05-05,No,2,perfect fit great customer service too five stars me,Positive,0.8834,Positive,2024-05
REV002733,HOM1216,Home & Kitchen,Coffee Maker,"excellent build quality, arrived quickly and works great. Would buy again.",5,2024-10-04,Yes,11,excellent build quality arrived quickly works great buy again,Positive,0.8316,Positive,2024-10
REV000757,BOO1011,Books,Business Book,works flawlessly and looks even better in person. Five stars from me.,4,2024-01-21,Yes,0,works flawlessly looks even better person five stars me,Positive,0.5719,Positive,2024-01
REV001661,BOO1896,Books,Cookbook,"works fine so far, will update if anything changes. We'll see how it holds up.",3,2024-10-19,Yes,1,works fine far update anything changes ll see how holds up,Positive,0.2023,Neutral,2024-10
REV001082,CLO1688,Clothing,Winter Jacket,"amazing value for the price, very happy with this purchase. My whole family loves it.",4,2023-12-07,Yes,0,amazing value price happy purchase whole family loves,Positive,0.9312,Positive,2023-12
REV002409,SPO1682,Sports & Outdoors,Resistance Bands,works flawlessly and looks even better in person. Five stars from me.,5,2023-01-21,Yes,5,works flawlessly looks even better person five stars me,Positive,0.5719,Positive,2023-01
REV003130,BEA1407,Beauty,Lip Balm Set,"superb product, will definitely buy again. Five stars from me.   <br>  ",5,2024-04-07,Yes,6,superb product definitely buy again five stars me,Positive,0.7783,Positive,2024-04
REV002777,BEA1210,Beauty,Sunscreen SPF50,"this is fantastic, exactly what I needed. Fast shipping too!",5,2024-05-20,Yes,0,fantastic exactly what needed fast shipping too,Positive,0.5983,Positive,2024-05
REV001417,SPO1667,Sports & Outdoors,Water Bottle,"it's okay, does the job but nothing special. Might update this review later.",3,2024-04-11,Yes,0,okay job nothing special might update review later,Negative,-0.3479,Neutral,2024-04
REV000415,CLO1427,Clothing,Yoga Pants,"poor quality, not worth the money at all. Wish I'd read reviews first.",1,2024-01-11,Yes,1,poor quality worth money all wish read reviews first,Negative,-0.2654,Negative,2024-01
REV001965,CLO1092,Clothing,Denim Jeans,"gets the job done, nothing more nothing less. Might update this review later.",3,2024-12-19,Yes,0,gets job done nothing more nothing less might update review later,Neutral,0.0,Neutral,2024-12
REV001081,BEA1861,Beauty,Lip Balm Set,perfect fit and great customer service too. Would buy again.,5,2023-12-21,No,4,perfect fit great customer service too buy again,Positive,0.8834,Positive,2023-12
REV002887,ELE1243,Electronics,Laptop Stand,works flawlessly and looks even better in person. Five stars from me.,5,2024-11-16,Yes,0,works flawlessly looks even better person five stars me,Positive,0.5719,Positive,2024-11
REV003341,CLO1859,Clothing,Running Shoes,"it's okay, does the job but nothing special. Still testing it out.",3,2024-03-03,Yes,0,okay job nothing special still testing out,Negative,-0.3479,Neutral,2024-03
REV001403,BEA1665,Beauty,Hair Dryer,"regret buying this, quality is really bad. Very frustrating.   <br>  ",1,2024-12-08,Yes,1,regret buying quality bad frustrating,Negative,-0.8764,Negative,2024-12
REV001722,SPO1815,Sports & Outdoors,Camping Tent,"very satisfied, the quality exceeded what I paid for. My whole family loves it.   <br>  ",5,2023-03-26,Yes,0,satisfied quality exceeded what paid whole family loves,Positive,0.7778,Positive,2023-03
REV002579,BEA1313,Beauty,Sunscreen SPF50,"terrible experience, item arrived damaged. Asked for a refund.",2,2023-04-27,Yes,0,terrible experience item arrived damaged asked refund,Negative,-0.7184,Negative,2023-04
REV002234,HOM1823,Home & Kitchen,Non-Stick Pan Set,"decent for the price, but not amazing. Still testing it out.",3,2024-07-11,Yes,0,decent price amazing still testing out,Negative,-0.6259,Neutral,2024-07
REV001233,CLO1603,Clothing,Running Shoes,"average product, met basic expectations. We'll see how it holds up.",3,2023-01-21,Yes,1,average product met basic expectations ll see how holds up,Neutral,0.0,Neutral,2023-01
REV003331,ELE1093,Electronics,Power Bank,"does what it says, no major complaints. Might update this review later.",3,2023-05-02,Yes,0,what says major complaints might update review later,Positive,0.0903,Neutral,2023-05
REV001121,CLO1073,Clothing,Yoga Pants,"average product, met basic expectations. Still testing it out.",3,2024-08-02,No,3,average product met basic expectations still testing out,Neutral,0.0,Neutral,2024-08
REV002091,CLO1562,Clothing,Winter Jacket,"worst purchase I've made this year, do not recommend.",1,2023-10-19,Yes,6,worst purchase ve made year recommend,Negative,-0.7359,Negative,2023-10
REV000023,SPO1641,Sports & Outdoors,Hiking Backpack,"excellent build quality, arrived quickly and works great. Fast shipping too!",5,2023-06-20,Yes,0,excellent build quality arrived quickly works great fast shipping too,Positive,0.8439,Positive,2023-06
REV001544,SPO1395,Sports & Outdoors,Resistance Bands,"reasonable quality, similar to other products in this range. Still testing it out.",3,2023-07-08,Yes,0,reasonable quality similar other products range still testing out,Neutral,0.0,Neutral,2023-07
REV001031,SPO1247,Sports & Outdoors,Camping Tent,"very disappointed, stopped working after a few days. Wish I'd read reviews first.",2,2024-04-11,Yes,5,disappointed stopped working after few days wish read reviews first,Negative,-0.4351,Negative,2024-04
REV000379,HOM1069,Home & Kitchen,Air Fryer,"decent for the price, but not amazing. We'll see how it holds up.   <br>  ",3,2023-03-27,No,0,decent price amazing ll see how holds up,Negative,-0.6259,Neutral,2023-03
REV000351,BOO1731,Books,Sci-Fi Trilogy,"it's okay, does the job but nothing special. We'll see how it holds up.",3,2024-11-02,Yes,1,okay job nothing special ll see how holds up,Negative,-0.3479,Neutral,2024-11
REV001712,CLO1312,Clothing,Yoga Pants,"regret buying this, quality is really bad. Would not recommend to anyone.",1,2023-02-08,No,2,regret buying quality bad recommend anyone,Negative,-0.8273,Negative,2023-02
REV001418,BEA1205,Beauty,Sunscreen SPF50,"decent for the price, but not amazing. Still testing it out.",3,2023-08-07,Yes,2,decent price amazing still testing out,Negative,-0.6259,Neutral,2023-08
REV002913,ELE1846,Electronics,Power Bank,works flawlessly and looks even better in person. Five stars from me.,5,2023-03-16,No,0,works flawlessly looks even better person five stars me,Positive,0.5719,Positive,2023-03
REV003468,CLO1865,Clothing,Cotton T-Shirt,"poor quality, not worth the money at all.",1,2024-11-29,Yes,5,poor quality worth money all,Negative,-0.5812,Negative,2024-11
REV003873,SPO1214,Sports & Outdoors,Resistance Bands,"great quality and works perfectly, highly recommend. Fast shipping too!",5,2024-02-27,Yes,0,great quality works perfectly highly recommend fast shipping too,Positive,0.9078,Positive,2024-02
REV003612,BOO1951,Books,Business Book,"average product, met basic expectations.",3,2024-09-01,No,1,average product met basic expectations,Neutral,0.0,Neutral,2024-09
REV001105,HOM1394,Home & Kitchen,Air Fryer,perfect fit and great customer service too. Five stars from me.,5,2024-08-21,Yes,1,perfect fit great customer service too five stars me,Positive,0.8834,Positive,2024-08
REV000530,BEA1862,Beauty,Hair Dryer,"superb product, will definitely buy again. Fast shipping too!",4,2024-04-29,Yes,5,superb product definitely buy again fast shipping too,Positive,0.7959,Positive,2024-04
REV000246,BOO1885,Books,Cookbook,perfect fit and great customer service too. Would buy again.,5,2023-05-26,Yes,2,perfect fit great customer service too buy again,Positive,0.8834,Positive,2023-05
REV001250,HOM1804,Home & Kitchen,Coffee Maker,works flawlessly and looks even better in person. Would buy again.,5,2023-08-27,No,0,works flawlessly looks even better person buy again,Positive,0.5719,Positive,2023-08
REV002425,BEA1773,Beauty,Sunscreen SPF50,"superb product, will definitely buy again. Would buy again.",4,2023-12-31,Yes,6,superb product definitely buy again buy again,Positive,0.7783,Positive,2023-12
REV001961,BEA1014,Beauty,Sunscreen SPF50,"not as advertised, very frustrating purchase. Wish I'd read reviews first.",2,2023-01-27,Yes,1,advertised frustrating purchase wish read reviews first,Negative,-0.0591,Negative,2023-01
REV000959,SPO1251,Sports & Outdoors,Camping Tent,"outstanding performance, worth every penny. Five stars from me.",5,2023-01-11,No,2,outstanding performance worth every penny five stars me,Positive,0.7096,Positive,2023-01
REV001821,ELE1309,Electronics,Smartwatch,perfect fit and great customer service too. Five stars from me.,4,2024-10-23,No,1,perfect fit great customer service too five stars me,Positive,0.8834,Positive,2024-10
REV003446,HOM1724,Home & Kitchen,Air Fryer,"not as advertised, very frustrating purchase.",2,2024-03-22,Yes,7,advertised frustrating purchase,Negative,-0.4927,Negative,2024-03
REV000574,CLO1887,Clothing,Cotton T-Shirt,acceptable quality for casual use. Might update this review later.,3,2024-05-26,Yes,0,acceptable quality casual use might update review later,Positive,0.4767,Neutral,2024-05
REV002681,BEA1363,Beauty,Sunscreen SPF50,"amazing value for the price, very happy with this purchase. My whole family loves it.",4,2023-02-24,Yes,2,amazing value price happy purchase whole family loves,Positive,0.9312,Positive,2023-02
REV003399,ELE1424,Electronics,Power Bank,arrived defective and customer support was unhelpful. Very frustrating.,1,2024-02-16,Yes,10,arrived defective customer support unhelpful frustrating,Negative,-0.5256,Negative,2024-02
REV001219,BOO1305,Books,Self-Help Guide,"great quality and works perfectly, highly recommend.",4,2024-07-30,No,1,great quality works perfectly highly recommend,Positive,0.902,Positive,2024-07
REV000499,ELE1245,Electronics,Power Bank,"not bad, not great, just an average item. We'll see how it holds up.",3,2024-09-15,Yes,0,bad great average item ll see how holds up,Positive,0.6754,Neutral,2024-09
REV001895,BEA1437,Beauty,Sunscreen SPF50,"it's fine, though the packaging could be better.",3,2023-09-15,No,3,fine though packaging better,Positive,0.5719,Neutral,2023-09
REV002750,ELE1312,Electronics,Laptop Stand,"this is fantastic, exactly what I needed. Five stars from me.",5,2023-04-02,Yes,9,fantastic exactly what needed five stars me,Positive,0.5574,Positive,2023-04
REV002188,HOM1578,Home & Kitchen,Blender,"broke within a week, waste of money. Asked for a refund.",2,2023-12-02,Yes,0,broke within week waste money asked refund,Negative,-0.6808,Negative,2023-12
REV003436,CLO1207,Clothing,Running Shoes,"superb product, will definitely buy again.",5,2024-07-27,No,5,superb product definitely buy again,Positive,0.7783,Positive,2024-07
REV002112,CLO1622,Clothing,Cotton T-Shirt,"superb product, will definitely buy again. Fast shipping too!",5,2024-10-19,Yes,1,superb product definitely buy again fast shipping too,Positive,0.7959,Positive,2024-10
REV003286,SPO1932,Sports & Outdoors,Hiking Backpack,"works fine so far, will update if anything changes. Might update this review later.",3,2023-09-23,No,1,works fine far update anything changes might update review later,Positive,0.2023,Neutral,2023-09
REV000200,BEA1564,Beauty,Face Moisturizer,"gets the job done, nothing more nothing less. Might update this review later.",3,2024-12-08,Yes,0,gets job done nothing more nothing less might update review later,Neutral,0.0,Neutral,2024-12
REV001048,ELE1710,Electronics,Smartwatch,"outstanding performance, worth every penny. Five stars from me.",5,2024-06-01,Yes,6,outstanding performance worth every penny five stars me,Positive,0.7096,Positive,2024-06
REV000799,CLO1832,Clothing,Yoga Pants,"outstanding performance, worth every penny. My whole family loves it.",4,2023-07-16,Yes,0,outstanding performance worth every penny whole family loves,Positive,0.8625,Positive,2023-07
REV000800,HOM1423,Home & Kitchen,Vacuum Cleaner,"it's fine, though the packaging could be better.",3,2024-10-02,Yes,0,fine though packaging better,Positive,0.5719,Neutral,2024-10
REV001138,ELE1554,Electronics,Laptop Stand,"superb product, will definitely buy again.",4,2023-05-16,No,0,superb product definitely buy again,Positive,0.7783,Positive,2023-05
REV003306,BEA1682,Beauty,Lip Balm Set,"very satisfied, the quality exceeded what I paid for. Would buy again.",5,2023-05-04,No,8,satisfied quality exceeded what paid buy again,Positive,0.4754,Positive,2023-05
REV003946,SPO1221,Sports & Outdoors,Resistance Bands,"terrible experience, item arrived damaged. Wish I'd read reviews first.",1,2024-01-24,Yes,7,terrible experience item arrived damaged wish read reviews first,Negative,-0.5106,Negative,2024-01
REV001114,SPO1919,Sports & Outdoors,Yoga Mat,"this is fantastic, exactly what I needed. My whole family loves it.",5,2024-04-28,No,0,fantastic exactly what needed whole family loves,Positive,0.8074,Positive,2024-04
REV003620,ELE1755,Electronics,Power Bank,"amazing value for the price, very happy with this purchase. My whole family loves it.",4,2023-02-01,Yes,1,amazing value price happy purchase whole family loves,Positive,0.9312,Positive,2023-02
REV001835,SPO1677,Sports & Outdoors,Yoga Mat,"does not match the description, quite misleading. Asked for a refund.",2,2023-03-24,No,0,match description quite misleading asked refund,Negative,-0.4576,Negative,2023-03
REV001757,HOM1702,Home & Kitchen,Blender,"absolutely love this product, exceeded my expectations. Fast shipping too!",5,2024-08-25,Yes,5,absolutely love product exceeded expectations fast shipping too,Positive,0.6989,Positive,2024-08
REV000596,BEA1685,Beauty,Lip Balm Set,"amazing value for the price, very happy with this purchase. Five stars from me.",5,2024-08-03,Yes,2,amazing value price happy purchase five stars me,Positive,0.8805,Positive,2024-08
REV002290,BEA1246,Beauty,Sunscreen SPF50,"reasonable quality, similar to other products in this range.",3,2023-06-08,Yes,0,reasonable quality similar other products range,Neutral,0.0,Neutral,2023-06
REV000103,HOM1030,Home & Kitchen,Non-Stick Pan Set,"absolutely love this product, exceeded my expectations. Would buy again.",4,2023-06-07,Yes,0,absolutely love product exceeded expectations buy again,Positive,0.6697,Positive,2023-06
REV000539,SPO1837,Sports & Outdoors,Camping Tent,"absolutely love this product, exceeded my expectations. Fast shipping too!",5,2023-01-19,Yes,0,absolutely love product exceeded expectations fast shipping too,Positive,0.6989,Positive,2023-01
REV002055,BOO1145,Books,Cookbook,"great quality and works perfectly, highly recommend. My whole family loves it.   <br>  ",4,2023-08-11,Yes,1,great quality works perfectly highly recommend whole family loves,Positive,0.9412,Positive,2023-08
REV003515,BEA1746,Beauty,Hair Dryer,"amazing value for the price, very happy with this purchase. Would buy again.",5,2024-02-24,No,0,amazing value price happy purchase buy again,Positive,0.8805,Positive,2024-02
REV003701,ELE1951,Electronics,Laptop Stand,"not as advertised, very frustrating purchase. Asked for a refund.",1,2024-09-05,Yes,3,advertised frustrating purchase asked refund,Negative,-0.4927,Negative,2024-09
REV003815,HOM1938,Home & Kitchen,Blender,works flawlessly and looks even better in person. Would buy again.,5,2023-11-13,Yes,2,works flawlessly looks even better person buy again,Positive,0.5719,Positive,2023-11
REV003180,ELE1725,Electronics,Laptop Stand,"superb product, will definitely buy again. Fast shipping too!",4,2023-09-24,Yes,1,superb product definitely buy again fast shipping too,Positive,0.7959,Positive,2023-09
REV000270,CLO1089,Clothing,Denim Jeans,"excellent build quality, arrived quickly and works great. My whole family loves it.",5,2024-05-31,Yes,0,excellent build quality arrived quickly works great whole family loves,Positive,0.91,Positive,2024-05
REV003250,CLO1512,Clothing,Yoga Pants,perfect fit and great customer service too. Would buy again.,5,2023-05-14,Yes,1,perfect fit great customer service too buy again,Positive,0.8834,Positive,2023-05
REV001325,CLO1321,Clothing,Denim Jeans,"reasonable quality, similar to other products in this range. Still testing it out.   <br>  ",3,2023-09-18,Yes,0,reasonable quality similar other products range still testing out,Neutral,0.0,Neutral,2023-09
REV003576,BEA1622,Beauty,Hair Dryer,"superb product, will definitely buy again. Five stars from me.",5,2024-09-03,Yes,6,superb product definitely buy again five stars me,Positive,0.7783,Positive,2024-09
REV002357,ELE1414,Electronics,Bluetooth Speaker,cheaply made and feels flimsy. Asked for a refund.,1,2024-05-25,No,4,cheaply made feels flimsy asked refund,Neutral,0.0,Negative,2024-05
REV001239,BEA1628,Beauty,Hair Dryer,"decent for the price, but not amazing. Might update this review later.",3,2023-12-19,Yes,0,decent price amazing might update review later,Negative,-0.6259,Neutral,2023-12
REV000580,SPO1690,Sports & Outdoors,Camping Tent,"it's okay, does the job but nothing special.",3,2024-07-07,No,0,okay job nothing special,Negative,-0.3479,Neutral,2024-07
REV000746,SPO1155,Sports & Outdoors,Yoga Mat,"this is fantastic, exactly what I needed. Fast shipping too!",4,2023-07-29,Yes,0,fantastic exactly what needed fast shipping too,Positive,0.5983,Positive,2023-07
REV001550,SPO1035,Sports & Outdoors,Camping Tent,"great quality and works perfectly, highly recommend.",5,2023-01-10,Yes,3,great quality works perfectly highly recommend,Positive,0.902,Positive,2023-01
REV002929,ELE1134,Electronics,Smartwatch,"very satisfied, the quality exceeded what I paid for. Would buy again.",4,2023-01-17,Yes,2,satisfied quality exceeded what paid buy again,Positive,0.4754,Positive,2023-01
REV000489,SPO1792,Sports & Outdoors,Water Bottle,"broke within a week, waste of money.",1,2023-08-11,No,0,broke within week waste money,Negative,-0.6808,Negative,2023-08
REV002087,CLO1719,Clothing,Winter Jacket,acceptable quality for casual use.,3,2023-08-05,Yes,0,acceptable quality casual use,Positive,0.4767,Neutral,2023-08
REV003424,BEA1401,Beauty,Face Moisturizer,"very disappointed, stopped working after a few days. Very frustrating.",2,2024-01-07,Yes,10,disappointed stopped working after few days frustrating,Negative,-0.83,Negative,2024-01
REV002399,BEA1192,Beauty,Shampoo,"outstanding performance, worth every penny. Fast shipping too!",4,2023-06-14,Yes,2,outstanding performance worth every penny fast shipping too,Positive,0.7345,Positive,2023-06
REV002197,SPO1456,Sports & Outdoors,Hiking Backpack,"does not match the description, quite misleading. Very frustrating.",1,2023-07-22,No,0,match description quite misleading frustrating,Negative,-0.7543,Negative,2023-07
REV000909,BOO1800,Books,Cookbook,"amazing value for the price, very happy with this purchase. Fast shipping too!",5,2023-10-04,No,0,amazing value price happy purchase fast shipping too,Positive,0.8881,Positive,2023-10
REV003044,HOM1044,Home & Kitchen,Coffee Maker,"superb product, will definitely buy again. Five stars from me.",5,2024-08-31,Yes,1,superb product definitely buy again five stars me,Positive,0.7783,Positive,2024-08
REV001119,ELE1131,Electronics,Smartwatch,"superb product, will definitely buy again. Fast shipping too!",5,2023-01-24,Yes,1,superb product definitely buy again fast shipping too,Positive,0.7959,Positive,2023-01
REV003066,HOM1683,Home & Kitchen,Vacuum Cleaner,"not as advertised, very frustrating purchase. Wish I'd read reviews first.",2,2024-04-23,No,0,advertised frustrating purchase wish read reviews first,Negative,-0.0591,Negative,2024-04
REV000547,ELE1052,Electronics,Wireless Earbuds,"not bad, not great, just an average item. We'll see how it holds up.",3,2024-06-14,Yes,1,bad great average item ll see how holds up,Positive,0.6754,Neutral,2024-06
REV003325,SPO1787,Sports & Outdoors,Water Bottle,"excellent build quality, arrived quickly and works great. My whole family loves it.",4,2024-05-14,No,0,excellent build quality arrived quickly works great whole family loves,Positive,0.91,Positive,2024-05
REV001291,SPO1844,Sports & Outdoors,Yoga Mat,"it's okay, does the job but nothing special.",3,2023-07-12,Yes,0,okay job nothing special,Negative,-0.3479,Neutral,2023-07
REV000896,HOM1366,Home & Kitchen,Vacuum Cleaner,"excellent build quality, arrived quickly and works great. My whole family loves it.",5,2023-04-10,Yes,5,excellent build quality arrived quickly works great whole family loves,Positive,0.91,Positive,2023-04
REV000220,HOM1324,Home & Kitchen,Air Fryer,"outstanding performance, worth every penny. Five stars from me.",5,2024-06-13,Yes,0,outstanding performance worth every penny five stars me,Positive,0.7096,Positive,2024-06
REV002856,SPO1443,Sports & Outdoors,Camping Tent,"outstanding performance, worth every penny. Would buy again.",4,2024-09-25,Yes,7,outstanding performance worth every penny buy again,Positive,0.7096,Positive,2024-09
REV003390,BOO1473,Books,Business Book,"does what it says, no major complaints. Might update this review later.",3,2024-02-02,Yes,1,what says major complaints might update review later,Positive,0.0903,Neutral,2024-02
REV003211,SPO1120,Sports & Outdoors,Camping Tent,"outstanding performance, worth every penny. My whole family loves it.",4,2024-09-30,Yes,0,outstanding performance worth every penny whole family loves,Positive,0.8625,Positive,2024-09
REV000439,SPO1445,Sports & Outdoors,Hiking Backpack,"it's okay, does the job but nothing special. Still testing it out.",3,2024-02-28,Yes,0,okay job nothing special still testing out,Negative,-0.3479,Neutral,2024-02
REV002160,CLO1134,Clothing,Winter Jacket,"gets the job done, nothing more nothing less.",3,2023-01-29,Yes,1,gets job done nothing more nothing less,Neutral,0.0,Neutral,2023-01
REV003090,ELE1457,Electronics,Laptop Stand,"absolutely love this product, exceeded my expectations. My whole family loves it.",4,2024-08-25,Yes,2,absolutely love product exceeded expectations whole family loves,Positive,0.8479,Positive,2024-08
REV003556,SPO1266,Sports & Outdoors,Hiking Backpack,"this is fantastic, exactly what I needed. Fast shipping too!",5,2024-08-23,Yes,8,fantastic exactly what needed fast shipping too,Positive,0.5983,Positive,2024-08
REV002058,BEA1345,Beauty,Sunscreen SPF50,"regret buying this, quality is really bad. Very frustrating.",1,2023-12-31,No,0,regret buying quality bad frustrating,Negative,-0.8764,Negative,2023-12
REV002904,BOO1936,Books,Self-Help Guide,"excellent build quality, arrived quickly and works great. Fast shipping too!",5,2023-11-02,Yes,0,excellent build quality arrived quickly works great fast shipping too,Positive,0.8439,Positive,2023-11
REV002936,ELE1773,Electronics,Power Bank,works flawlessly and looks even better in person. My whole family loves it.,4,2024-10-28,Yes,1,works flawlessly looks even better person whole family loves,Positive,0.8126,Positive,2024-10
REV000501,BOO1548,Books,Mystery Novel,perfect fit and great customer service too. Fast shipping too!,5,2023-12-01,No,0,perfect fit great customer service too fast shipping too,Positive,0.8908,Positive,2023-12
REV000645,HOM1617,Home & Kitchen,Non-Stick Pan Set,"it's okay, does the job but nothing special. We'll see how it holds up.",3,2023-04-19,Yes,0,okay job nothing special ll see how holds up,Negative,-0.3479,Neutral,2023-04
REV001860,ELE1318,Electronics,Smartwatch,"does what it says, no major complaints.",3,2024-04-21,No,0,what says major complaints,Positive,0.0903,Neutral,2024-04
REV001472,CLO1190,Clothing,Denim Jeans,"very disappointed, stopped working after a few days.",1,2024-05-24,No,0,disappointed stopped working after few days,Negative,-0.6779,Negative,2024-05
REV003726,HOM1582,Home & Kitchen,Non-Stick Pan Set,"this is fantastic, exactly what I needed.",5,2024-05-30,Yes,2,fantastic exactly what needed,Positive,0.5574,Positive,2024-05
REV002210,BOO1201,Books,Cookbook,"amazing value for the price, very happy with this purchase. My whole family loves it.",5,2024-10-05,Yes,7,amazing value price happy purchase whole family loves,Positive,0.9312,Positive,2024-10
REV001473,CLO1967,Clothing,Cotton T-Shirt,"it's okay, does the job but nothing special. We'll see how it holds up.   <br>  ",3,2024-01-08,Yes,0,okay job nothing special ll see how holds up,Negative,-0.3479,Neutral,2024-01
REV002405,BOO1021,Books,Cookbook,"excellent build quality, arrived quickly and works great.",5,2024-04-13,No,1,excellent build quality arrived quickly works great,Positive,0.8316,Positive,2024-04
REV003893,BOO1267,Books,Sci-Fi Trilogy,"very disappointed, stopped working after a few days.   <br>  ",1,2023-04-04,Yes,2,disappointed stopped working after few days,Negative,-0.6779,Negative,2023-04
REV003374,HOM1354,Home & Kitchen,Non-Stick Pan Set,"absolutely love this product, exceeded my expectations. Fast shipping too!",4,2023-01-02,No,0,absolutely love product exceeded expectations fast shipping too,Positive,0.6989,Positive,2023-01
REV002461,BOO1153,Books,Sci-Fi Trilogy,"excellent build quality, arrived quickly and works great. My whole family loves it.",5,2024-09-26,Yes,1,excellent build quality arrived quickly works great whole family loves,Positive,0.91,Positive,2024-09
REV003159,SPO1056,Sports & Outdoors,Hiking Backpack,"average product, met basic expectations. Might update this review later.",3,2024-04-20,Yes,2,average product met basic expectations might update review later,Neutral,0.0,Neutral,2024-04
REV002082,CLO1316,Clothing,Running Shoes,"terrible experience, item arrived damaged.",1,2024-02-09,Yes,0,terrible experience item arrived damaged,Negative,-0.7184,Negative,2024-02
REV000188,SPO1546,Sports & Outdoors,Yoga Mat,"excellent build quality, arrived quickly and works great.",4,2023-12-10,Yes,7,excellent build quality arrived quickly works great,Positive,0.8316,Positive,2023-12
REV003367,HOM1046,Home & Kitchen,Coffee Maker,"superb product, will definitely buy again. Five stars from me.",4,2023-12-07,No,5,superb product definitely buy again five stars me,Positive,0.7783,Positive,2023-12
REV000097,BOO1046,Books,Mystery Novel,"great quality and works perfectly, highly recommend.",4,2024-08-22,No,2,great quality works perfectly highly recommend,Positive,0.902,Positive,2024-08
REV002077,ELE1196,Electronics,Power Bank,"reasonable quality, similar to other products in this range. Still testing it out.",3,2024-08-16,Yes,1,reasonable quality similar other products range still testing out,Neutral,0.0,Neutral,2024-08
REV003300,SPO1877,Sports & Outdoors,Hiking Backpack,cheaply made and feels flimsy. Would not recommend to anyone.,1,2023-11-26,Yes,0,cheaply made feels flimsy recommend anyone,Negative,-0.2755,Negative,2023-11
REV002935,BEA1319,Beauty,Hair Dryer,"absolutely love this product, exceeded my expectations. Would buy again.",5,2024-05-19,No,1,absolutely love product exceeded expectations buy again,Positive,0.6697,Positive,2024-05
REV002011,BEA1965,Beauty,Face Moisturizer,"absolutely love this product, exceeded my expectations.",4,2024-06-18,No,1,absolutely love product exceeded expectations,Positive,0.6697,Positive,2024-06
REV000197,BEA1010,Beauty,Hair Dryer,"excellent build quality, arrived quickly and works great. Five stars from me.",5,2024-12-09,Yes,0,excellent build quality arrived quickly works great five stars me,Positive,0.8316,Positive,2024-12
REV000529,HOM1710,Home & Kitchen,Non-Stick Pan Set,"terrible experience, item arrived damaged. Asked for a refund.",2,2024-12-11,Yes,1,terrible experience item arrived damaged asked refund,Negative,-0.7184,Negative,2024-12
REV003679,ELE1510,Electronics,Wireless Earbuds,"reasonable quality, similar to other products in this range. Still testing it out.",3,2023-01-02,Yes,0,reasonable quality similar other products range still testing out,Neutral,0.0,Neutral,2023-01
REV001395,BEA1468,Beauty,Face Moisturizer,"broke within a week, waste of money.   <br>  ",1,2024-11-08,Yes,3,broke within week waste money,Negative,-0.6808,Negative,2024-11
REV002220,HOM1211,Home & Kitchen,Vacuum Cleaner,"excellent build quality, arrived quickly and works great. Five stars from me.",5,2024-10-12,Yes,1,excellent build quality arrived quickly works great five stars me,Positive,0.8316,Positive,2024-10
REV002779,SPO1413,Sports & Outdoors,Resistance Bands,works flawlessly and looks even better in person. Would buy again.,4,2024-08-25,Yes,1,works flawlessly looks even better person buy again,Positive,0.5719,Positive,2024-08
REV000677,BEA1131,Beauty,Face Moisturizer,"regret buying this, quality is really bad.",1,2024-04-04,Yes,6,regret buying quality bad,Negative,-0.7645,Negative,2024-04
REV000101,ELE1399,Electronics,Smartwatch,"this is fantastic, exactly what I needed. Fast shipping too!",4,2024-01-11,Yes,0,fantastic exactly what needed fast shipping too,Positive,0.5983,Positive,2024-01
REV003774,BEA1201,Beauty,Sunscreen SPF50,"very satisfied, the quality exceeded what I paid for. My whole family loves it.",5,2023-07-16,Yes,9,satisfied quality exceeded what paid whole family loves,Positive,0.7778,Positive,2023-07
REV003698,ELE1400,Electronics,Laptop Stand,"great quality and works perfectly, highly recommend. My whole family loves it.",5,2023-07-11,Yes,2,great quality works perfectly highly recommend whole family loves,Positive,0.9412,Positive,2023-07
REV000132,BOO1620,Books,Mystery Novel,"absolutely love this product, exceeded my expectations. My whole family loves it.",5,2023-01-18,Yes,0,absolutely love product exceeded expectations whole family loves,Positive,0.8479,Positive,2023-01
REV002312,SPO1008,Sports & Outdoors,Hiking Backpack,"not bad, not great, just an average item. We'll see how it holds up.",3,2024-07-26,No,0,bad great average item ll see how holds up,Positive,0.6754,Neutral,2024-07
REV002076,CLO1595,Clothing,Yoga Pants,"great quality and works perfectly, highly recommend. My whole family loves it.",5,2023-10-19,Yes,4,great quality works perfectly highly recommend whole family loves,Positive,0.9412,Positive,2023-10
REV003595,CLO1221,Clothing,Cotton T-Shirt,"gets the job done, nothing more nothing less.",3,2024-02-03,No,0,gets job done nothing more nothing less,Neutral,0.0,Neutral,2024-02
REV003061,CLO1805,Clothing,Yoga Pants,"very satisfied, the quality exceeded what I paid for.",5,2023-05-18,No,2,satisfied quality exceeded what paid,Positive,0.4754,Positive,2023-05
REV001127,BOO1956,Books,Mystery Novel,works flawlessly and looks even better in person.,4,2023-01-06,Yes,1,works flawlessly looks even better person,Positive,0.5719,Positive,2023-01
REV000051,BOO1786,Books,Sci-Fi Trilogy,"amazing value for the price, very happy with this purchase. Would buy again.",5,2024-09-09,No,2,amazing value price happy purchase buy again,Positive,0.8805,Positive,2024-09
REV002036,BEA1359,Beauty,Hair Dryer,"average product, met basic expectations. We'll see how it holds up.",3,2024-12-02,Yes,0,average product met basic expectations ll see how holds up,Neutral,0.0,Neutral,2024-12
REV000275,BEA1029,Beauty,Sunscreen SPF50,"not as advertised, very frustrating purchase. Would not recommend to anyone.",1,2023-02-12,Yes,0,advertised frustrating purchase recommend anyone,Negative,-0.6489,Negative,2023-02
REV002878,CLO1859,Clothing,Cotton T-Shirt,"gets the job done, nothing more nothing less. We'll see how it holds up.",3,2023-04-07,Yes,2,gets job done nothing more nothing less ll see how holds up,Neutral,0.0,Neutral,2023-04
REV003283,CLO1523,Clothing,Yoga Pants,"does not match the description, quite misleading. Would not recommend to anyone.",1,2023-01-09,Yes,0,match description quite misleading recommend anyone,Negative,-0.6253,Negative,2023-01
REV001058,BEA1191,Beauty,Shampoo,"average product, met basic expectations. Might update this review later.",3,2024-05-19,No,1,average product met basic expectations might update review later,Neutral,0.0,Neutral,2024-05
REV003793,HOM1862,Home & Kitchen,Air Fryer,"it's fine, though the packaging could be better. Still testing it out.",3,2023-11-21,Yes,0,fine though packaging better still testing out,Positive,0.5719,Neutral,2023-11
REV002336,HOM1471,Home & Kitchen,Air Fryer,"excellent build quality, arrived quickly and works great. Fast shipping too!",4,2023-03-10,Yes,3,excellent build quality arrived quickly works great fast shipping too,Positive,0.8439,Positive,2023-03
REV000369,BOO1637,Books,Sci-Fi Trilogy,"excellent build quality, arrived quickly and works great.",5,2024-09-25,Yes,1,excellent build quality arrived quickly works great,Positive,0.8316,Positive,2024-09
REV001288,BEA1476,Beauty,Shampoo,perfect fit and great customer service too. Would buy again.,4,2023-05-25,No,0,perfect fit great customer service too buy again,Positive,0.8834,Positive,2023-05
REV003574,SPO1215,Sports & Outdoors,Resistance Bands,"very disappointed, stopped working after a few days. Very frustrating.",2,2024-11-06,Yes,0,disappointed stopped working after few days frustrating,Negative,-0.83,Negative,2024-11
REV001826,HOM1648,Home & Kitchen,Coffee Maker,"decent for the price, but not amazing. Still testing it out.",3,2023-12-16,No,0,decent price amazing still testing out,Negative,-0.6259,Neutral,2023-12
REV001657,HOM1905,Home & Kitchen,Coffee Maker,"absolutely love this product, exceeded my expectations. Fast shipping too!",4,2023-08-10,Yes,2,absolutely love product exceeded expectations fast shipping too,Positive,0.6989,Positive,2023-08
REV000853,SPO1702,Sports & Outdoors,Hiking Backpack,"amazing value for the price, very happy with this purchase. Five stars from me.",5,2024-08-18,Yes,0,amazing value price happy purchase five stars me,Positive,0.8805,Positive,2024-08
REV003454,ELE1300,Electronics,Power Bank,"great quality and works perfectly, highly recommend. Five stars from me.",5,2023-06-29,Yes,3,great quality works perfectly highly recommend five stars me,Positive,0.902,Positive,2023-06
REV000801,HOM1317,Home & Kitchen,Coffee Maker,"outstanding performance, worth every penny. Would buy again.",5,2023-02-01,Yes,5,outstanding performance worth every penny buy again,Positive,0.7096,Positive,2023-02
REV001525,CLO1661,Clothing,Winter Jacket,works flawlessly and looks even better in person. Five stars from me.,5,2023-10-21,No,9,works flawlessly looks even better person five stars me,Positive,0.5719,Positive,2023-10
REV003920,CLO1513,Clothing,Cotton T-Shirt,"very disappointed, stopped working after a few days. Would not recommend to anyone.",1,2023-11-22,Yes,1,disappointed stopped working after few days recommend anyone,Negative,-0.7705,Negative,2023-11
REV000159,HOM1186,Home & Kitchen,Non-Stick Pan Set,"very satisfied, the quality exceeded what I paid for. My whole family loves it.",5,2024-02-29,Yes,2,satisfied quality exceeded what paid whole family loves,Positive,0.7778,Positive,2024-02
REV001212,BEA1616,Beauty,Shampoo,"great quality and works perfectly, highly recommend.",5,2024-05-26,No,5,great quality works perfectly highly recommend,Positive,0.902,Positive,2024-05
REV000286,BEA1548,Beauty,Hair Dryer,"it's fine, though the packaging could be better. We'll see how it holds up.",3,2024-09-25,Yes,0,fine though packaging better ll see how holds up,Positive,0.5719,Neutral,2024-09
REV001783,SPO1018,Sports & Outdoors,Camping Tent,"great quality and works perfectly, highly recommend.",4,2024-11-30,Yes,18,great quality works perfectly highly recommend,Positive,0.902,Positive,2024-11
REV001406,HOM1140,Home & Kitchen,Blender,acceptable quality for casual use. Might update this review later.   <br>  ,3,2024-11-14,Yes,0,acceptable quality casual use might update review later,Positive,0.4767,Neutral,2024-11
REV000798,BEA1814,Beauty,Face Moisturizer,"amazing value for the price, very happy with this purchase.",5,2023-07-10,No,0,amazing value price happy purchase,Positive,0.8805,Positive,2023-07
REV000637,HOM1405,Home & Kitchen,Air Fryer,"absolutely love this product, exceeded my expectations. Would buy again.",5,2023-06-12,Yes,1,absolutely love product exceeded expectations buy again,Positive,0.6697,Positive,2023-06
REV003307,CLO1628,Clothing,Yoga Pants,"does not match the description, quite misleading. Very frustrating.   <br>  ",2,2024-12-22,Yes,1,match description quite misleading frustrating,Negative,-0.7543,Negative,2024-12
REV002258,SPO1559,Sports & Outdoors,Water Bottle,"decent for the price, but not amazing. Might update this review later.",3,2023-08-04,No,0,decent price amazing might update review later,Negative,-0.6259,Neutral,2023-08
REV000508,ELE1134,Electronics,Power Bank,"works fine so far, will update if anything changes. Might update this review later.",3,2023-06-05,Yes,0,works fine far update anything changes might update review later,Positive,0.2023,Neutral,2023-06
REV001412,ELE1621,Electronics,Laptop Stand,"gets the job done, nothing more nothing less. We'll see how it holds up.",3,2024-11-15,No,0,gets job done nothing more nothing less ll see how holds up,Neutral,0.0,Neutral,2024-11
REV001393,CLO1418,Clothing,Cotton T-Shirt,"does what it says, no major complaints. We'll see how it holds up.",3,2024-07-14,Yes,1,what says major complaints ll see how holds up,Positive,0.0903,Neutral,2024-07
REV000601,BOO1855,Books,Self-Help Guide,"regret buying this, quality is really bad.",2,2023-08-22,Yes,5,regret buying quality bad,Negative,-0.7645,Negative,2023-08
REV000790,ELE1384,Electronics,Laptop Stand,"average product, met basic expectations. Might update this review later.",3,2023-01-07,No,1,average product met basic expectations might update review later,Neutral,0.0,Neutral,2023-01
REV002185,ELE1438,Electronics,Power Bank,"superb product, will definitely buy again. Fast shipping too!",4,2024-11-13,Yes,5,superb product definitely buy again fast shipping too,Positive,0.7959,Positive,2024-11
REV001832,BOO1835,Books,Self-Help Guide,"regret buying this, quality is really bad. Would not recommend to anyone.",1,2023-11-07,Yes,0,regret buying quality bad recommend anyone,Negative,-0.8273,Negative,2023-11
REV002274,HOM1510,Home & Kitchen,Coffee Maker,"works fine so far, will update if anything changes.",3,2023-08-03,Yes,0,works fine far update anything changes,Positive,0.2023,Neutral,2023-08
REV001140,CLO1491,Clothing,Denim Jeans,"broke within a week, waste of money. Would not recommend to anyone.",1,2024-06-26,Yes,6,broke within week waste money recommend anyone,Negative,-0.7724,Negative,2024-06
REV000524,BEA1298,Beauty,Hair Dryer,"absolutely love this product, exceeded my expectations. Five stars from me.",5,2024-12-11,Yes,5,absolutely love product exceeded expectations five stars me,Positive,0.6697,Positive,2024-12
REV003673,BEA1949,Beauty,Sunscreen SPF50,"average product, met basic expectations. Might update this review later.",3,2024-01-19,Yes,2,average product met basic expectations might update review later,Neutral,0.0,Neutral,2024-01
REV000982,ELE1014,Electronics,Power Bank,arrived defective and customer support was unhelpful. Asked for a refund.,2,2024-12-11,No,1,arrived defective customer support unhelpful asked refund,Negative,-0.0516,Negative,2024-12
REV000273,ELE1490,Electronics,Wireless Earbuds,"great quality and works perfectly, highly recommend. My whole family loves it.",5,2024-12-08,Yes,3,great quality works perfectly highly recommend whole family loves,Positive,0.9412,Positive,2024-12
REV000411,ELE1732,Electronics,Laptop Stand,cheaply made and feels flimsy. Would not recommend to anyone.,1,2023-02-24,No,4,cheaply made feels flimsy recommend anyone,Negative,-0.2755,Negative,2023-02
REV001258,SPO1802,Sports & Outdoors,Camping Tent,"very satisfied, the quality exceeded what I paid for. My whole family loves it.",5,2023-11-18,Yes,0,satisfied quality exceeded what paid whole family loves,Positive,0.7778,Positive,2023-11
REV000443,ELE1521,Electronics,Smartwatch,"absolutely love this product, exceeded my expectations. My whole family loves it.",5,2023-02-06,Yes,2,absolutely love product exceeded expectations whole family loves,Positive,0.8479,Positive,2023-02
REV003593,ELE1147,Electronics,Laptop Stand,"great quality and works perfectly, highly recommend. Fast shipping too!",4,2024-07-28,Yes,4,great quality works perfectly highly recommend fast shipping too,Positive,0.9078,Positive,2024-07
REV003197,SPO1863,Sports & Outdoors,Camping Tent,works flawlessly and looks even better in person. Would buy again.,4,2024-12-11,Yes,3,works flawlessly looks even better person buy again,Positive,0.5719,Positive,2024-12
REV000797,BOO1902,Books,Self-Help Guide,"it's fine, though the packaging could be better. We'll see how it holds up.",3,2024-12-03,Yes,2,fine though packaging better ll see how holds up,Positive,0.5719,Neutral,2024-12
REV002911,BOO1663,Books,Self-Help Guide,"great quality and works perfectly, highly recommend. My whole family loves it.",5,2023-05-02,Yes,2,great quality works perfectly highly recommend whole family loves,Positive,0.9412,Positive,2023-05
REV003754,CLO1452,Clothing,Cotton T-Shirt,"does what it says, no major complaints. Might update this review later.",3,2024-03-21,Yes,0,what says major complaints might update review later,Positive,0.0903,Neutral,2024-03
REV000359,HOM1174,Home & Kitchen,Air Fryer,"outstanding performance, worth every penny. Would buy again.",5,2024-06-21,Yes,6,outstanding performance worth every penny buy again,Positive,0.7096,Positive,2024-06
REV003919,ELE1492,Electronics,Laptop Stand,"reasonable quality, similar to other products in this range. Might update this review later.",3,2024-07-08,No,1,reasonable quality similar other products range might update review later,Neutral,0.0,Neutral,2024-07
REV000317,CLO1024,Clothing,Yoga Pants,acceptable quality for casual use.,3,2024-01-22,Yes,0,acceptable quality casual use,Positive,0.4767,Neutral,2024-01
REV001026,CLO1103,Clothing,Running Shoes,"superb product, will definitely buy again. Five stars from me.",4,2023-06-10,Yes,4,superb product definitely buy again five stars me,Positive,0.7783,Positive,2023-06
REV003567,BOO1172,Books,Cookbook,perfect fit and great customer service too. Five stars from me.,4,2023-04-17,No,0,perfect fit great customer service too five stars me,Positive,0.8834,Positive,2023-04
REV003695,ELE1058,Electronics,Wireless Earbuds,"regret buying this, quality is really bad. Would not recommend to anyone.   <br>  ",2,2024-03-12,Yes,1,regret buying quality bad recommend anyone,Negative,-0.8273,Negative,2024-03
REV003160,BOO1201,Books,Mystery Novel,"outstanding performance, worth every penny. Five stars from me.",5,2024-06-02,Yes,5,outstanding performance worth every penny five stars me,Positive,0.7096,Positive,2024-06
REV000330,HOM1180,Home & Kitchen,Coffee Maker,"decent for the price, but not amazing. Still testing it out.",3,2023-10-11,Yes,2,decent price amazing still testing out,Negative,-0.6259,Neutral,2023-10
REV000315,ELE1614,Electronics,Wireless Earbuds,perfect fit and great customer service too. Five stars from me.,5,2023-01-25,Yes,1,perfect fit great customer service too five stars me,Positive,0.8834,Positive,2023-01
REV003162,SPO1703,Sports & Outdoors,Yoga Mat,"poor quality, not worth the money at all. Very frustrating.",2,2023-03-08,No,5,poor quality worth money all frustrating,Negative,-0.7881,Negative,2023-03
REV000806,SPO1642,Sports & Outdoors,Resistance Bands,"outstanding performance, worth every penny.",5,2023-12-04,Yes,8,outstanding performance worth every penny,Positive,0.7096,Positive,2023-12
REV001871,ELE1170,Electronics,Wireless Earbuds,"poor quality, not worth the money at all. Wish I'd read reviews first.",1,2023-10-19,Yes,0,poor quality worth money all wish read reviews first,Negative,-0.2654,Negative,2023-10
REV000021,BEA1943,Beauty,Sunscreen SPF50,"poor quality, not worth the money at all. Would not recommend to anyone.   <br>  ",2,2024-11-23,Yes,2,poor quality worth money all recommend anyone,Negative,-0.7074,Negative,2024-11
REV000035,BOO1115,Books,Business Book,"superb product, will definitely buy again. My whole family loves it.",4,2024-06-23,Yes,1,superb product definitely buy again whole family loves,Positive,0.8885,Positive,2024-06
REV002903,BOO1239,Books,Cookbook,perfect fit and great customer service too. Would buy again.,5,2024-01-06,Yes,0,perfect fit great customer service too buy again,Positive,0.8834,Positive,2024-01
REV000183,SPO1068,Sports & Outdoors,Water Bottle,acceptable quality for casual use. We'll see how it holds up.,3,2023-07-14,No,0,acceptable quality casual use ll see how holds up,Positive,0.4767,Neutral,2023-07
REV003535,HOM1215,Home & Kitchen,Vacuum Cleaner,"very satisfied, the quality exceeded what I paid for. Would buy again.",5,2024-01-20,Yes,0,satisfied quality exceeded what paid buy again,Positive,0.4754,Positive,2024-01
REV001825,BEA1979,Beauty,Sunscreen SPF50,"it's fine, though the packaging could be better.",3,2024-09-10,No,0,fine though packaging better,Positive,0.5719,Neutral,2024-09
REV002818,BOO1219,Books,Cookbook,acceptable quality for casual use.   <br>  ,3,2024-07-31,Yes,0,acceptable quality casual use,Positive,0.4767,Neutral,2024-07
REV003710,CLO1083,Clothing,Running Shoes,"works fine so far, will update if anything changes. We'll see how it holds up.",3,2024-09-29,No,0,works fine far update anything changes ll see how holds up,Positive,0.2023,Neutral,2024-09
REV001597,CLO1716,Clothing,Denim Jeans,"not as advertised, very frustrating purchase. Wish I'd read reviews first.",1,2024-10-03,No,0,advertised frustrating purchase wish read reviews first,Negative,-0.0591,Negative,2024-10
REV003314,BOO1476,Books,Business Book,"very satisfied, the quality exceeded what I paid for.",5,2023-05-13,Yes,5,satisfied quality exceeded what paid,Positive,0.4754,Positive,2023-05
REV001310,CLO1492,Clothing,Winter Jacket,works flawlessly and looks even better in person. Fast shipping too!,5,2024-02-18,Yes,1,works flawlessly looks even better person fast shipping too,Positive,0.6114,Positive,2024-02
REV002400,SPO1427,Sports & Outdoors,Hiking Backpack,"outstanding performance, worth every penny. Would buy again.",4,2024-08-10,Yes,0,outstanding performance worth every penny buy again,Positive,0.7096,Positive,2024-08
REV000026,ELE1502,Electronics,Smartwatch,"this is fantastic, exactly what I needed. Five stars from me.",5,2023-09-20,No,0,fantastic exactly what needed five stars me,Positive,0.5574,Positive,2023-09
REV003918,BOO1486,Books,Business Book,"superb product, will definitely buy again.",5,2024-05-09,No,9,superb product definitely buy again,Positive,0.7783,Positive,2024-05
REV001602,ELE1654,Electronics,Laptop Stand,"superb product, will definitely buy again. My whole family loves it.",4,2023-10-29,Yes,6,superb product definitely buy again whole family loves,Positive,0.8885,Positive,2023-10
REV003077,BOO1243,Books,Self-Help Guide,"absolutely love this product, exceeded my expectations. Five stars from me.",5,2023-06-08,Yes,4,absolutely love product exceeded expectations five stars me,Positive,0.6697,Positive,2023-06
REV003691,BEA1470,Beauty,Hair Dryer,"amazing value for the price, very happy with this purchase. Would buy again.",5,2023-07-29,Yes,0,amazing value price happy purchase buy again,Positive,0.8805,Positive,2023-07
REV000314,HOM1058,Home & Kitchen,Coffee Maker,"very satisfied, the quality exceeded what I paid for. My whole family loves it.",4,2023-06-22,Yes,2,satisfied quality exceeded what paid whole family loves,Positive,0.7778,Positive,2023-06
REV001814,BEA1133,Beauty,Face Moisturizer,works flawlessly and looks even better in person. My whole family loves it.,5,2024-03-18,Yes,1,works flawlessly looks even better person whole family loves,Positive,0.8126,Positive,2024-03
REV001851,ELE1317,Electronics,Wireless Earbuds,works flawlessly and looks even better in person. My whole family loves it.,5,2023-02-21,Yes,3,works flawlessly looks even better person whole family loves,Positive,0.8126,Positive,2023-02
REV002465,SPO1871,Sports & Outdoors,Camping Tent,"regret buying this, quality is really bad.   <br>  ",1,2023-10-13,No,3,regret buying quality bad,Negative,-0.7645,Negative,2023-10
REV000260,HOM1596,Home & Kitchen,Non-Stick Pan Set,"superb product, will definitely buy again.",5,2023-07-29,Yes,4,superb product definitely buy again,Positive,0.7783,Positive,2023-07
REV003989,SPO1825,Sports & Outdoors,Water Bottle,"absolutely love this product, exceeded my expectations. Five stars from me.   <br>  ",4,2023-05-05,Yes,0,absolutely love product exceeded expectations five stars me,Positive,0.6697,Positive,2023-05
REV001981,SPO1905,Sports & Outdoors,Water Bottle,works flawlessly and looks even better in person.,5,2024-10-20,Yes,2,works flawlessly looks even better person,Positive,0.5719,Positive,2024-10
REV001312,ELE1142,Electronics,Wireless Earbuds,"absolutely love this product, exceeded my expectations. My whole family loves it.",5,2023-11-15,No,1,absolutely love product exceeded expectations whole family loves,Positive,0.8479,Positive,2023-11
REV000406,ELE1999,Electronics,Smartwatch,"excellent build quality, arrived quickly and works great. Would buy again.",5,2023-05-15,No,1,excellent build quality arrived quickly works great buy again,Positive,0.8316,Positive,2023-05
REV002382,HOM1370,Home & Kitchen,Blender,"does not match the description, quite misleading.",2,2023-05-05,Yes,5,match description quite misleading,Negative,-0.4576,Negative,2023-05
REV002533,HOM1612,Home & Kitchen,Vacuum Cleaner,"excellent build quality, arrived quickly and works great. Five stars from me.",5,2024-10-27,Yes,0,excellent build quality arrived quickly works great five stars me,Positive,0.8316,Positive,2024-10
REV000419,BOO1081,Books,Sci-Fi Trilogy,acceptable quality for casual use. We'll see how it holds up.,3,2023-10-03,Yes,0,acceptable quality casual use ll see how holds up,Positive,0.4767,Neutral,2023-10
REV003743,CLO1313,Clothing,Cotton T-Shirt,works flawlessly and looks even better in person.,5,2023-03-16,Yes,0,works flawlessly looks even better person,Positive,0.5719,Positive,2023-03
REV000268,ELE1868,Electronics,Smartwatch,"very satisfied, the quality exceeded what I paid for.",5,2024-10-08,Yes,1,satisfied quality exceeded what paid,Positive,0.4754,Positive,2024-10
REV002881,CLO1949,Clothing,Yoga Pants,"amazing value for the price, very happy with this purchase. Fast shipping too!",5,2023-10-02,Yes,0,amazing value price happy purchase fast shipping too,Positive,0.8881,Positive,2023-10
REV002749,SPO1561,Sports & Outdoors,Camping Tent,"not as advertised, very frustrating purchase.",2,2024-07-19,Yes,3,advertised frustrating purchase,Negative,-0.4927,Negative,2024-07
REV003064,HOM1353,Home & Kitchen,Blender,"superb product, will definitely buy again. My whole family loves it.",5,2023-12-25,Yes,1,superb product definitely buy again whole family loves,Positive,0.8885,Positive,2023-12
REV003640,ELE1306,Electronics,Wireless Earbuds,"reasonable quality, similar to other products in this range. Still testing it out.",3,2023-12-21,Yes,2,reasonable quality similar other products range still testing out,Neutral,0.0,Neutral,2023-12
REV002321,ELE1028,Electronics,Power Bank,"amazing value for the price, very happy with this purchase. My whole family loves it.",5,2023-03-14,No,7,amazing value price happy purchase whole family loves,Positive,0.9312,Positive,2023-03
REV001992,BEA1822,Beauty,Hair Dryer,"outstanding performance, worth every penny. My whole family loves it.",4,2023-02-25,Yes,5,outstanding performance worth every penny whole family loves,Positive,0.8625,Positive,2023-02
REV002202,BOO1873,Books,Cookbook,"it's okay, does the job but nothing special.",3,2023-12-31,Yes,0,okay job nothing special,Negative,-0.3479,Neutral,2023-12
REV003901,BOO1527,Books,Sci-Fi Trilogy,"excellent build quality, arrived quickly and works great. Five stars from me.",5,2024-05-15,Yes,8,excellent build quality arrived quickly works great five stars me,Positive,0.8316,Positive,2024-05
REV003360,BEA1543,Beauty,Shampoo,acceptable quality for casual use. Still testing it out.,3,2023-06-19,Yes,2,acceptable quality casual use still testing out,Positive,0.4767,Neutral,2023-06
REV003095,ELE1726,Electronics,Bluetooth Speaker,"absolutely love this product, exceeded my expectations. My whole family loves it.",5,2024-08-19,Yes,5,absolutely love product exceeded expectations whole family loves,Positive,0.8479,Positive,2024-08
REV001702,SPO1374,Sports & Outdoors,Hiking Backpack,"very satisfied, the quality exceeded what I paid for. Would buy again.",4,2024-01-13,Yes,2,satisfied quality exceeded what paid buy again,Positive,0.4754,Positive,2024-01
REV003727,CLO1203,Clothing,Denim Jeans,"does what it says, no major complaints.",3,2023-03-25,No,1,what says major complaints,Positive,0.0903,Neutral,2023-03
REV001801,BEA1473,Beauty,Sunscreen SPF50,"excellent build quality, arrived quickly and works great. Five stars from me.",5,2024-07-03,Yes,1,excellent build quality arrived quickly works great five stars me,Positive,0.8316,Positive,2024-07
REV000747,SPO1781,Sports & Outdoors,Resistance Bands,"decent for the price, but not amazing.",3,2023-01-24,Yes,3,decent price amazing,Negative,-0.6259,Neutral,2023-01
REV001299,CLO1718,Clothing,Cotton T-Shirt,"worst purchase I've made this year, do not recommend. Very frustrating.",1,2023-03-02,Yes,1,worst purchase ve made year recommend frustrating,Negative,-0.5555,Negative,2023-03
REV001680,CLO1816,Clothing,Cotton T-Shirt,"this is fantastic, exactly what I needed. Fast shipping too!",5,2023-08-07,No,1,fantastic exactly what needed fast shipping too,Positive,0.5983,Positive,2023-08
REV001958,BOO1187,Books,Self-Help Guide,perfect fit and great customer service too. Fast shipping too!,5,2023-09-07,No,0,perfect fit great customer service too fast shipping too,Positive,0.8908,Positive,2023-09
REV001566,SPO1700,Sports & Outdoors,Resistance Bands,"superb product, will definitely buy again. Would buy again.",5,2024-04-14,Yes,0,superb product definitely buy again buy again,Positive,0.7783,Positive,2024-04
REV000102,HOM1658,Home & Kitchen,Air Fryer,"very satisfied, the quality exceeded what I paid for. My whole family loves it.",5,2023-05-16,Yes,0,satisfied quality exceeded what paid whole family loves,Positive,0.7778,Positive,2023-05
REV002632,ELE1937,Electronics,Wireless Earbuds,"outstanding performance, worth every penny. Five stars from me.",5,2023-06-23,Yes,0,outstanding performance worth every penny five stars me,Positive,0.7096,Positive,2023-06
REV001842,CLO1060,Clothing,Cotton T-Shirt,"broke within a week, waste of money.",2,2024-06-13,Yes,0,broke within week waste money,Negative,-0.6808,Negative,2024-06
REV003517,BEA1545,Beauty,Sunscreen SPF50,"reasonable quality, similar to other products in this range. Might update this review later.",3,2024-09-05,Yes,0,reasonable quality similar other products range might update review later,Neutral,0.0,Neutral,2024-09
REV000773,ELE1051,Electronics,Laptop Stand,cheaply made and feels flimsy. Very frustrating.,2,2024-08-11,Yes,0,cheaply made feels flimsy frustrating,Negative,-0.4927,Negative,2024-08
REV002505,BOO1506,Books,Business Book,"very disappointed, stopped working after a few days. Would not recommend to anyone.",2,2023-02-06,No,2,disappointed stopped working after few days recommend anyone,Negative,-0.7705,Negative,2023-02
REV003027,ELE1953,Electronics,Smartwatch,"absolutely love this product, exceeded my expectations. Five stars from me.",5,2024-08-25,Yes,2,absolutely love product exceeded expectations five stars me,Positive,0.6697,Positive,2024-08
REV000968,BEA1613,Beauty,Hair Dryer,"very satisfied, the quality exceeded what I paid for. Fast shipping too!",5,2024-03-26,Yes,3,satisfied quality exceeded what paid fast shipping too,Positive,0.5244,Positive,2024-03
REV001824,BEA1196,Beauty,Sunscreen SPF50,"does what it says, no major complaints.",3,2024-05-04,Yes,0,what says major complaints,Positive,0.0903,Neutral,2024-05
REV002165,BEA1963,Beauty,Shampoo,"gets the job done, nothing more nothing less. We'll see how it holds up.",3,2023-10-25,No,0,gets job done nothing more nothing less ll see how holds up,Neutral,0.0,Neutral,2023-10
REV002135,SPO1627,Sports & Outdoors,Resistance Bands,"absolutely love this product, exceeded my expectations. Would buy again.",4,2024-07-26,Yes,2,absolutely love product exceeded expectations buy again,Positive,0.6697,Positive,2024-07
REV002413,SPO1949,Sports & Outdoors,Camping Tent,"broke within a week, waste of money. Very frustrating.",2,2023-05-01,Yes,4,broke within week waste money frustrating,Negative,-0.8313,Negative,2023-05
REV000897,HOM1933,Home & Kitchen,Air Fryer,"great quality and works perfectly, highly recommend.",5,2023-11-08,Yes,1,great quality works perfectly highly recommend,Positive,0.902,Positive,2023-11
REV002591,SPO1580,Sports & Outdoors,Hiking Backpack,"superb product, will definitely buy again. Fast shipping too!",5,2023-01-21,Yes,1,superb product definitely buy again fast shipping too,Positive,0.7959,Positive,2023-01
REV000874,SPO1123,Sports & Outdoors,Hiking Backpack,"it's okay, does the job but nothing special. We'll see how it holds up.",3,2023-08-23,No,0,okay job nothing special ll see how holds up,Negative,-0.3479,Neutral,2023-08
REV001057,CLO1310,Clothing,Denim Jeans,"excellent build quality, arrived quickly and works great. Five stars from me.",4,2023-09-24,Yes,2,excellent build quality arrived quickly works great five stars me,Positive,0.8316,Positive,2023-09
REV002198,BEA1352,Beauty,Face Moisturizer,"amazing value for the price, very happy with this purchase. My whole family loves it.",5,2023-06-01,Yes,11,amazing value price happy purchase whole family loves,Positive,0.9312,Positive,2023-06
REV003625,BEA1264,Beauty,Lip Balm Set,works flawlessly and looks even better in person. Fast shipping too!,5,2023-02-13,Yes,3,works flawlessly looks even better person fast shipping too,Positive,0.6114,Positive,2023-02
REV003490,BEA1581,Beauty,Lip Balm Set,"not as advertised, very frustrating purchase. Asked for a refund.",2,2023-04-13,Yes,1,advertised frustrating purchase asked refund,Negative,-0.4927,Negative,2023-04
REV003087,BOO1318,Books,Self-Help Guide,"regret buying this, quality is really bad. Asked for a refund.",2,2023-04-09,Yes,3,regret buying quality bad asked refund,Negative,-0.7645,Negative,2023-04
REV000585,BOO1091,Books,Business Book,"superb product, will definitely buy again. Would buy again.",5,2023-10-07,Yes,3,superb product definitely buy again buy again,Positive,0.7783,Positive,2023-10
REV003259,ELE1577,Electronics,Bluetooth Speaker,"average product, met basic expectations.",3,2023-05-08,Yes,0,average product met basic expectations,Neutral,0.0,Neutral,2023-05
REV003497,ELE1284,Electronics,Wireless Earbuds,"great quality and works perfectly, highly recommend. My whole family loves it.",5,2024-02-22,Yes,0,great quality works perfectly highly recommend whole family loves,Positive,0.9412,Positive,2024-02
REV002757,HOM1025,Home & Kitchen,Vacuum Cleaner,"very satisfied, the quality exceeded what I paid for. Would buy again.",4,2024-01-01,Yes,0,satisfied quality exceeded what paid buy again,Positive,0.4754,Positive,2024-01
REV003808,BOO1168,Books,Cookbook,perfect fit and great customer service too. My whole family loves it.,5,2024-05-24,No,3,perfect fit great customer service too whole family loves,Positive,0.9325,Positive,2024-05
REV003045,SPO1919,Sports & Outdoors,Water Bottle,"great quality and works perfectly, highly recommend. My whole family loves it.",5,2023-11-03,Yes,3,great quality works perfectly highly recommend whole family loves,Positive,0.9412,Positive,2023-11
REV001207,SPO1183,Sports & Outdoors,Yoga Mat,perfect fit and great customer service too. Would buy again.,5,2023-08-02,Yes,0,perfect fit great customer service too buy again,Positive,0.8834,Positive,2023-08
REV001107,BOO1099,Books,Sci-Fi Trilogy,"outstanding performance, worth every penny. Would buy again.",4,2024-05-22,Yes,0,outstanding performance worth every penny buy again,Positive,0.7096,Positive,2024-05
REV002824,BOO1119,Books,Business Book,"does not match the description, quite misleading. Wish I'd read reviews first.",2,2023-02-04,Yes,0,match description quite misleading wish read reviews first,Neutral,-0.0038,Negative,2023-02
REV003383,SPO1296,Sports & Outdoors,Hiking Backpack,"this is fantastic, exactly what I needed. Fast shipping too!",5,2024-11-07,Yes,0,fantastic exactly what needed fast shipping too,Positive,0.5983,Positive,2024-11
REV003981,BEA1066,Beauty,Lip Balm Set,"gets the job done, nothing more nothing less. Still testing it out.",3,2024-03-17,No,0,gets job done nothing more nothing less still testing out,Neutral,0.0,Neutral,2024-03
REV003051,ELE1733,Electronics,Laptop Stand,"reasonable quality, similar to other products in this range. We'll see how it holds up.   <br>  ",3,2024-12-13,Yes,1,reasonable quality similar other products range ll see how holds up,Neutral,0.0,Neutral,2024-12
REV002148,HOM1793,Home & Kitchen,Blender,"superb product, will definitely buy again. My whole family loves it.",4,2023-06-04,Yes,1,superb product definitely buy again whole family loves,Positive,0.8885,Positive,2023-06
REV002882,BOO1317,Books,Cookbook,"very disappointed, stopped working after a few days. Would not recommend to anyone.",1,2023-10-03,No,1,disappointed stopped working after few days recommend anyone,Negative,-0.7705,Negative,2023-10
REV003009,SPO1509,Sports & Outdoors,Yoga Mat,"it's okay, does the job but nothing special. We'll see how it holds up.",3,2023-10-06,Yes,0,okay job nothing special ll see how holds up,Negative,-0.3479,Neutral,2023-10
REV001952,CLO1827,Clothing,Yoga Pants,"worst purchase I've made this year, do not recommend. Very frustrating.",1,2024-05-10,Yes,5,worst purchase ve made year recommend frustrating,Negative,-0.5555,Negative,2024-05
REV003483,ELE1803,Electronics,Wireless Earbuds,"does not match the description, quite misleading. Asked for a refund.",1,2024-05-01,Yes,1,match description quite misleading asked refund,Negative,-0.4576,Negative,2024-05
REV002440,BOO1027,Books,Self-Help Guide,"worst purchase I've made this year, do not recommend. Would not recommend to anyone.",2,2024-12-18,Yes,0,worst purchase ve made year recommend recommend anyone,Negative,-0.8085,Negative,2024-12
REV003769,BOO1915,Books,Sci-Fi Trilogy,"average product, met basic expectations. Might update this review later.",3,2023-07-10,Yes,0,average product met basic expectations might update review later,Neutral,0.0,Neutral,2023-07
REV000686,ELE1129,Electronics,Bluetooth Speaker,"worst purchase I've made this year, do not recommend. Would not recommend to anyone.",1,2023-10-24,Yes,1,worst purchase ve made year recommend recommend anyone,Negative,-0.8085,Negative,2023-10
REV002392,HOM1623,Home & Kitchen,Blender,cheaply made and feels flimsy.,2,2023-10-12,Yes,0,cheaply made feels flimsy,Neutral,0.0,Negative,2023-10
REV002602,BEA1232,Beauty,Hair Dryer,"excellent build quality, arrived quickly and works great. Five stars from me.",5,2024-04-13,Yes,7,excellent build quality arrived quickly works great five stars me,Positive,0.8316,Positive,2024-04
REV000432,BEA1996,Beauty,Shampoo,works flawlessly and looks even better in person. Would buy again.,4,2024-03-12,Yes,0,works flawlessly looks even better person buy again,Positive,0.5719,Positive,2024-03
REV001743,HOM1341,Home & Kitchen,Blender,"decent for the price, but not amazing. Might update this review later.",3,2023-02-10,Yes,1,decent price amazing might update review later,Negative,-0.6259,Neutral,2023-02
REV002932,SPO1544,Sports & Outdoors,Camping Tent,"does what it says, no major complaints.",3,2024-01-09,Yes,0,what says major complaints,Positive,0.0903,Neutral,2024-01
REV001298,ELE1370,Electronics,Smartwatch,"superb product, will definitely buy again. Five stars from me.",5,2024-08-19,Yes,1,superb product definitely buy again five stars me,Positive,0.7783,Positive,2024-08
REV001181,SPO1093,Sports & Outdoors,Resistance Bands,"great quality and works perfectly, highly recommend. Fast shipping too!",5,2023-04-11,Yes,1,great quality works perfectly highly recommend fast shipping too,Positive,0.9078,Positive,2023-04
REV000430,BOO1427,Books,Cookbook,cheaply made and feels flimsy. Would not recommend to anyone.,1,2023-11-08,Yes,20,cheaply made feels flimsy recommend anyone,Negative,-0.2755,Negative,2023-11
REV003010,HOM1316,Home & Kitchen,Air Fryer,"excellent build quality, arrived quickly and works great. My whole family loves it.",5,2024-12-04,Yes,3,excellent build quality arrived quickly works great whole family loves,Positive,0.91,Positive,2024-12
REV001471,ELE1353,Electronics,Wireless Earbuds,arrived defective and customer support was unhelpful.,1,2023-04-11,Yes,6,arrived defective customer support unhelpful,Negative,-0.0516,Negative,2023-04
REV002974,ELE1637,Electronics,Bluetooth Speaker,perfect fit and great customer service too. Would buy again.,4,2024-02-11,Yes,1,perfect fit great customer service too buy again,Positive,0.8834,Positive,2024-02
REV001009,BEA1531,Beauty,Hair Dryer,"absolutely love this product, exceeded my expectations. Five stars from me.",5,2023-06-17,No,4,absolutely love product exceeded expectations five stars me,Positive,0.6697,Positive,2023-06
REV003617,BOO1035,Books,Cookbook,"superb product, will definitely buy again.",4,2023-12-09,No,2,superb product definitely buy again,Positive,0.7783,Positive,2023-12
REV001488,BOO1618,Books,Business Book,perfect fit and great customer service too. Five stars from me.,5,2024-11-13,No,16,perfect fit great customer service too five stars me,Positive,0.8834,Positive,2024-11
REV000441,SPO1149,Sports & Outdoors,Yoga Mat,perfect fit and great customer service too. My whole family loves it.,5,2024-09-16,Yes,2,perfect fit great customer service too whole family loves,Positive,0.9325,Positive,2024-09
REV001729,CLO1314,Clothing,Denim Jeans,"not as advertised, very frustrating purchase. Very frustrating.",1,2024-08-28,No,0,advertised frustrating purchase frustrating,Negative,-0.7496,Negative,2024-08
REV002912,CLO1640,Clothing,Winter Jacket,"regret buying this, quality is really bad. Very frustrating.",2,2024-07-01,Yes,2,regret buying quality bad frustrating,Negative,-0.8764,Negative,2024-07
REV001737,ELE1843,Electronics,Power Bank,works flawlessly and looks even better in person. Would buy again.   <br>  ,5,2023-03-26,Yes,1,works flawlessly looks even better person buy again,Positive,0.5719,Positive,2023-03
REV002494,BOO1905,Books,Mystery Novel,"great quality and works perfectly, highly recommend. Fast shipping too!",5,2023-12-26,No,3,great quality works perfectly highly recommend fast shipping too,Positive,0.9078,Positive,2023-12
REV001343,SPO1939,Sports & Outdoors,Camping Tent,"very satisfied, the quality exceeded what I paid for.",5,2024-07-09,Yes,2,satisfied quality exceeded what paid,Positive,0.4754,Positive,2024-07
REV000202,HOM1607,Home & Kitchen,Coffee Maker,"this is fantastic, exactly what I needed. Five stars from me.",5,2023-01-05,Yes,6,fantastic exactly what needed five stars me,Positive,0.5574,Positive,2023-01
REV000112,ELE1897,Electronics,Smartwatch,"decent for the price, but not amazing.",3,2024-11-20,No,0,decent price amazing,Negative,-0.6259,Neutral,2024-11
REV001709,ELE1419,Electronics,Wireless Earbuds,"superb product, will definitely buy again. Would buy again.",5,2024-02-04,Yes,5,superb product definitely buy again buy again,Positive,0.7783,Positive,2024-02
REV002349,SPO1975,Sports & Outdoors,Yoga Mat,"not as advertised, very frustrating purchase. Asked for a refund.   <br>  ",1,2023-07-01,No,1,advertised frustrating purchase asked refund,Negative,-0.4927,Negative,2023-07
REV001673,CLO1273,Clothing,Running Shoes,perfect fit and great customer service too. Fast shipping too!,5,2023-05-04,Yes,0,perfect fit great customer service too fast shipping too,Positive,0.8908,Positive,2023-05
REV003199,ELE1612,Electronics,Bluetooth Speaker,"terrible experience, item arrived damaged. Would not recommend to anyone.",1,2023-11-21,Yes,1,terrible experience item arrived damaged recommend anyone,Negative,-0.797,Negative,2023-11
REV002497,SPO1234,Sports & Outdoors,Resistance Bands,"amazing value for the price, very happy with this purchase. My whole family loves it.   <br>  ",5,2024-02-13,Yes,2,amazing value price happy purchase whole family loves,Positive,0.9312,Positive,2024-02
REV001861,BEA1551,Beauty,Hair Dryer,"regret buying this, quality is really bad. Wish I'd read reviews first.",1,2023-09-02,Yes,0,regret buying quality bad wish read reviews first,Negative,-0.5595,Negative,2023-09
REV000089,ELE1084,Electronics,Power Bank,"works fine so far, will update if anything changes.",3,2023-04-21,No,0,works fine far update anything changes,Positive,0.2023,Neutral,2023-04
REV000531,SPO1816,Sports & Outdoors,Yoga Mat,"this is fantastic, exactly what I needed. Would buy again.",5,2023-04-10,No,3,fantastic exactly what needed buy again,Positive,0.5574,Positive,2023-04
REV001247,BOO1549,Books,Business Book,"it's okay, does the job but nothing special.",3,2023-05-09,Yes,0,okay job nothing special,Negative,-0.3479,Neutral,2023-05
REV001549,HOM1387,Home & Kitchen,Air Fryer,"worst purchase I've made this year, do not recommend. Wish I'd read reviews first.",2,2023-06-04,Yes,2,worst purchase ve made year recommend wish read reviews first,Negative,-0.816,Negative,2023-06
REV001259,CLO1521,Clothing,Yoga Pants,"not as advertised, very frustrating purchase. Would not recommend to anyone.",1,2024-09-30,Yes,1,advertised frustrating purchase recommend anyone,Negative,-0.6489,Negative,2024-09
REV002430,HOM1312,Home & Kitchen,Coffee Maker,works flawlessly and looks even better in person.,5,2024-02-22,Yes,0,works flawlessly looks even better person,Positive,0.5719,Positive,2024-02
REV000794,BEA1518,Beauty,Hair Dryer,"great quality and works perfectly, highly recommend. Would buy again.",5,2023-06-19,No,2,great quality works perfectly highly recommend buy again,Positive,0.902,Positive,2023-06
REV003631,SPO1923,Sports & Outdoors,Resistance Bands,arrived defective and customer support was unhelpful. Very frustrating.,1,2023-06-18,Yes,8,arrived defective customer support unhelpful frustrating,Negative,-0.5256,Negative,2023-06
REV003960,ELE1013,Electronics,Smartwatch,arrived defective and customer support was unhelpful. Asked for a refund.,2,2024-06-05,Yes,6,arrived defective customer support unhelpful asked refund,Negative,-0.0516,Negative,2024-06
REV002365,BOO1107,Books,Business Book,"very disappointed, stopped working after a few days.",1,2024-01-22,Yes,1,disappointed stopped working after few days,Negative,-0.6779,Negative,2024-01
REV001046,CLO1161,Clothing,Cotton T-Shirt,"decent for the price, but not amazing. Might update this review later.",3,2024-08-11,Yes,4,decent price amazing might update review later,Negative,-0.6259,Neutral,2024-08
REV001503,BEA1877,Beauty,Shampoo,"it's fine, though the packaging could be better. Still testing it out.",3,2024-06-17,Yes,2,fine though packaging better still testing out,Positive,0.5719,Neutral,2024-06
REV002164,HOM1348,Home & Kitchen,Vacuum Cleaner,"very satisfied, the quality exceeded what I paid for. Five stars from me.   <br>  ",5,2024-07-26,No,3,satisfied quality exceeded what paid five stars me,Positive,0.4754,Positive,2024-07
REV003758,SPO1607,Sports & Outdoors,Yoga Mat,"it's fine, though the packaging could be better. Still testing it out.",3,2024-10-27,Yes,0,fine though packaging better still testing out,Positive,0.5719,Neutral,2024-10
REV003055,ELE1748,Electronics,Bluetooth Speaker,works flawlessly and looks even better in person. Five stars from me.,5,2024-04-21,Yes,0,works flawlessly looks even better person five stars me,Positive,0.5719,Positive,2024-04
REV001640,HOM1559,Home & Kitchen,Vacuum Cleaner,"outstanding performance, worth every penny. Would buy again.",5,2024-03-26,No,5,outstanding performance worth every penny buy again,Positive,0.7096,Positive,2024-03
REV001030,ELE1921,Electronics,Laptop Stand,"broke within a week, waste of money.   <br>  ",1,2024-01-27,No,4,broke within week waste money,Negative,-0.6808,Negative,2024-01
REV002298,CLO1868,Clothing,Winter Jacket,perfect fit and great customer service too. My whole family loves it.,5,2024-06-15,Yes,1,perfect fit great customer service too whole family loves,Positive,0.9325,Positive,2024-06
REV001614,BOO1111,Books,Business Book,"gets the job done, nothing more nothing less.",3,2024-07-24,Yes,0,gets job done nothing more nothing less,Neutral,0.0,Neutral,2024-07
REV001232,CLO1048,Clothing,Winter Jacket,"broke within a week, waste of money.",1,2024-06-15,No,0,broke within week waste money,Negative,-0.6808,Negative,2024-06
REV000581,HOM1063,Home & Kitchen,Air Fryer,"it's fine, though the packaging could be better. We'll see how it holds up.",3,2024-11-01,Yes,0,fine though packaging better ll see how holds up,Positive,0.5719,Neutral,2024-11
REV003311,ELE1152,Electronics,Wireless Earbuds,"superb product, will definitely buy again. Five stars from me.",5,2023-01-09,Yes,4,superb product definitely buy again five stars me,Positive,0.7783,Positive,2023-01
REV003770,CLO1863,Clothing,Running Shoes,"decent for the price, but not amazing. Still testing it out.",3,2023-07-31,Yes,0,decent price amazing still testing out,Negative,-0.6259,Neutral,2023-07
REV000120,CLO1477,Clothing,Denim Jeans,perfect fit and great customer service too. Would buy again.,4,2024-05-14,Yes,0,perfect fit great customer service too buy again,Positive,0.8834,Positive,2024-05
REV002690,BOO1848,Books,Business Book,"superb product, will definitely buy again. Five stars from me.",5,2023-05-09,Yes,5,superb product definitely buy again five stars me,Positive,0.7783,Positive,2023-05
REV001188,BOO1921,Books,Self-Help Guide,"excellent build quality, arrived quickly and works great. Five stars from me.",5,2023-12-18,No,0,excellent build quality arrived quickly works great five stars me,Positive,0.8316,Positive,2023-12
REV003320,CLO1149,Clothing,Cotton T-Shirt,"outstanding performance, worth every penny. Five stars from me.",4,2023-08-17,Yes,1,outstanding performance worth every penny five stars me,Positive,0.7096,Positive,2023-08
REV002064,BEA1931,Beauty,Hair Dryer,"excellent build quality, arrived quickly and works great. Would buy again.",5,2024-02-16,No,2,excellent build quality arrived quickly works great buy again,Positive,0.8316,Positive,2024-02
REV002172,SPO1093,Sports & Outdoors,Hiking Backpack,"great quality and works perfectly, highly recommend. Fast shipping too!",5,2024-11-04,Yes,8,great quality works perfectly highly recommend fast shipping too,Positive,0.9078,Positive,2024-11
REV001795,BOO1885,Books,Cookbook,"absolutely love this product, exceeded my expectations. Would buy again.",5,2023-07-16,No,7,absolutely love product exceeded expectations buy again,Positive,0.6697,Positive,2023-07
REV001594,BEA1787,Beauty,Shampoo,works flawlessly and looks even better in person. Would buy again.,5,2023-07-04,No,0,works flawlessly looks even better person buy again,Positive,0.5719,Positive,2023-07
REV000068,ELE1055,Electronics,Wireless Earbuds,"it's okay, does the job but nothing special. We'll see how it holds up.",3,2023-12-27,Yes,0,okay job nothing special ll see how holds up,Negative,-0.3479,Neutral,2023-12
REV002693,BEA1495,Beauty,Face Moisturizer,"reasonable quality, similar to other products in this range. Still testing it out.",3,2024-09-16,Yes,1,reasonable quality similar other products range still testing out,Neutral,0.0,Neutral,2024-09
REV002762,BOO1337,Books,Business Book,"amazing value for the price, very happy with this purchase. Five stars from me.",5,2024-04-07,Yes,1,amazing value price happy purchase five stars me,Positive,0.8805,Positive,2024-04
REV001381,SPO1534,Sports & Outdoors,Yoga Mat,"decent for the price, but not amazing.",3,2024-02-27,Yes,0,decent price amazing,Negative,-0.6259,Neutral,2024-02
REV000113,SPO1689,Sports & Outdoors,Yoga Mat,"this is fantastic, exactly what I needed. Fast shipping too!",5,2023-12-06,No,0,fantastic exactly what needed fast shipping too,Positive,0.5983,Positive,2023-12
REV001846,SPO1790,Sports & Outdoors,Camping Tent,"excellent build quality, arrived quickly and works great. My whole family loves it.",5,2024-08-15,Yes,8,excellent build quality arrived quickly works great whole family loves,Positive,0.91,Positive,2024-08
REV001431,CLO1057,Clothing,Denim Jeans,"very satisfied, the quality exceeded what I paid for.",5,2023-04-23,Yes,0,satisfied quality exceeded what paid,Positive,0.4754,Positive,2023-04
REV002040,BOO1421,Books,Cookbook,"excellent build quality, arrived quickly and works great. Would buy again.",5,2023-02-05,Yes,0,excellent build quality arrived quickly works great buy again,Positive,0.8316,Positive,2023-02
REV003632,HOM1611,Home & Kitchen,Vacuum Cleaner,arrived defective and customer support was unhelpful. Very frustrating.,1,2023-04-05,Yes,0,arrived defective customer support unhelpful frustrating,Negative,-0.5256,Negative,2023-04
REV003342,BOO1336,Books,Business Book,"amazing value for the price, very happy with this purchase. My whole family loves it.",5,2023-09-21,Yes,1,amazing value price happy purchase whole family loves,Positive,0.9312,Positive,2023-09
REV003202,BEA1526,Beauty,Hair Dryer,acceptable quality for casual use. Still testing it out.   <br>  ,3,2023-05-27,Yes,0,acceptable quality casual use still testing out,Positive,0.4767,Neutral,2023-05
REV003069,ELE1081,Electronics,Wireless Earbuds,works flawlessly and looks even better in person. My whole family loves it.,4,2024-07-25,Yes,0,works flawlessly looks even better person whole family loves,Positive,0.8126,Positive,2024-07
REV001050,BOO1944,Books,Business Book,acceptable quality for casual use. Still testing it out.,3,2023-11-05,Yes,0,acceptable quality casual use still testing out,Positive,0.4767,Neutral,2023-11
REV003455,BOO1653,Books,Business Book,"absolutely love this product, exceeded my expectations. Five stars from me.",4,2024-06-25,Yes,1,absolutely love product exceeded expectations five stars me,Positive,0.6697,Positive,2024-06
REV001979,HOM1811,Home & Kitchen,Vacuum Cleaner,"excellent build quality, arrived quickly and works great. Five stars from me.",5,2024-12-08,Yes,1,excellent build quality arrived quickly works great five stars me,Positive,0.8316,Positive,2024-12
REV003693,BOO1656,Books,Self-Help Guide,"absolutely love this product, exceeded my expectations. My whole family loves it.",5,2023-04-05,Yes,1,absolutely love product exceeded expectations whole family loves,Positive,0.8479,Positive,2023-04
REV003646,BOO1751,Books,Mystery Novel,"amazing value for the price, very happy with this purchase. My whole family loves it.",4,2023-11-04,No,4,amazing value price happy purchase whole family loves,Positive,0.9312,Positive,2023-11
REV002231,CLO1045,Clothing,Winter Jacket,"very satisfied, the quality exceeded what I paid for. Fast shipping too!",4,2024-02-11,Yes,1,satisfied quality exceeded what paid fast shipping too,Positive,0.5244,Positive,2024-02
REV001520,ELE1795,Electronics,Bluetooth Speaker,"poor quality, not worth the money at all. Would not recommend to anyone.",1,2023-10-17,No,0,poor quality worth money all recommend anyone,Negative,-0.7074,Negative,2023-10
REV002500,ELE1318,Electronics,Wireless Earbuds,"not as advertised, very frustrating purchase. Very frustrating.",2,2024-03-30,Yes,0,advertised frustrating purchase frustrating,Negative,-0.7496,Negative,2024-03
REV002071,SPO1357,Sports & Outdoors,Yoga Mat,"gets the job done, nothing more nothing less. Still testing it out.",3,2023-11-17,Yes,2,gets job done nothing more nothing less still testing out,Neutral,0.0,Neutral,2023-11
REV002708,CLO1506,Clothing,Denim Jeans,"this is fantastic, exactly what I needed. My whole family loves it.",5,2024-07-13,No,6,fantastic exactly what needed whole family loves,Positive,0.8074,Positive,2024-07
REV002771,BOO1208,Books,Self-Help Guide,"absolutely love this product, exceeded my expectations.",5,2024-07-06,Yes,0,absolutely love product exceeded expectations,Positive,0.6697,Positive,2024-07
REV002448,SPO1336,Sports & Outdoors,Resistance Bands,perfect fit and great customer service too.,4,2023-07-17,Yes,1,perfect fit great customer service too,Positive,0.8834,Positive,2023-07
REV000946,SPO1181,Sports & Outdoors,Hiking Backpack,"does not match the description, quite misleading. Would not recommend to anyone.",2,2024-07-31,Yes,1,match description quite misleading recommend anyone,Negative,-0.6253,Negative,2024-07
REV003242,BEA1711,Beauty,Shampoo,"poor quality, not worth the money at all. Wish I'd read reviews first.",1,2023-10-19,No,0,poor quality worth money all wish read reviews first,Negative,-0.2654,Negative,2023-10
REV002875,ELE1418,Electronics,Smartwatch,"it's okay, does the job but nothing special. We'll see how it holds up.",3,2024-10-01,Yes,0,okay job nothing special ll see how holds up,Negative,-0.3479,Neutral,2024-10
REV002516,CLO1735,Clothing,Denim Jeans,"not as advertised, very frustrating purchase. Very frustrating.",2,2024-05-23,Yes,3,advertised frustrating purchase frustrating,Negative,-0.7496,Negative,2024-05
REV001375,BEA1591,Beauty,Face Moisturizer,"absolutely love this product, exceeded my expectations. Fast shipping too!",5,2024-11-04,Yes,1,absolutely love product exceeded expectations fast shipping too,Positive,0.6989,Positive,2024-11
REV003070,CLO1905,Clothing,Denim Jeans,"absolutely love this product, exceeded my expectations. Fast shipping too!",5,2024-08-07,No,0,absolutely love product exceeded expectations fast shipping too,Positive,0.6989,Positive,2024-08
REV002634,ELE1836,Electronics,Bluetooth Speaker,"outstanding performance, worth every penny. Would buy again.",4,2024-10-21,Yes,4,outstanding performance worth every penny buy again,Positive,0.7096,Positive,2024-10
REV003361,CLO1755,Clothing,Running Shoes,"excellent build quality, arrived quickly and works great. My whole family loves it.",4,2024-11-30,Yes,0,excellent build quality arrived quickly works great whole family loves,Positive,0.91,Positive,2024-11
REV003874,ELE1026,Electronics,Laptop Stand,"superb product, will definitely buy again. Would buy again.",5,2024-05-30,Yes,1,superb product definitely buy again buy again,Positive,0.7783,Positive,2024-05
REV002468,CLO1207,Clothing,Winter Jacket,"not as advertised, very frustrating purchase. Very frustrating.",1,2023-03-03,No,0,advertised frustrating purchase frustrating,Negative,-0.7496,Negative,2023-03
REV003817,ELE1572,Electronics,Wireless Earbuds,"great quality and works perfectly, highly recommend.",5,2023-06-04,Yes,2,great quality works perfectly highly recommend,Positive,0.902,Positive,2023-06
REV000299,BOO1704,Books,Business Book,"amazing value for the price, very happy with this purchase. Fast shipping too!",4,2023-02-23,Yes,6,amazing value price happy purchase fast shipping too,Positive,0.8881,Positive,2023-02
REV000203,SPO1578,Sports & Outdoors,Camping Tent,cheaply made and feels flimsy. Wish I'd read reviews first.,2,2023-03-31,Yes,4,cheaply made feels flimsy wish read reviews first,Positive,0.4019,Negative,2023-03
REV000075,CLO1533,Clothing,Yoga Pants,"excellent build quality, arrived quickly and works great. Fast shipping too!",4,2024-07-17,Yes,3,excellent build quality arrived quickly works great fast shipping too,Positive,0.8439,Positive,2024-07
REV001363,ELE1941,Electronics,Power Bank,"very satisfied, the quality exceeded what I paid for.",4,2024-05-15,Yes,0,satisfied quality exceeded what paid,Positive,0.4754,Positive,2024-05
REV000041,HOM1016,Home & Kitchen,Vacuum Cleaner,"great quality and works perfectly, highly recommend. Fast shipping too!",5,2023-07-13,Yes,0,great quality works perfectly highly recommend fast shipping too,Positive,0.9078,Positive,2023-07
REV000731,BEA1686,Beauty,Lip Balm Set,"it's fine, though the packaging could be better. Might update this review later.",3,2023-07-02,No,1,fine though packaging better might update review later,Positive,0.5719,Neutral,2023-07
REV000599,HOM1993,Home & Kitchen,Air Fryer,"average product, met basic expectations. Still testing it out.",3,2023-09-05,No,0,average product met basic expectations still testing out,Neutral,0.0,Neutral,2023-09
REV000110,CLO1590,Clothing,Running Shoes,"excellent build quality, arrived quickly and works great.",4,2024-09-26,Yes,7,excellent build quality arrived quickly works great,Positive,0.8316,Positive,2024-09
REV002356,HOM1978,Home & Kitchen,Air Fryer,acceptable quality for casual use.,3,2023-05-18,No,2,acceptable quality casual use,Positive,0.4767,Neutral,2023-05
REV000163,BOO1780,Books,Cookbook,works flawlessly and looks even better in person. Five stars from me.,5,2023-02-10,Yes,0,works flawlessly looks even better person five stars me,Positive,0.5719,Positive,2023-02
REV002745,HOM1626,Home & Kitchen,Air Fryer,"does what it says, no major complaints. Might update this review later.",3,2024-01-25,Yes,0,what says major complaints might update review later,Positive,0.0903,Neutral,2024-01
REV002263,CLO1979,Clothing,Yoga Pants,works flawlessly and looks even better in person. Fast shipping too!,5,2024-06-05,Yes,2,works flawlessly looks even better person fast shipping too,Positive,0.6114,Positive,2024-06
REV003648,HOM1301,Home & Kitchen,Blender,"decent for the price, but not amazing. Still testing it out.",3,2023-10-12,Yes,4,decent price amazing still testing out,Negative,-0.6259,Neutral,2023-10
REV002787,BEA1020,Beauty,Lip Balm Set,"great quality and works perfectly, highly recommend. Fast shipping too!",4,2023-12-29,Yes,7,great quality works perfectly highly recommend fast shipping too,Positive,0.9078,Positive,2023-12
REV003949,SPO1336,Sports & Outdoors,Yoga Mat,"excellent build quality, arrived quickly and works great. Would buy again.",4,2024-03-01,Yes,2,excellent build quality arrived quickly works great buy again,Positive,0.8316,Positive,2024-03
REV003033,BEA1000,Beauty,Shampoo,"gets the job done, nothing more nothing less. Still testing it out.",3,2023-08-25,Yes,0,gets job done nothing more nothing less still testing out,Neutral,0.0,Neutral,2023-08
REV002114,CLO1520,Clothing,Running Shoes,"average product, met basic expectations. We'll see how it holds up.",3,2024-08-18,Yes,0,average product met basic expectations ll see how holds up,Neutral,0.0,Neutral,2024-08
REV001329,SPO1600,Sports & Outdoors,Yoga Mat,"absolutely love this product, exceeded my expectations. Five stars from me.",5,2023-12-24,Yes,5,absolutely love product exceeded expectations five stars me,Positive,0.6697,Positive,2023-12
REV001203,SPO1944,Sports & Outdoors,Water Bottle,"superb product, will definitely buy again. Fast shipping too!",5,2024-09-17,Yes,4,superb product definitely buy again fast shipping too,Positive,0.7959,Positive,2024-09
REV001620,ELE1763,Electronics,Smartwatch,"great quality and works perfectly, highly recommend.",5,2023-03-07,Yes,5,great quality works perfectly highly recommend,Positive,0.902,Positive,2023-03
REV003365,CLO1605,Clothing,Running Shoes,"very disappointed, stopped working after a few days. Very frustrating.",2,2024-07-10,Yes,3,disappointed stopped working after few days frustrating,Negative,-0.83,Negative,2024-07
REV002906,HOM1054,Home & Kitchen,Non-Stick Pan Set,"works fine so far, will update if anything changes. We'll see how it holds up.",3,2024-05-20,Yes,2,works fine far update anything changes ll see how holds up,Positive,0.2023,Neutral,2024-05
REV003636,SPO1057,Sports & Outdoors,Resistance Bands,"it's fine, though the packaging could be better. Might update this review later.   <br>  ",3,2023-09-23,Yes,0,fine though packaging better might update review later,Positive,0.5719,Neutral,2023-09
REV002791,ELE1665,Electronics,Power Bank,"amazing value for the price, very happy with this purchase. My whole family loves it.",5,2023-03-07,No,0,amazing value price happy purchase whole family loves,Positive,0.9312,Positive,2023-03
REV001937,BEA1476,Beauty,Lip Balm Set,"it's fine, though the packaging could be better. Might update this review later.",3,2024-09-25,Yes,0,fine though packaging better might update review later,Positive,0.5719,Neutral,2024-09
REV003557,BEA1205,Beauty,Shampoo,works flawlessly and looks even better in person. Fast shipping too!,5,2023-09-30,Yes,2,works flawlessly looks even better person fast shipping too,Positive,0.6114,Positive,2023-09
REV002713,SPO1207,Sports & Outdoors,Resistance Bands,"this is fantastic, exactly what I needed. My whole family loves it.",4,2023-12-10,No,1,fantastic exactly what needed whole family loves,Positive,0.8074,Positive,2023-12
REV002051,ELE1672,Electronics,Bluetooth Speaker,"amazing value for the price, very happy with this purchase. Would buy again.",4,2023-03-22,Yes,6,amazing value price happy purchase buy again,Positive,0.8805,Positive,2023-03
REV003699,BOO1701,Books,Mystery Novel,"outstanding performance, worth every penny. Fast shipping too!",4,2024-12-22,Yes,1,outstanding performance worth every penny fast shipping too,Positive,0.7345,Positive,2024-12
REV002672,CLO1034,Clothing,Running Shoes,works flawlessly and looks even better in person. Five stars from me.,5,2023-10-10,Yes,2,works flawlessly looks even better person five stars me,Positive,0.5719,Positive,2023-10
REV003264,HOM1335,Home & Kitchen,Vacuum Cleaner,perfect fit and great customer service too.,5,2023-08-11,Yes,2,perfect fit great customer service too,Positive,0.8834,Positive,2023-08
REV001273,BEA1844,Beauty,Sunscreen SPF50,"average product, met basic expectations. We'll see how it holds up.",3,2024-05-10,Yes,0,average product met basic expectations ll see how holds up,Neutral,0.0,Neutral,2024-05
REV001355,BOO1303,Books,Self-Help Guide,"it's okay, does the job but nothing special. Might update this review later.",3,2023-12-24,No,0,okay job nothing special might update review later,Negative,-0.3479,Neutral,2023-12
REV001384,CLO1340,Clothing,Winter Jacket,"decent for the price, but not amazing.",3,2024-11-08,No,1,decent price amazing,Negative,-0.6259,Neutral,2024-11
REV000334,SPO1957,Sports & Outdoors,Resistance Bands,acceptable quality for casual use. Might update this review later.,3,2023-12-25,No,0,acceptable quality casual use might update review later,Positive,0.4767,Neutral,2023-12
REV002596,BOO1747,Books,Sci-Fi Trilogy,"amazing value for the price, very happy with this purchase. Five stars from me.",4,2024-02-05,Yes,0,amazing value price happy purchase five stars me,Positive,0.8805,Positive,2024-02
REV000613,ELE1103,Electronics,Smartwatch,"very satisfied, the quality exceeded what I paid for.",5,2024-06-04,Yes,0,satisfied quality exceeded what paid,Positive,0.4754,Positive,2024-06
REV000728,CLO1476,Clothing,Running Shoes,"excellent build quality, arrived quickly and works great. Would buy again.",4,2023-01-13,Yes,0,excellent build quality arrived quickly works great buy again,Positive,0.8316,Positive,2023-01
REV002753,BEA1665,Beauty,Face Moisturizer,"superb product, will definitely buy again. Fast shipping too!",4,2024-05-22,No,4,superb product definitely buy again fast shipping too,Positive,0.7959,Positive,2024-05
REV000143,CLO1734,Clothing,Winter Jacket,"very satisfied, the quality exceeded what I paid for. Fast shipping too!   <br>  ",4,2023-11-20,Yes,0,satisfied quality exceeded what paid fast shipping too,Positive,0.5244,Positive,2023-11
REV003466,ELE1965,Electronics,Wireless Earbuds,"absolutely love this product, exceeded my expectations. Would buy again.",4,2023-11-02,Yes,1,absolutely love product exceeded expectations buy again,Positive,0.6697,Positive,2023-11
REV003787,BEA1852,Beauty,Shampoo,"excellent build quality, arrived quickly and works great. Would buy again.",5,2023-10-02,Yes,3,excellent build quality arrived quickly works great buy again,Positive,0.8316,Positive,2023-10
REV000964,ELE1571,Electronics,Smartwatch,"superb product, will definitely buy again.",5,2023-04-30,No,9,superb product definitely buy again,Positive,0.7783,Positive,2023-04
REV002874,HOM1702,Home & Kitchen,Non-Stick Pan Set,"decent for the price, but not amazing. Might update this review later.",3,2023-10-05,No,2,decent price amazing might update review later,Negative,-0.6259,Neutral,2023-10
REV002613,BOO1798,Books,Business Book,"reasonable quality, similar to other products in this range. Might update this review later.",3,2023-01-13,Yes,0,reasonable quality similar other products range might update review later,Neutral,0.0,Neutral,2023-01
REV000233,ELE1083,Electronics,Power Bank,"excellent build quality, arrived quickly and works great. Five stars from me.",5,2024-07-29,Yes,0,excellent build quality arrived quickly works great five stars me,Positive,0.8316,Positive,2024-07
REV001354,CLO1937,Clothing,Running Shoes,"regret buying this, quality is really bad.",2,2023-06-29,Yes,1,regret buying quality bad,Negative,-0.7645,Negative,2023-06
REV000077,HOM1261,Home & Kitchen,Air Fryer,"not bad, not great, just an average item. We'll see how it holds up.   <br>  ",3,2024-08-28,Yes,0,bad great average item ll see how holds up,Positive,0.6754,Neutral,2024-08
REV003334,ELE1136,Electronics,Bluetooth Speaker,acceptable quality for casual use.,3,2024-06-01,No,0,acceptable quality casual use,Positive,0.4767,Neutral,2024-06
REV000234,HOM1964,Home & Kitchen,Vacuum Cleaner,"decent for the price, but not amazing. Might update this review later.",3,2023-04-04,Yes,0,decent price amazing might update review later,Negative,-0.6259,Neutral,2023-04
REV001430,BEA1683,Beauty,Face Moisturizer,arrived defective and customer support was unhelpful. Very frustrating.,2,2023-02-28,Yes,7,arrived defective customer support unhelpful frustrating,Negative,-0.5256,Negative,2023-02
REV000257,ELE1702,Electronics,Power Bank,"it's okay, does the job but nothing special. We'll see how it holds up.",3,2023-08-19,Yes,1,okay job nothing special ll see how holds up,Negative,-0.3479,Neutral,2023-08
REV001983,BEA1684,Beauty,Shampoo,"does what it says, no major complaints. Still testing it out.",3,2023-10-27,Yes,1,what says major complaints still testing out,Positive,0.0903,Neutral,2023-10
REV003191,CLO1852,Clothing,Yoga Pants,"average product, met basic expectations.",3,2024-01-05,Yes,0,average product met basic expectations,Neutral,0.0,Neutral,2024-01
REV000834,HOM1527,Home & Kitchen,Coffee Maker,"decent for the price, but not amazing. Might update this review later.",3,2023-02-02,Yes,0,decent price amazing might update review later,Negative,-0.6259,Neutral,2023-02
REV001240,BEA1189,Beauty,Sunscreen SPF50,"this is fantastic, exactly what I needed. Would buy again.",5,2024-11-01,Yes,4,fantastic exactly what needed buy again,Positive,0.5574,Positive,2024-11
REV001079,ELE1683,Electronics,Power Bank,works flawlessly and looks even better in person. Would buy again.,4,2023-12-14,Yes,1,works flawlessly looks even better person buy again,Positive,0.5719,Positive,2023-12
REV000155,BEA1877,Beauty,Shampoo,perfect fit and great customer service too. My whole family loves it.,5,2023-07-16,Yes,2,perfect fit great customer service too whole family loves,Positive,0.9325,Positive,2023-07
REV001724,HOM1043,Home & Kitchen,Blender,"terrible experience, item arrived damaged. Very frustrating.",1,2023-07-14,Yes,0,terrible experience item arrived damaged frustrating,Negative,-0.8479,Negative,2023-07
REV003677,SPO1640,Sports & Outdoors,Water Bottle,"gets the job done, nothing more nothing less. Might update this review later.",3,2023-11-17,Yes,0,gets job done nothing more nothing less might update review later,Neutral,0.0,Neutral,2023-11
REV001292,BEA1503,Beauty,Lip Balm Set,"poor quality, not worth the money at all. Very frustrating.",2,2023-09-18,No,0,poor quality worth money all frustrating,Negative,-0.7881,Negative,2023-09
REV003630,ELE1137,Electronics,Smartwatch,acceptable quality for casual use. Still testing it out.,3,2024-02-14,Yes,1,acceptable quality casual use still testing out,Positive,0.4767,Neutral,2024-02
REV003139,HOM1777,Home & Kitchen,Air Fryer,"excellent build quality, arrived quickly and works great. Five stars from me.",5,2024-03-17,Yes,7,excellent build quality arrived quickly works great five stars me,Positive,0.8316,Positive,2024-03
REV002799,CLO1495,Clothing,Yoga Pants,"reasonable quality, similar to other products in this range. Still testing it out.",3,2024-07-04,Yes,0,reasonable quality similar other products range still testing out,Neutral,0.0,Neutral,2024-07
REV001925,HOM1632,Home & Kitchen,Vacuum Cleaner,"outstanding performance, worth every penny.",5,2024-09-20,Yes,3,outstanding performance worth every penny,Positive,0.7096,Positive,2024-09
REV002089,CLO1201,Clothing,Running Shoes,"gets the job done, nothing more nothing less. Still testing it out.",3,2024-01-31,No,1,gets job done nothing more nothing less still testing out,Neutral,0.0,Neutral,2024-01
REV001606,ELE1230,Electronics,Laptop Stand,"outstanding performance, worth every penny.",5,2023-12-05,Yes,1,outstanding performance worth every penny,Positive,0.7096,Positive,2023-12
REV000387,BEA1162,Beauty,Lip Balm Set,"worst purchase I've made this year, do not recommend. Wish I'd read reviews first.",1,2023-12-18,Yes,4,worst purchase ve made year recommend wish read reviews first,Negative,-0.816,Negative,2023-12
REV003534,BEA1966,Beauty,Face Moisturizer,"absolutely love this product, exceeded my expectations. My whole family loves it.",5,2024-03-05,Yes,1,absolutely love product exceeded expectations whole family loves,Positive,0.8479,Positive,2024-03
REV002322,BEA1128,Beauty,Hair Dryer,"superb product, will definitely buy again. Fast shipping too!",4,2023-04-22,Yes,2,superb product definitely buy again fast shipping too,Positive,0.7959,Positive,2023-04
REV001518,BOO1362,Books,Self-Help Guide,"very satisfied, the quality exceeded what I paid for.",5,2023-12-11,No,0,satisfied quality exceeded what paid,Positive,0.4754,Positive,2023-12
REV001898,CLO1702,Clothing,Winter Jacket,"very satisfied, the quality exceeded what I paid for. Fast shipping too!",4,2024-03-17,Yes,1,satisfied quality exceeded what paid fast shipping too,Positive,0.5244,Positive,2024-03
REV003042,ELE1005,Electronics,Bluetooth Speaker,"great quality and works perfectly, highly recommend.",4,2024-11-14,Yes,5,great quality works perfectly highly recommend,Positive,0.902,Positive,2024-11
REV001154,BOO1886,Books,Cookbook,"regret buying this, quality is really bad. Very frustrating.",1,2023-02-25,Yes,1,regret buying quality bad frustrating,Negative,-0.8764,Negative,2023-02
REV000977,ELE1733,Electronics,Laptop Stand,"amazing value for the price, very happy with this purchase. Five stars from me.",4,2024-05-17,No,0,amazing value price happy purchase five stars me,Positive,0.8805,Positive,2024-05
REV000435,ELE1659,Electronics,Smartwatch,"great quality and works perfectly, highly recommend.",4,2023-10-27,Yes,5,great quality works perfectly highly recommend,Positive,0.902,Positive,2023-10
REV001382,BOO1122,Books,Cookbook,"superb product, will definitely buy again.",5,2024-05-29,Yes,3,superb product definitely buy again,Positive,0.7783,Positive,2024-05
REV000175,SPO1548,Sports & Outdoors,Hiking Backpack,"absolutely love this product, exceeded my expectations. Would buy again.",5,2024-05-16,Yes,0,absolutely love product exceeded expectations buy again,Positive,0.6697,Positive,2024-05
REV000002,CLO1296,Clothing,Winter Jacket,"absolutely love this product, exceeded my expectations. Would buy again.",5,2023-06-01,Yes,0,absolutely love product exceeded expectations buy again,Positive,0.6697,Positive,2023-06
REV002320,ELE1558,Electronics,Wireless Earbuds,"it's fine, though the packaging could be better. Still testing it out.",3,2024-01-10,No,0,fine though packaging better still testing out,Positive,0.5719,Neutral,2024-01
REV003472,ELE1551,Electronics,Laptop Stand,"decent for the price, but not amazing. Might update this review later.",3,2023-06-14,Yes,0,decent price amazing might update review later,Negative,-0.6259,Neutral,2023-06
REV001794,SPO1920,Sports & Outdoors,Resistance Bands,acceptable quality for casual use. We'll see how it holds up.,3,2024-05-13,Yes,1,acceptable quality casual use ll see how holds up,Positive,0.4767,Neutral,2024-05
REV001244,CLO1096,Clothing,Yoga Pants,"not bad, not great, just an average item. Might update this review later.",3,2024-01-01,Yes,1,bad great average item might update review later,Positive,0.6754,Neutral,2024-01
REV002668,CLO1482,Clothing,Yoga Pants,"very satisfied, the quality exceeded what I paid for. Would buy again.",5,2023-08-08,No,0,satisfied quality exceeded what paid buy again,Positive,0.4754,Positive,2023-08
REV003133,ELE1447,Electronics,Smartwatch,"this is fantastic, exactly what I needed. Five stars from me.",5,2023-12-11,Yes,1,fantastic exactly what needed five stars me,Positive,0.5574,Positive,2023-12
REV000996,SPO1471,Sports & Outdoors,Yoga Mat,"amazing value for the price, very happy with this purchase. Fast shipping too!",5,2024-04-24,Yes,0,amazing value price happy purchase fast shipping too,Positive,0.8881,Positive,2024-04
REV002664,ELE1949,Electronics,Power Bank,works flawlessly and looks even better in person. Fast shipping too!,5,2024-11-24,Yes,0,works flawlessly looks even better person fast shipping too,Positive,0.6114,Positive,2024-11
REV002004,SPO1942,Sports & Outdoors,Hiking Backpack,"outstanding performance, worth every penny.",5,2024-09-04,Yes,2,outstanding performance worth every penny,Positive,0.7096,Positive,2024-09
REV002444,BOO1963,Books,Sci-Fi Trilogy,"very disappointed, stopped working after a few days. Would not recommend to anyone.",1,2024-08-22,Yes,0,disappointed stopped working after few days recommend anyone,Negative,-0.7705,Negative,2024-08
REV000804,ELE1619,Electronics,Smartwatch,"great quality and works perfectly, highly recommend. Fast shipping too!",5,2024-09-04,Yes,5,great quality works perfectly highly recommend fast shipping too,Positive,0.9078,Positive,2024-09
REV003883,CLO1841,Clothing,Running Shoes,"not as advertised, very frustrating purchase. Wish I'd read reviews first.",2,2024-10-17,Yes,0,advertised frustrating purchase wish read reviews first,Negative,-0.0591,Negative,2024-10
REV003326,BEA1892,Beauty,Lip Balm Set,"this is fantastic, exactly what I needed. Would buy again.",5,2023-05-12,Yes,4,fantastic exactly what needed buy again,Positive,0.5574,Positive,2023-05
REV001444,BEA1458,Beauty,Face Moisturizer,"absolutely love this product, exceeded my expectations. Five stars from me.",5,2023-05-17,Yes,0,absolutely love product exceeded expectations five stars me,Positive,0.6697,Positive,2023-05
REV003269,BEA1897,Beauty,Face Moisturizer,"average product, met basic expectations. Might update this review later.",3,2023-05-04,Yes,0,average product met basic expectations might update review later,Neutral,0.0,Neutral,2023-05
REV003735,BOO1857,Books,Mystery Novel,"decent for the price, but not amazing.",3,2024-01-06,Yes,1,decent price amazing,Negative,-0.6259,Neutral,2024-01
REV001930,BOO1025,Books,Cookbook,"outstanding performance, worth every penny. My whole family loves it.",5,2023-04-17,Yes,5,outstanding performance worth every penny whole family loves,Positive,0.8625,Positive,2023-04
REV003902,BEA1913,Beauty,Hair Dryer,"great quality and works perfectly, highly recommend.",4,2024-08-24,Yes,6,great quality works perfectly highly recommend,Positive,0.902,Positive,2024-08
REV000416,BEA1606,Beauty,Face Moisturizer,"amazing value for the price, very happy with this purchase.",5,2023-10-14,Yes,1,amazing value price happy purchase,Positive,0.8805,Positive,2023-10
REV003666,HOM1635,Home & Kitchen,Non-Stick Pan Set,"great quality and works perfectly, highly recommend.",5,2024-05-17,No,10,great quality works perfectly highly recommend,Positive,0.902,Positive,2024-05
REV002256,SPO1547,Sports & Outdoors,Camping Tent,"broke within a week, waste of money.",1,2024-03-28,Yes,2,broke within week waste money,Negative,-0.6808,Negative,2024-03
REV000584,HOM1029,Home & Kitchen,Coffee Maker,"works fine so far, will update if anything changes. We'll see how it holds up.",3,2024-11-18,Yes,0,works fine far update anything changes ll see how holds up,Positive,0.2023,Neutral,2024-11
REV000533,ELE1012,Electronics,Wireless Earbuds,"this is fantastic, exactly what I needed. Five stars from me.",5,2023-06-16,Yes,1,fantastic exactly what needed five stars me,Positive,0.5574,Positive,2023-06
REV001896,BEA1457,Beauty,Sunscreen SPF50,"broke within a week, waste of money. Would not recommend to anyone.",1,2024-11-01,Yes,1,broke within week waste money recommend anyone,Negative,-0.7724,Negative,2024-11
REV003644,SPO1615,Sports & Outdoors,Hiking Backpack,"great quality and works perfectly, highly recommend. Five stars from me.",4,2024-09-07,Yes,1,great quality works perfectly highly recommend five stars me,Positive,0.902,Positive,2024-09
REV001426,SPO1727,Sports & Outdoors,Camping Tent,"absolutely love this product, exceeded my expectations. Fast shipping too!",4,2024-09-09,Yes,1,absolutely love product exceeded expectations fast shipping too,Positive,0.6989,Positive,2024-09
REV001236,SPO1480,Sports & Outdoors,Resistance Bands,"amazing value for the price, very happy with this purchase. My whole family loves it.",4,2024-02-13,Yes,2,amazing value price happy purchase whole family loves,Positive,0.9312,Positive,2024-02
REV000704,ELE1795,Electronics,Power Bank,perfect fit and great customer service too. Five stars from me.,5,2023-09-21,No,5,perfect fit great customer service too five stars me,Positive,0.8834,Positive,2023-09
REV001755,ELE1336,Electronics,Bluetooth Speaker,"very satisfied, the quality exceeded what I paid for. Would buy again.",5,2023-11-21,Yes,0,satisfied quality exceeded what paid buy again,Positive,0.4754,Positive,2023-11
REV001699,HOM1538,Home & Kitchen,Coffee Maker,"average product, met basic expectations.",3,2023-09-10,No,0,average product met basic expectations,Neutral,0.0,Neutral,2023-09
REV002387,BEA1149,Beauty,Face Moisturizer,"absolutely love this product, exceeded my expectations. My whole family loves it.",5,2023-12-24,Yes,2,absolutely love product exceeded expectations whole family loves,Positive,0.8479,Positive,2023-12
REV000532,CLO1159,Clothing,Winter Jacket,"reasonable quality, similar to other products in this range.   <br>  ",3,2023-07-29,Yes,1,reasonable quality similar other products range,Neutral,0.0,Neutral,2023-07
REV003324,CLO1182,Clothing,Denim Jeans,"it's fine, though the packaging could be better. Might update this review later.",3,2024-01-18,Yes,1,fine though packaging better might update review later,Positive,0.5719,Neutral,2024-01
REV003717,BOO1754,Books,Self-Help Guide,"great quality and works perfectly, highly recommend. My whole family loves it.",5,2024-07-03,Yes,1,great quality works perfectly highly recommend whole family loves,Positive,0.9412,Positive,2024-07
REV001425,HOM1140,Home & Kitchen,Blender,"excellent build quality, arrived quickly and works great. My whole family loves it.",5,2023-10-17,Yes,0,excellent build quality arrived quickly works great whole family loves,Positive,0.91,Positive,2023-10
REV000931,ELE1258,Electronics,Bluetooth Speaker,"excellent build quality, arrived quickly and works great. My whole family loves it.",5,2023-04-10,Yes,0,excellent build quality arrived quickly works great whole family loves,Positive,0.91,Positive,2023-04
REV002716,CLO1019,Clothing,Winter Jacket,"absolutely love this product, exceeded my expectations. Fast shipping too!",5,2024-03-19,No,3,absolutely love product exceeded expectations fast shipping too,Positive,0.6989,Positive,2024-03
REV000103,HOM1030,Home & Kitchen,Non-Stick Pan Set,"absolutely love this product, exceeded my expectations. Would buy again.",4,2023-06-07,Yes,0,absolutely love product exceeded expectations buy again,Positive,0.6697,Positive,2023-06
REV000070,CLO1886,Clothing,Winter Jacket,perfect fit and great customer service too. Five stars from me.,5,2023-10-21,Yes,5,perfect fit great customer service too five stars me,Positive,0.8834,Positive,2023-10
REV000389,ELE1170,Electronics,Bluetooth Speaker,works flawlessly and looks even better in person. My whole family loves it.,5,2023-04-13,No,5,works flawlessly looks even better person whole family loves,Positive,0.8126,Positive,2023-04
REV003355,ELE1960,Electronics,Bluetooth Speaker,"works fine so far, will update if anything changes. We'll see how it holds up.",3,2024-08-22,Yes,0,works fine far update anything changes ll see how holds up,Positive,0.2023,Neutral,2024-08
REV000699,BOO1549,Books,Sci-Fi Trilogy,"broke within a week, waste of money. Asked for a refund.",1,2023-03-15,No,1,broke within week waste money asked refund,Negative,-0.6808,Negative,2023-03
REV003582,SPO1102,Sports & Outdoors,Yoga Mat,"great quality and works perfectly, highly recommend. Five stars from me.",5,2024-07-31,Yes,2,great quality works perfectly highly recommend five stars me,Positive,0.902,Positive,2024-07
REV000748,BOO1670,Books,Business Book,"this is fantastic, exactly what I needed. My whole family loves it.",4,2023-06-24,No,3,fantastic exactly what needed whole family loves,Positive,0.8074,Positive,2023-06
REV003969,ELE1919,Electronics,Power Bank,"very satisfied, the quality exceeded what I paid for. Would buy again.",5,2023-07-28,Yes,0,satisfied quality exceeded what paid buy again,Positive,0.4754,Positive,2023-07
REV003747,SPO1586,Sports & Outdoors,Hiking Backpack,"amazing value for the price, very happy with this purchase. Would buy again.",5,2023-06-11,Yes,1,amazing value price happy purchase buy again,Positive,0.8805,Positive,2023-06
REV003870,CLO1556,Clothing,Denim Jeans,"it's okay, does the job but nothing special. Still testing it out.   <br>  ",3,2024-03-15,Yes,1,okay job nothing special still testing out,Negative,-0.3479,Neutral,2024-03
REV001784,SPO1533,Sports & Outdoors,Camping Tent,"outstanding performance, worth every penny. My whole family loves it.",5,2023-09-07,Yes,0,outstanding performance worth every penny whole family loves,Positive,0.8625,Positive,2023-09
REV001535,BEA1275,Beauty,Lip Balm Set,"worst purchase I've made this year, do not recommend. Would not recommend to anyone.",1,2023-03-13,Yes,2,worst purchase ve made year recommend recommend anyone,Negative,-0.8085,Negative,2023-03
REV001615,HOM1519,Home & Kitchen,Air Fryer,"gets the job done, nothing more nothing less. Still testing it out.",3,2024-06-09,Yes,0,gets job done nothing more nothing less still testing out,Neutral,0.0,Neutral,2024-06
REV000228,BEA1639,Beauty,Sunscreen SPF50,"absolutely love this product, exceeded my expectations. Fast shipping too!",5,2024-03-15,Yes,2,absolutely love product exceeded expectations fast shipping too,Positive,0.6989,Positive,2024-03
REV003942,CLO1825,Clothing,Yoga Pants,"great quality and works perfectly, highly recommend.",4,2023-11-03,Yes,0,great quality works perfectly highly recommend,Positive,0.902,Positive,2023-11
REV001194,ELE1813,Electronics,Smartwatch,"outstanding performance, worth every penny. My whole family loves it.",5,2023-04-02,Yes,4,outstanding performance worth every penny whole family loves,Positive,0.8625,Positive,2023-04
REV003828,ELE1577,Electronics,Power Bank,"amazing value for the price, very happy with this purchase. My whole family loves it.",4,2023-01-30,Yes,2,amazing value price happy purchase whole family loves,Positive,0.9312,Positive,2023-01
REV001096,SPO1909,Sports & Outdoors,Yoga Mat,"gets the job done, nothing more nothing less. Might update this review later.",3,2023-04-07,Yes,1,gets job done nothing more nothing less might update review later,Neutral,0.0,Neutral,2023-04
REV002895,BEA1205,Beauty,Hair Dryer,"not as advertised, very frustrating purchase.   <br>  ",2,2024-03-02,Yes,0,advertised frustrating purchase,Negative,-0.4927,Negative,2024-03
REV001872,SPO1824,Sports & Outdoors,Hiking Backpack,perfect fit and great customer service too. Fast shipping too!,5,2024-02-27,Yes,8,perfect fit great customer service too fast shipping too,Positive,0.8908,Positive,2024-02
REV000726,ELE1848,Electronics,Power Bank,"great quality and works perfectly, highly recommend. My whole family loves it.",5,2024-07-09,No,0,great quality works perfectly highly recommend whole family loves,Positive,0.9412,Positive,2024-07
REV003444,SPO1842,Sports & Outdoors,Hiking Backpack,works flawlessly and looks even better in person. Would buy again.,5,2024-05-20,No,0,works flawlessly looks even better person buy again,Positive,0.5719,Positive,2024-05
REV000963,BEA1821,Beauty,Face Moisturizer,"great quality and works perfectly, highly recommend. Would buy again.",5,2023-02-10,Yes,4,great quality works perfectly highly recommend buy again,Positive,0.902,Positive,2023-02
REV000892,HOM1427,Home & Kitchen,Coffee Maker,"superb product, will definitely buy again. Fast shipping too!",5,2024-06-07,No,10,superb product definitely buy again fast shipping too,Positive,0.7959,Positive,2024-06
REV000190,CLO1179,Clothing,Denim Jeans,"excellent build quality, arrived quickly and works great. My whole family loves it.",4,2024-08-12,Yes,4,excellent build quality arrived quickly works great whole family loves,Positive,0.91,Positive,2024-08
REV000947,BEA1780,Beauty,Hair Dryer,"great quality and works perfectly, highly recommend. Fast shipping too!",5,2023-01-30,Yes,1,great quality works perfectly highly recommend fast shipping too,Positive,0.9078,Positive,2023-01
REV001055,ELE1989,Electronics,Wireless Earbuds,arrived defective and customer support was unhelpful. Would not recommend to anyone.,2,2024-06-26,Yes,1,arrived defective customer support unhelpful recommend anyone,Negative,-0.3204,Negative,2024-06
REV003753,CLO1923,Clothing,Winter Jacket,arrived defective and customer support was unhelpful. Asked for a refund.,1,2024-08-14,No,3,arrived defective customer support unhelpful asked refund,Negative,-0.0516,Negative,2024-08
REV001691,HOM1956,Home & Kitchen,Vacuum Cleaner,"regret buying this, quality is really bad.",1,2024-03-16,Yes,0,regret buying quality bad,Negative,-0.7645,Negative,2024-03
REV000173,CLO1552,Clothing,Cotton T-Shirt,"absolutely love this product, exceeded my expectations. Fast shipping too!",5,2024-07-25,No,4,absolutely love product exceeded expectations fast shipping too,Positive,0.6989,Positive,2024-07
REV002101,BEA1429,Beauty,Hair Dryer,"absolutely love this product, exceeded my expectations. Would buy again.",4,2024-06-04,Yes,2,absolutely love product exceeded expectations buy again,Positive,0.6697,Positive,2024-06
REV002353,CLO1128,Clothing,Cotton T-Shirt,"superb product, will definitely buy again. My whole family loves it.",5,2024-01-22,Yes,1,superb product definitely buy again whole family loves,Positive,0.8885,Positive,2024-01
REV002718,HOM1186,Home & Kitchen,Air Fryer,"amazing value for the price, very happy with this purchase. Fast shipping too!",5,2024-02-02,Yes,5,amazing value price happy purchase fast shipping too,Positive,0.8881,Positive,2024-02
REV000208,CLO1475,Clothing,Yoga Pants,works flawlessly and looks even better in person. My whole family loves it.,5,2023-02-15,Yes,0,works flawlessly looks even better person whole family loves,Positive,0.8126,Positive,2023-02
REV003961,ELE1176,Electronics,Bluetooth Speaker,"not bad, not great, just an average item. We'll see how it holds up.",3,2023-06-26,Yes,0,bad great average item ll see how holds up,Positive,0.6754,Neutral,2023-06
REV001671,ELE1555,Electronics,Power Bank,"excellent build quality, arrived quickly and works great. Five stars from me.",5,2024-03-28,No,2,excellent build quality arrived quickly works great five stars me,Positive,0.8316,Positive,2024-03
REV003968,BEA1981,Beauty,Lip Balm Set,"it's okay, does the job but nothing special. Might update this review later.",3,2024-08-10,No,0,okay job nothing special might update review later,Negative,-0.3479,Neutral,2024-08
REV002991,CLO1792,Clothing,Yoga Pants,"it's fine, though the packaging could be better.",3,2024-05-30,Yes,1,fine though packaging better,Positive,0.5719,Neutral,2024-05
REV002813,SPO1104,Sports & Outdoors,Yoga Mat,"terrible experience, item arrived damaged. Very frustrating.",2,2023-09-04,Yes,0,terrible experience item arrived damaged frustrating,Negative,-0.8479,Negative,2023-09
REV000361,SPO1721,Sports & Outdoors,Resistance Bands,"reasonable quality, similar to other products in this range. Might update this review later.",3,2024-11-16,Yes,0,reasonable quality similar other products range might update review later,Neutral,0.0,Neutral,2024-11
REV000178,CLO1347,Clothing,Winter Jacket,"absolutely love this product, exceeded my expectations.",5,2023-02-21,Yes,4,absolutely love product exceeded expectations,Positive,0.6697,Positive,2023-02
REV002886,HOM1019,Home & Kitchen,Air Fryer,"superb product, will definitely buy again. My whole family loves it.",4,2024-12-26,Yes,1,superb product definitely buy again whole family loves,Positive,0.8885,Positive,2024-12
REV000873,HOM1509,Home & Kitchen,Blender,acceptable quality for casual use. Might update this review later.,3,2024-01-26,Yes,0,acceptable quality casual use might update review later,Positive,0.4767,Neutral,2024-01
REV002868,HOM1468,Home & Kitchen,Blender,"outstanding performance, worth every penny.",4,2024-11-14,Yes,0,outstanding performance worth every penny,Positive,0.7096,Positive,2024-11
REV000929,BOO1110,Books,Cookbook,acceptable quality for casual use.,3,2023-06-10,No,0,acceptable quality casual use,Positive,0.4767,Neutral,2023-06
REV003452,BOO1364,Books,Business Book,"absolutely love this product, exceeded my expectations. Would buy again.",5,2024-03-24,Yes,1,absolutely love product exceeded expectations buy again,Positive,0.6697,Positive,2024-03
REV002834,BEA1449,Beauty,Lip Balm Set,"gets the job done, nothing more nothing less.",3,2024-07-06,Yes,0,gets job done nothing more nothing less,Neutral,0.0,Neutral,2024-07
REV002832,BOO1622,Books,Business Book,"excellent build quality, arrived quickly and works great. Fast shipping too!",5,2023-11-15,Yes,3,excellent build quality arrived quickly works great fast shipping too,Positive,0.8439,Positive,2023-11
REV000778,SPO1097,Sports & Outdoors,Hiking Backpack,works flawlessly and looks even better in person. Fast shipping too!,5,2024-08-22,Yes,1,works flawlessly looks even better person fast shipping too,Positive,0.6114,Positive,2024-08
REV001408,ELE1957,Electronics,Laptop Stand,"regret buying this, quality is really bad. Very frustrating.",2,2024-05-11,Yes,2,regret buying quality bad frustrating,Negative,-0.8764,Negative,2024-05
REV002581,BEA1051,Beauty,Face Moisturizer,"amazing value for the price, very happy with this purchase. Would buy again.",5,2024-02-27,Yes,1,amazing value price happy purchase buy again,Positive,0.8805,Positive,2024-02
REV002150,SPO1591,Sports & Outdoors,Resistance Bands,works flawlessly and looks even better in person. Five stars from me.,4,2023-04-19,Yes,6,works flawlessly looks even better person five stars me,Positive,0.5719,Positive,2023-04
REV002962,SPO1844,Sports & Outdoors,Water Bottle,"absolutely love this product, exceeded my expectations. Five stars from me.",5,2023-02-15,Yes,18,absolutely love product exceeded expectations five stars me,Positive,0.6697,Positive,2023-02
REV003295,BEA1858,Beauty,Sunscreen SPF50,"superb product, will definitely buy again. Would buy again.",5,2023-05-06,Yes,6,superb product definitely buy again buy again,Positive,0.7783,Positive,2023-05
REV001149,BEA1900,Beauty,Lip Balm Set,"decent for the price, but not amazing.",3,2023-10-11,Yes,1,decent price amazing,Negative,-0.6259,Neutral,2023-10
REV003303,HOM1633,Home & Kitchen,Coffee Maker,arrived defective and customer support was unhelpful.,1,2024-09-07,Yes,7,arrived defective customer support unhelpful,Negative,-0.0516,Negative,2024-09
REV000787,HOM1641,Home & Kitchen,Coffee Maker,perfect fit and great customer service too. Fast shipping too!,4,2023-01-12,No,3,perfect fit great customer service too fast shipping too,Positive,0.8908,Positive,2023-01
REV000565,ELE1193,Electronics,Bluetooth Speaker,"excellent build quality, arrived quickly and works great. Would buy again.",4,2023-07-20,No,1,excellent build quality arrived quickly works great buy again,Positive,0.8316,Positive,2023-07
REV003279,CLO1044,Clothing,Running Shoes,"regret buying this, quality is really bad. Wish I'd read reviews first.",1,2024-11-15,No,6,regret buying quality bad wish read reviews first,Negative,-0.5595,Negative,2024-11
REV000222,ELE1113,Electronics,Wireless Earbuds,"not as advertised, very frustrating purchase. Wish I'd read reviews first.",1,2023-01-20,Yes,3,advertised frustrating purchase wish read reviews first,Negative,-0.0591,Negative,2023-01
REV003084,BOO1189,Books,Sci-Fi Trilogy,"decent for the price, but not amazing. Might update this review later.",3,2024-09-10,No,0,decent price amazing might update review later,Negative,-0.6259,Neutral,2024-09
REV001625,HOM1144,Home & Kitchen,Air Fryer,perfect fit and great customer service too. Five stars from me.,5,2024-05-06,Yes,2,perfect fit great customer service too five stars me,Positive,0.8834,Positive,2024-05
REV003041,BEA1370,Beauty,Face Moisturizer,arrived defective and customer support was unhelpful.,2,2024-03-21,Yes,0,arrived defective customer support unhelpful,Negative,-0.0516,Negative,2024-03
REV003925,CLO1648,Clothing,Denim Jeans,"this is fantastic, exactly what I needed. Fast shipping too!",5,2023-11-03,No,0,fantastic exactly what needed fast shipping too,Positive,0.5983,Positive,2023-11
REV003209,BOO1603,Books,Cookbook,"this is fantastic, exactly what I needed. Fast shipping too!",5,2024-11-26,Yes,1,fantastic exactly what needed fast shipping too,Positive,0.5983,Positive,2024-11
REV002568,SPO1243,Sports & Outdoors,Yoga Mat,"great quality and works perfectly, highly recommend. Would buy again.",4,2024-01-25,Yes,0,great quality works perfectly highly recommend buy again,Positive,0.902,Positive,2024-01
REV002767,CLO1206,Clothing,Running Shoes,"does what it says, no major complaints. Might update this review later.",3,2024-09-06,No,0,what says major complaints might update review later,Positive,0.0903,Neutral,2024-09
REV002859,CLO1229,Clothing,Cotton T-Shirt,"decent for the price, but not amazing. Might update this review later.",3,2023-04-17,No,0,decent price amazing might update review later,Negative,-0.6259,Neutral,2023-04
REV000805,CLO1612,Clothing,Yoga Pants,"it's okay, does the job but nothing special.",3,2024-06-25,No,0,okay job nothing special,Negative,-0.3479,Neutral,2024-06
REV000838,SPO1247,Sports & Outdoors,Yoga Mat,"this is fantastic, exactly what I needed. My whole family loves it.",5,2023-01-19,Yes,1,fantastic exactly what needed whole family loves,Positive,0.8074,Positive,2023-01
REV000433,BEA1636,Beauty,Face Moisturizer,"broke within a week, waste of money. Would not recommend to anyone.",1,2024-02-07,No,1,broke within week waste money recommend anyone,Negative,-0.7724,Negative,2024-02
REV002223,ELE1279,Electronics,Power Bank,"works fine so far, will update if anything changes. Might update this review later.",3,2024-12-28,Yes,2,works fine far update anything changes might update review later,Positive,0.2023,Neutral,2024-12
REV003915,HOM1331,Home & Kitchen,Air Fryer,"terrible experience, item arrived damaged. Asked for a refund.",1,2023-04-14,No,5,terrible experience item arrived damaged asked refund,Negative,-0.7184,Negative,2023-04
REV001908,BOO1175,Books,Cookbook,"great quality and works perfectly, highly recommend. Would buy again.",5,2024-08-12,Yes,4,great quality works perfectly highly recommend buy again,Positive,0.902,Positive,2024-08
REV003308,ELE1829,Electronics,Smartwatch,"excellent build quality, arrived quickly and works great.",5,2024-04-13,Yes,1,excellent build quality arrived quickly works great,Positive,0.8316,Positive,2024-04
REV003164,BEA1917,Beauty,Hair Dryer,"reasonable quality, similar to other products in this range. Still testing it out.",3,2024-12-09,Yes,0,reasonable quality similar other products range still testing out,Neutral,0.0,Neutral,2024-12
REV003030,HOM1562,Home & Kitchen,Blender,"great quality and works perfectly, highly recommend. Five stars from me.",4,2024-07-26,Yes,0,great quality works perfectly highly recommend five stars me,Positive,0.902,Positive,2024-07
REV000417,ELE1694,Electronics,Wireless Earbuds,"great quality and works perfectly, highly recommend. Would buy again.",5,2024-08-30,Yes,3,great quality works perfectly highly recommend buy again,Positive,0.902,Positive,2024-08
REV003076,BEA1317,Beauty,Hair Dryer,"does what it says, no major complaints. We'll see how it holds up.",3,2023-08-10,Yes,1,what says major complaints ll see how holds up,Positive,0.0903,Neutral,2023-08
REV000125,HOM1603,Home & Kitchen,Non-Stick Pan Set,"terrible experience, item arrived damaged. Would not recommend to anyone.",2,2024-08-02,Yes,2,terrible experience item arrived damaged recommend anyone,Negative,-0.797,Negative,2024-08
REV000577,BOO1532,Books,Cookbook,"great quality and works perfectly, highly recommend. Five stars from me.",5,2024-08-29,No,2,great quality works perfectly highly recommend five stars me,Positive,0.902,Positive,2024-08
REV001548,SPO1724,Sports & Outdoors,Camping Tent,perfect fit and great customer service too. My whole family loves it.,5,2024-05-29,Yes,3,perfect fit great customer service too whole family loves,Positive,0.9325,Positive,2024-05
REV001985,CLO1976,Clothing,Yoga Pants,"absolutely love this product, exceeded my expectations. Five stars from me.",5,2023-12-02,Yes,2,absolutely love product exceeded expectations five stars me,Positive,0.6697,Positive,2023-12
REV000496,BEA1659,Beauty,Shampoo,perfect fit and great customer service too. Five stars from me.,5,2024-07-15,Yes,0,perfect fit great customer service too five stars me,Positive,0.8834,Positive,2024-07
REV000854,BOO1361,Books,Cookbook,"broke within a week, waste of money.",1,2024-12-22,Yes,2,broke within week waste money,Negative,-0.6808,Negative,2024-12
REV000271,SPO1036,Sports & Outdoors,Water Bottle,"absolutely love this product, exceeded my expectations. My whole family loves it.",5,2023-01-24,No,2,absolutely love product exceeded expectations whole family loves,Positive,0.8479,Positive,2023-01
REV000615,SPO1632,Sports & Outdoors,Yoga Mat,"superb product, will definitely buy again. My whole family loves it.",5,2023-11-17,Yes,6,superb product definitely buy again whole family loves,Positive,0.8885,Positive,2023-11
REV003063,BEA1695,Beauty,Sunscreen SPF50,"decent for the price, but not amazing.",3,2023-04-02,Yes,1,decent price amazing,Negative,-0.6259,Neutral,2023-04
REV003313,HOM1768,Home & Kitchen,Air Fryer,"reasonable quality, similar to other products in this range. Might update this review later.",3,2023-02-23,Yes,1,reasonable quality similar other products range might update review later,Neutral,0.0,Neutral,2023-02
REV000084,CLO1479,Clothing,Denim Jeans,acceptable quality for casual use. We'll see how it holds up.,3,2023-06-01,Yes,2,acceptable quality casual use ll see how holds up,Positive,0.4767,Neutral,2023-06
REV003704,HOM1450,Home & Kitchen,Blender,"works fine so far, will update if anything changes.",3,2024-06-07,Yes,0,works fine far update anything changes,Positive,0.2023,Neutral,2024-06
REV000958,SPO1590,Sports & Outdoors,Camping Tent,"excellent build quality, arrived quickly and works great. My whole family loves it.",5,2024-07-06,Yes,2,excellent build quality arrived quickly works great whole family loves,Positive,0.91,Positive,2024-07
REV003179,BEA1046,Beauty,Face Moisturizer,"poor quality, not worth the money at all. Very frustrating.",2,2024-05-22,Yes,4,poor quality worth money all frustrating,Negative,-0.7881,Negative,2024-05
REV000681,HOM1025,Home & Kitchen,Blender,"worst purchase I've made this year, do not recommend. Very frustrating.",2,2024-07-10,Yes,1,worst purchase ve made year recommend frustrating,Negative,-0.5555,Negative,2024-07
REV002839,ELE1801,Electronics,Wireless Earbuds,arrived defective and customer support was unhelpful. Wish I'd read reviews first.,2,2024-07-11,Yes,3,arrived defective customer support unhelpful wish read reviews first,Positive,0.3612,Negative,2024-07
REV000814,SPO1440,Sports & Outdoors,Hiking Backpack,"great quality and works perfectly, highly recommend. Five stars from me.",4,2024-07-21,Yes,4,great quality works perfectly highly recommend five stars me,Positive,0.902,Positive,2024-07
REV002969,ELE1807,Electronics,Wireless Earbuds,perfect fit and great customer service too. Would buy again.,5,2024-11-05,Yes,0,perfect fit great customer service too buy again,Positive,0.8834,Positive,2024-11
REV001903,ELE1105,Electronics,Laptop Stand,"reasonable quality, similar to other products in this range. Still testing it out.",3,2024-07-26,Yes,0,reasonable quality similar other products range still testing out,Neutral,0.0,Neutral,2024-07
REV003645,BEA1969,Beauty,Shampoo,"worst purchase I've made this year, do not recommend. Would not recommend to anyone.",1,2023-01-25,Yes,4,worst purchase ve made year recommend recommend anyone,Negative,-0.8085,Negative,2023-01
REV001178,HOM1190,Home & Kitchen,Coffee Maker,"it's okay, does the job but nothing special. Might update this review later.",3,2024-03-04,Yes,1,okay job nothing special might update review later,Negative,-0.3479,Neutral,2024-03
REV001774,CLO1766,Clothing,Denim Jeans,"outstanding performance, worth every penny.",5,2024-05-03,Yes,1,outstanding performance worth every penny,Positive,0.7096,Positive,2024-05
REV002378,HOM1529,Home & Kitchen,Air Fryer,"amazing value for the price, very happy with this purchase. Would buy again.",5,2023-10-04,No,7,amazing value price happy purchase buy again,Positive,0.8805,Positive,2023-10
REV002201,BOO1937,Books,Business Book,"regret buying this, quality is really bad.",1,2023-11-28,No,0,regret buying quality bad,Negative,-0.7645,Negative,2023-11
REV002291,HOM1107,Home & Kitchen,Air Fryer,cheaply made and feels flimsy. Wish I'd read reviews first.,1,2023-01-26,Yes,6,cheaply made feels flimsy wish read reviews first,Positive,0.4019,Negative,2023-01
REV003545,BOO1677,Books,Mystery Novel,"excellent build quality, arrived quickly and works great.",5,2024-08-01,Yes,1,excellent build quality arrived quickly works great,Positive,0.8316,Positive,2024-08
REV001817,HOM1030,Home & Kitchen,Coffee Maker,"amazing value for the price, very happy with this purchase. My whole family loves it.",5,2023-04-02,Yes,3,amazing value price happy purchase whole family loves,Positive,0.9312,Positive,2023-04
REV001747,BEA1971,Beauty,Hair Dryer,"decent for the price, but not amazing. Still testing it out.",3,2024-02-26,No,0,decent price amazing still testing out,Negative,-0.6259,Neutral,2024-02
REV003501,BEA1209,Beauty,Hair Dryer,"it's fine, though the packaging could be better.",3,2023-01-27,Yes,0,fine though packaging better,Positive,0.5719,Neutral,2023-01
REV002475,HOM1729,Home & Kitchen,Blender,"absolutely love this product, exceeded my expectations.   <br>  ",5,2023-10-22,Yes,9,absolutely love product exceeded expectations,Positive,0.6697,Positive,2023-10
REV003976,HOM1309,Home & Kitchen,Air Fryer,arrived defective and customer support was unhelpful. Asked for a refund.,1,2023-07-15,Yes,1,arrived defective customer support unhelpful asked refund,Negative,-0.0516,Negative,2023-07
REV002190,ELE1957,Electronics,Power Bank,"poor quality, not worth the money at all.",1,2024-02-15,Yes,0,poor quality worth money all,Negative,-0.5812,Negative,2024-02
REV003652,SPO1909,Sports & Outdoors,Yoga Mat,"absolutely love this product, exceeded my expectations. Would buy again.",5,2024-11-26,Yes,2,absolutely love product exceeded expectations buy again,Positive,0.6697,Positive,2024-11
REV001003,BEA1876,Beauty,Lip Balm Set,"excellent build quality, arrived quickly and works great. My whole family loves it.",4,2024-11-18,Yes,0,excellent build quality arrived quickly works great whole family loves,Positive,0.91,Positive,2024-11
REV000840,HOM1205,Home & Kitchen,Air Fryer,"outstanding performance, worth every penny. My whole family loves it.",4,2024-07-27,No,1,outstanding performance worth every penny whole family loves,Positive,0.8625,Positive,2024-07
REV001511,BEA1858,Beauty,Lip Balm Set,"gets the job done, nothing more nothing less. We'll see how it holds up.",3,2024-10-03,Yes,0,gets job done nothing more nothing less ll see how holds up,Neutral,0.0,Neutral,2024-10
REV001536,SPO1265,Sports & Outdoors,Water Bottle,"does what it says, no major complaints. We'll see how it holds up.",3,2023-08-26,Yes,0,what says major complaints ll see how holds up,Positive,0.0903,Neutral,2023-08
REV003824,CLO1742,Clothing,Denim Jeans,"terrible experience, item arrived damaged. Would not recommend to anyone.",1,2024-05-15,Yes,1,terrible experience item arrived damaged recommend anyone,Negative,-0.797,Negative,2024-05
REV000736,SPO1170,Sports & Outdoors,Water Bottle,"broke within a week, waste of money. Asked for a refund.   <br>  ",1,2023-12-15,Yes,1,broke within week waste money asked refund,Negative,-0.6808,Negative,2023-12
REV000108,BOO1398,Books,Cookbook,"it's okay, does the job but nothing special. Still testing it out.",3,2024-05-29,Yes,0,okay job nothing special still testing out,Negative,-0.3479,Neutral,2024-05
REV002186,HOM1670,Home & Kitchen,Air Fryer,"decent for the price, but not amazing. Still testing it out.",3,2024-01-01,Yes,0,decent price amazing still testing out,Negative,-0.6259,Neutral,2024-01
REV000833,BEA1056,Beauty,Sunscreen SPF50,"this is fantastic, exactly what I needed. My whole family loves it.",5,2024-05-22,Yes,0,fantastic exactly what needed whole family loves,Positive,0.8074,Positive,2024-05
REV000689,CLO1569,Clothing,Yoga Pants,"outstanding performance, worth every penny. Would buy again.",5,2024-07-17,Yes,0,outstanding performance worth every penny buy again,Positive,0.7096,Positive,2024-07
REV003022,CLO1019,Clothing,Winter Jacket,"absolutely love this product, exceeded my expectations. My whole family loves it.",5,2023-09-22,Yes,2,absolutely love product exceeded expectations whole family loves,Positive,0.8479,Positive,2023-09
REV000040,BEA1622,Beauty,Hair Dryer,"decent for the price, but not amazing. Still testing it out.",3,2023-10-06,Yes,0,decent price amazing still testing out,Negative,-0.6259,Neutral,2023-10
REV001163,CLO1271,Clothing,Yoga Pants,"it's okay, does the job but nothing special. Might update this review later.",3,2023-11-09,No,3,okay job nothing special might update review later,Negative,-0.3479,Neutral,2023-11
REV002175,SPO1239,Sports & Outdoors,Resistance Bands,"decent for the price, but not amazing. Might update this review later.",3,2024-08-02,Yes,0,decent price amazing might update review later,Negative,-0.6259,Neutral,2024-08
REV003910,BEA1494,Beauty,Hair Dryer,"excellent build quality, arrived quickly and works great. Five stars from me.",4,2024-02-13,Yes,0,excellent build quality arrived quickly works great five stars me,Positive,0.8316,Positive,2024-02
REV002456,ELE1818,Electronics,Bluetooth Speaker,"great quality and works perfectly, highly recommend. Would buy again.",5,2023-02-13,Yes,0,great quality works perfectly highly recommend buy again,Positive,0.902,Positive,2023-02
REV002829,BEA1177,Beauty,Lip Balm Set,"not bad, not great, just an average item. Might update this review later.",3,2023-08-16,Yes,3,bad great average item might update review later,Positive,0.6754,Neutral,2023-08
REV000762,BOO1298,Books,Mystery Novel,"reasonable quality, similar to other products in this range.",3,2024-08-11,No,0,reasonable quality similar other products range,Neutral,0.0,Neutral,2024-08
REV000910,BEA1118,Beauty,Lip Balm Set,"gets the job done, nothing more nothing less. Might update this review later.",3,2023-02-28,No,0,gets job done nothing more nothing less might update review later,Neutral,0.0,Neutral,2023-02
REV000822,ELE1467,Electronics,Smartwatch,"terrible experience, item arrived damaged. Asked for a refund.",2,2023-12-17,Yes,4,terrible experience item arrived damaged asked refund,Negative,-0.7184,Negative,2023-12
REV003985,CLO1799,Clothing,Running Shoes,"this is fantastic, exactly what I needed.",5,2024-10-26,No,4,fantastic exactly what needed,Positive,0.5574,Positive,2024-10
REV001751,BEA1916,Beauty,Shampoo,"average product, met basic expectations.",3,2023-01-05,Yes,1,average product met basic expectations,Neutral,0.0,Neutral,2023-01
REV003273,BEA1651,Beauty,Face Moisturizer,"outstanding performance, worth every penny. Five stars from me.",5,2024-09-09,Yes,0,outstanding performance worth every penny five stars me,Positive,0.7096,Positive,2024-09
REV003544,CLO1267,Clothing,Yoga Pants,"decent for the price, but not amazing. Might update this review later.",3,2023-03-01,Yes,1,decent price amazing might update review later,Negative,-0.6259,Neutral,2023-03
REV002421,ELE1269,Electronics,Smartwatch,"does not match the description, quite misleading.",2,2024-10-11,Yes,2,match description quite misleading,Negative,-0.4576,Negative,2024-10
REV003008,CLO1166,Clothing,Running Shoes,"not as advertised, very frustrating purchase. Very frustrating.",1,2024-03-22,Yes,0,advertised frustrating purchase frustrating,Negative,-0.7496,Negative,2024-03
REV001072,BOO1409,Books,Cookbook,cheaply made and feels flimsy.,2,2024-09-01,Yes,1,cheaply made feels flimsy,Neutral,0.0,Negative,2024-09
REV003120,BEA1195,Beauty,Shampoo,arrived defective and customer support was unhelpful. Asked for a refund.,1,2024-06-22,Yes,0,arrived defective customer support unhelpful asked refund,Negative,-0.0516,Negative,2024-06
REV001634,SPO1505,Sports & Outdoors,Resistance Bands,"great quality and works perfectly, highly recommend.",5,2023-07-03,No,0,great quality works perfectly highly recommend,Positive,0.902,Positive,2023-07
REV002765,BOO1593,Books,Mystery Novel,"superb product, will definitely buy again. Five stars from me.",5,2023-03-17,Yes,4,superb product definitely buy again five stars me,Positive,0.7783,Positive,2023-03
REV000296,ELE1958,Electronics,Laptop Stand,"not as advertised, very frustrating purchase. Wish I'd read reviews first.",1,2024-02-28,No,0,advertised frustrating purchase wish read reviews first,Negative,-0.0591,Negative,2024-02
REV001684,BEA1191,Beauty,Face Moisturizer,"not bad, not great, just an average item. We'll see how it holds up.",3,2024-02-19,Yes,1,bad great average item ll see how holds up,Positive,0.6754,Neutral,2024-02
REV000046,BOO1035,Books,Mystery Novel,"works fine so far, will update if anything changes. Might update this review later.",3,2024-01-15,No,1,works fine far update anything changes might update review later,Positive,0.2023,Neutral,2024-01
REV000039,SPO1341,Sports & Outdoors,Yoga Mat,"this is fantastic, exactly what I needed. Fast shipping too!",5,2023-07-20,Yes,2,fantastic exactly what needed fast shipping too,Positive,0.5983,Positive,2023-07
REV003339,ELE1913,Electronics,Power Bank,"gets the job done, nothing more nothing less. Might update this review later.",3,2023-03-07,Yes,0,gets job done nothing more nothing less might update review later,Neutral,0.0,Neutral,2023-03
REV002860,CLO1641,Clothing,Winter Jacket,"very satisfied, the quality exceeded what I paid for. My whole family loves it.",5,2024-03-05,Yes,3,satisfied quality exceeded what paid whole family loves,Positive,0.7778,Positive,2024-03
REV000855,BOO1970,Books,Mystery Novel,"superb product, will definitely buy again. Fast shipping too!",5,2023-08-26,Yes,0,superb product definitely buy again fast shipping too,Positive,0.7959,Positive,2023-08
REV001633,HOM1948,Home & Kitchen,Air Fryer,"absolutely love this product, exceeded my expectations. My whole family loves it.",5,2023-12-30,Yes,0,absolutely love product exceeded expectations whole family loves,Positive,0.8479,Positive,2023-12
REV000033,BEA1884,Beauty,Sunscreen SPF50,works flawlessly and looks even better in person. Would buy again.,5,2024-04-13,Yes,2,works flawlessly looks even better person buy again,Positive,0.5719,Positive,2024-04
REV003583,SPO1312,Sports & Outdoors,Yoga Mat,"very disappointed, stopped working after a few days. Wish I'd read reviews first.",2,2024-07-17,No,2,disappointed stopped working after few days wish read reviews first,Negative,-0.4351,Negative,2024-07
REV000248,CLO1328,Clothing,Yoga Pants,"it's okay, does the job but nothing special.",3,2023-07-29,No,2,okay job nothing special,Negative,-0.3479,Neutral,2023-07
REV002233,CLO1250,Clothing,Denim Jeans,"it's okay, does the job but nothing special. Might update this review later.",3,2023-03-05,Yes,0,okay job nothing special might update review later,Negative,-0.3479,Neutral,2023-03
REV001253,ELE1081,Electronics,Wireless Earbuds,"absolutely love this product, exceeded my expectations. Fast shipping too!",5,2024-12-13,Yes,0,absolutely love product exceeded expectations fast shipping too,Positive,0.6989,Positive,2024-12
REV000196,HOM1381,Home & Kitchen,Coffee Maker,"it's okay, does the job but nothing special.",3,2023-04-11,Yes,0,okay job nothing special,Negative,-0.3479,Neutral,2023-04
REV000204,BEA1008,Beauty,Sunscreen SPF50,"great quality and works perfectly, highly recommend.",4,2024-06-10,Yes,2,great quality works perfectly highly recommend,Positive,0.902,Positive,2024-06
REV000293,SPO1087,Sports & Outdoors,Hiking Backpack,perfect fit and great customer service too.,4,2023-04-19,Yes,2,perfect fit great customer service too,Positive,0.8834,Positive,2023-04
REV001346,CLO1015,Clothing,Winter Jacket,"excellent build quality, arrived quickly and works great. Fast shipping too!",4,2024-05-31,No,0,excellent build quality arrived quickly works great fast shipping too,Positive,0.8439,Positive,2024-05
REV000913,CLO1351,Clothing,Winter Jacket,"decent for the price, but not amazing.",3,2023-05-15,Yes,0,decent price amazing,Negative,-0.6259,Neutral,2023-05
REV000114,BEA1150,Beauty,Face Moisturizer,"outstanding performance, worth every penny. Fast shipping too!",4,2024-08-05,Yes,5,outstanding performance worth every penny fast shipping too,Positive,0.7345,Positive,2024-08
REV002493,HOM1288,Home & Kitchen,Coffee Maker,"outstanding performance, worth every penny.",4,2024-11-02,Yes,4,outstanding performance worth every penny,Positive,0.7096,Positive,2024-11
REV002788,HOM1258,Home & Kitchen,Non-Stick Pan Set,"broke within a week, waste of money. Asked for a refund.",1,2024-01-28,Yes,1,broke within week waste money asked refund,Negative,-0.6808,Negative,2024-01
REV001652,CLO1322,Clothing,Running Shoes,"superb product, will definitely buy again. My whole family loves it.",4,2023-11-27,Yes,0,superb product definitely buy again whole family loves,Positive,0.8885,Positive,2023-11
REV003489,SPO1214,Sports & Outdoors,Camping Tent,"reasonable quality, similar to other products in this range. We'll see how it holds up.",3,2023-03-03,Yes,0,reasonable quality similar other products range ll see how holds up,Neutral,0.0,Neutral,2023-03
REV003543,HOM1767,Home & Kitchen,Non-Stick Pan Set,"absolutely love this product, exceeded my expectations. My whole family loves it.",5,2024-02-25,No,4,absolutely love product exceeded expectations whole family loves,Positive,0.8479,Positive,2024-02
REV003034,BOO1494,Books,Business Book,"works fine so far, will update if anything changes. Might update this review later.",3,2023-11-14,No,1,works fine far update anything changes might update review later,Positive,0.2023,Neutral,2023-11
REV001677,CLO1842,Clothing,Running Shoes,"great quality and works perfectly, highly recommend. My whole family loves it.",5,2023-05-30,No,2,great quality works perfectly highly recommend whole family loves,Positive,0.9412,Positive,2023-05
REV000005,CLO1366,Clothing,Denim Jeans,"great quality and works perfectly, highly recommend. My whole family loves it.",5,2024-05-04,Yes,3,great quality works perfectly highly recommend whole family loves,Positive,0.9412,Positive,2024-05
REV000176,HOM1241,Home & Kitchen,Non-Stick Pan Set,"decent for the price, but not amazing. Might update this review later.",3,2024-05-31,Yes,0,decent price amazing might update review later,Negative,-0.6259,Neutral,2024-05
REV000413,ELE1474,Electronics,Wireless Earbuds,acceptable quality for casual use.   <br>  ,3,2024-10-08,Yes,0,acceptable quality casual use,Positive,0.4767,Neutral,2024-10
REV002056,BEA1827,Beauty,Face Moisturizer,"amazing value for the price, very happy with this purchase. Fast shipping too!   <br>  ",5,2024-01-03,Yes,1,amazing value price happy purchase fast shipping too,Positive,0.8881,Positive,2024-01
REV003853,HOM1130,Home & Kitchen,Vacuum Cleaner,"very satisfied, the quality exceeded what I paid for. My whole family loves it.",5,2024-05-18,Yes,0,satisfied quality exceeded what paid whole family loves,Positive,0.7778,Positive,2024-05
REV000024,BOO1983,Books,Sci-Fi Trilogy,"this is fantastic, exactly what I needed. Fast shipping too!",5,2023-07-20,No,3,fantastic exactly what needed fast shipping too,Positive,0.5983,Positive,2023-07
REV002559,ELE1650,Electronics,Bluetooth Speaker,"excellent build quality, arrived quickly and works great. Fast shipping too!   <br>  ",5,2024-03-27,Yes,2,excellent build quality arrived quickly works great fast shipping too,Positive,0.8439,Positive,2024-03
REV001440,BOO1058,Books,Cookbook,"excellent build quality, arrived quickly and works great. My whole family loves it.",5,2023-11-30,Yes,0,excellent build quality arrived quickly works great whole family loves,Positive,0.91,Positive,2023-11
REV003878,SPO1996,Sports & Outdoors,Water Bottle,"outstanding performance, worth every penny. Would buy again.",4,2024-04-13,Yes,1,outstanding performance worth every penny buy again,Positive,0.7096,Positive,2024-04
REV002344,SPO1782,Sports & Outdoors,Water Bottle,"very satisfied, the quality exceeded what I paid for. My whole family loves it.",5,2024-03-20,Yes,1,satisfied quality exceeded what paid whole family loves,Positive,0.7778,Positive,2024-03
REV003739,SPO1507,Sports & Outdoors,Yoga Mat,"gets the job done, nothing more nothing less.",3,2023-03-10,Yes,0,gets job done nothing more nothing less,Neutral,0.0,Neutral,2023-03
REV001953,HOM1047,Home & Kitchen,Blender,"works fine so far, will update if anything changes. We'll see how it holds up.",3,2024-07-05,Yes,0,works fine far update anything changes ll see how holds up,Positive,0.2023,Neutral,2024-07
REV000027,CLO1560,Clothing,Denim Jeans,"very satisfied, the quality exceeded what I paid for. Fast shipping too!",5,2024-06-13,Yes,13,satisfied quality exceeded what paid fast shipping too,Positive,0.5244,Positive,2024-06
REV000960,BOO1551,Books,Mystery Novel,"this is fantastic, exactly what I needed.",4,2024-09-30,Yes,1,fantastic exactly what needed,Positive,0.5574,Positive,2024-09
REV000603,BOO1190,Books,Self-Help Guide,"not bad, not great, just an average item. Might update this review later.",3,2023-03-07,Yes,0,bad great average item might update review later,Positive,0.6754,Neutral,2023-03
REV002742,ELE1004,Electronics,Laptop Stand,"not bad, not great, just an average item. We'll see how it holds up.",3,2024-01-11,Yes,0,bad great average item ll see how holds up,Positive,0.6754,Neutral,2024-01
REV001781,ELE1314,Electronics,Bluetooth Speaker,"outstanding performance, worth every penny. Five stars from me.",5,2023-01-10,No,1,outstanding performance worth every penny five stars me,Positive,0.7096,Positive,2023-01
REV000516,BEA1866,Beauty,Sunscreen SPF50,"superb product, will definitely buy again. Fast shipping too!",4,2023-10-28,No,4,superb product definitely buy again fast shipping too,Positive,0.7959,Positive,2023-10
REV003899,BOO1415,Books,Sci-Fi Trilogy,"gets the job done, nothing more nothing less. We'll see how it holds up.",3,2024-11-22,Yes,0,gets job done nothing more nothing less ll see how holds up,Neutral,0.0,Neutral,2024-11
REV001460,HOM1730,Home & Kitchen,Vacuum Cleaner,"excellent build quality, arrived quickly and works great.",5,2024-02-16,Yes,0,excellent build quality arrived quickly works great,Positive,0.8316,Positive,2024-02
REV003642,CLO1944,Clothing,Running Shoes,"outstanding performance, worth every penny. My whole family loves it.",5,2023-08-20,No,1,outstanding performance worth every penny whole family loves,Positive,0.8625,Positive,2023-08
REV003369,ELE1645,Electronics,Bluetooth Speaker,"works fine so far, will update if anything changes. Still testing it out.",3,2023-12-26,Yes,0,works fine far update anything changes still testing out,Positive,0.2023,Neutral,2023-12
REV002651,ELE1409,Electronics,Wireless Earbuds,"amazing value for the price, very happy with this purchase.",4,2023-02-13,Yes,4,amazing value price happy purchase,Positive,0.8805,Positive,2023-02
REV001128,BOO1281,Books,Sci-Fi Trilogy,"absolutely love this product, exceeded my expectations. Fast shipping too!",5,2023-07-01,No,3,absolutely love product exceeded expectations fast shipping too,Positive,0.6989,Positive,2023-07
REV002562,HOM1080,Home & Kitchen,Blender,"absolutely love this product, exceeded my expectations. Would buy again.",4,2024-05-19,Yes,0,absolutely love product exceeded expectations buy again,Positive,0.6697,Positive,2024-05
REV002635,HOM1646,Home & Kitchen,Coffee Maker,"superb product, will definitely buy again. My whole family loves it.",4,2024-05-07,Yes,1,superb product definitely buy again whole family loves,Positive,0.8885,Positive,2024-05
REV002986,SPO1890,Sports & Outdoors,Water Bottle,"this is fantastic, exactly what I needed.",5,2023-07-04,Yes,12,fantastic exactly what needed,Positive,0.5574,Positive,2023-07
REV002318,SPO1565,Sports & Outdoors,Resistance Bands,perfect fit and great customer service too. My whole family loves it.,5,2023-04-06,Yes,4,perfect fit great customer service too whole family loves,Positive,0.9325,Positive,2023-04
REV002486,HOM1740,Home & Kitchen,Non-Stick Pan Set,"works fine so far, will update if anything changes. Still testing it out.   <br>  ",3,2024-06-18,Yes,6,works fine far update anything changes still testing out,Positive,0.2023,Neutral,2024-06
REV001587,BEA1688,Beauty,Shampoo,"terrible experience, item arrived damaged. Very frustrating.",1,2023-01-27,Yes,2,terrible experience item arrived damaged frustrating,Negative,-0.8479,Negative,2023-01
REV001090,BOO1267,Books,Sci-Fi Trilogy,"very satisfied, the quality exceeded what I paid for. Fast shipping too!",5,2024-04-22,Yes,2,satisfied quality exceeded what paid fast shipping too,Positive,0.5244,Positive,2024-04
REV003097,ELE1819,Electronics,Smartwatch,cheaply made and feels flimsy. Wish I'd read reviews first.,1,2023-11-10,Yes,0,cheaply made feels flimsy wish read reviews first,Positive,0.4019,Negative,2023-11
REV003205,BEA1509,Beauty,Sunscreen SPF50,"not as advertised, very frustrating purchase.",1,2024-10-17,Yes,3,advertised frustrating purchase,Negative,-0.4927,Negative,2024-10
REV003173,BEA1756,Beauty,Shampoo,"it's fine, though the packaging could be better.",3,2023-04-10,Yes,0,fine though packaging better,Positive,0.5719,Neutral,2023-04
REV000698,SPO1378,Sports & Outdoors,Yoga Mat,"this is fantastic, exactly what I needed.",4,2024-07-20,Yes,1,fantastic exactly what needed,Positive,0.5574,Positive,2024-07
REV002723,SPO1018,Sports & Outdoors,Water Bottle,"great quality and works perfectly, highly recommend. Fast shipping too!",5,2024-10-09,Yes,17,great quality works perfectly highly recommend fast shipping too,Positive,0.9078,Positive,2024-10
REV003641,BOO1223,Books,Cookbook,"very satisfied, the quality exceeded what I paid for. My whole family loves it.",4,2024-04-17,Yes,2,satisfied quality exceeded what paid whole family loves,Positive,0.7778,Positive,2024-04
REV000455,CLO1916,Clothing,Cotton T-Shirt,"excellent build quality, arrived quickly and works great. Five stars from me.",5,2024-08-14,Yes,1,excellent build quality arrived quickly works great five stars me,Positive,0.8316,Positive,2024-08
REV000276,CLO1946,Clothing,Winter Jacket,"not bad, not great, just an average item.",3,2024-04-28,Yes,0,bad great average item,Positive,0.6754,Neutral,2024-04
REV001911,ELE1073,Electronics,Power Bank,"not as advertised, very frustrating purchase. Asked for a refund.",2,2023-10-12,Yes,11,advertised frustrating purchase asked refund,Negative,-0.4927,Negative,2023-10
REV000082,HOM1776,Home & Kitchen,Coffee Maker,"gets the job done, nothing more nothing less. We'll see how it holds up.",3,2023-11-11,Yes,0,gets job done nothing more nothing less ll see how holds up,Neutral,0.0,Neutral,2023-11
REV002563,SPO1325,Sports & Outdoors,Camping Tent,"amazing value for the price, very happy with this purchase. Would buy again.",5,2023-02-16,Yes,0,amazing value price happy purchase buy again,Positive,0.8805,Positive,2023-02
REV002934,BOO1925,Books,Business Book,"it's okay, does the job but nothing special. Still testing it out.",3,2023-03-05,Yes,0,okay job nothing special still testing out,Negative,-0.3479,Neutral,2023-03
REV000502,BEA1436,Beauty,Shampoo,"not bad, not great, just an average item. Might update this review later.",3,2024-10-17,Yes,0,bad great average item might update review later,Positive,0.6754,Neutral,2024-10
REV002079,CLO1867,Clothing,Cotton T-Shirt,"absolutely love this product, exceeded my expectations. Would buy again.   <br>  ",5,2023-05-05,No,4,absolutely love product exceeded expectations buy again,Positive,0.6697,Positive,2023-05
REV003181,ELE1638,Electronics,Bluetooth Speaker,"average product, met basic expectations. We'll see how it holds up.",3,2024-05-01,Yes,1,average product met basic expectations ll see how holds up,Neutral,0.0,Neutral,2024-05
REV003029,CLO1332,Clothing,Winter Jacket,"gets the job done, nothing more nothing less. We'll see how it holds up.",3,2024-12-13,Yes,0,gets job done nothing more nothing less ll see how holds up,Neutral,0.0,Neutral,2024-12
REV002131,CLO1805,Clothing,Running Shoes,"amazing value for the price, very happy with this purchase.",5,2023-09-10,Yes,3,amazing value price happy purchase,Positive,0.8805,Positive,2023-09
REV002833,BEA1243,Beauty,Face Moisturizer,"superb product, will definitely buy again. Fast shipping too!",5,2023-12-14,No,1,superb product definitely buy again fast shipping too,Positive,0.7959,Positive,2023-12
REV001191,SPO1850,Sports & Outdoors,Resistance Bands,"very satisfied, the quality exceeded what I paid for.",5,2023-03-24,Yes,9,satisfied quality exceeded what paid,Positive,0.4754,Positive,2023-03
REV002048,BOO1331,Books,Business Book,"gets the job done, nothing more nothing less. We'll see how it holds up.",3,2023-08-21,No,1,gets job done nothing more nothing less ll see how holds up,Neutral,0.0,Neutral,2023-08
REV000321,HOM1751,Home & Kitchen,Non-Stick Pan Set,"very satisfied, the quality exceeded what I paid for. My whole family loves it.",5,2023-03-27,Yes,3,satisfied quality exceeded what paid whole family loves,Positive,0.7778,Positive,2023-03
REV002310,BOO1394,Books,Mystery Novel,"excellent build quality, arrived quickly and works great. Fast shipping too!",4,2024-11-23,Yes,1,excellent build quality arrived quickly works great fast shipping too,Positive,0.8439,Positive,2024-11
REV000259,BOO1482,Books,Sci-Fi Trilogy,"not as advertised, very frustrating purchase. Very frustrating.",2,2023-12-05,Yes,5,advertised frustrating purchase frustrating,Negative,-0.7496,Negative,2023-12
REV001295,BOO1864,Books,Mystery Novel,"decent for the price, but not amazing. Still testing it out.",3,2023-09-23,Yes,1,decent price amazing still testing out,Negative,-0.6259,Neutral,2023-09
REV003628,BEA1560,Beauty,Shampoo,"terrible experience, item arrived damaged. Asked for a refund.",2,2024-09-12,Yes,1,terrible experience item arrived damaged asked refund,Negative,-0.7184,Negative,2024-09
REV002553,BEA1089,Beauty,Face Moisturizer,"does what it says, no major complaints. Still testing it out.",3,2024-12-09,Yes,0,what says major complaints still testing out,Positive,0.0903,Neutral,2024-12
REV001162,HOM1022,Home & Kitchen,Blender,"gets the job done, nothing more nothing less.",3,2024-05-22,Yes,1,gets job done nothing more nothing less,Neutral,0.0,Neutral,2024-05
REV003285,SPO1365,Sports & Outdoors,Water Bottle,"worst purchase I've made this year, do not recommend.",2,2024-05-25,Yes,5,worst purchase ve made year recommend,Negative,-0.7359,Negative,2024-05
REV000933,BOO1182,Books,Self-Help Guide,perfect fit and great customer service too. Fast shipping too!,5,2023-02-17,Yes,2,perfect fit great customer service too fast shipping too,Positive,0.8908,Positive,2023-02
REV001609,HOM1294,Home & Kitchen,Vacuum Cleaner,"does what it says, no major complaints.",3,2024-08-22,No,1,what says major complaints,Positive,0.0903,Neutral,2024-08
REV000546,HOM1339,Home & Kitchen,Blender,"outstanding performance, worth every penny. My whole family loves it.",5,2024-06-13,Yes,4,outstanding performance worth every penny whole family loves,Positive,0.8625,Positive,2024-06
REV003896,CLO1316,Clothing,Yoga Pants,"absolutely love this product, exceeded my expectations.",5,2023-04-04,No,0,absolutely love product exceeded expectations,Positive,0.6697,Positive,2023-04
REV002517,BOO1186,Books,Self-Help Guide,"reasonable quality, similar to other products in this range. We'll see how it holds up.",3,2024-12-23,Yes,0,reasonable quality similar other products range ll see how holds up,Neutral,0.0,Neutral,2024-12
REV001988,SPO1228,Sports & Outdoors,Camping Tent,"regret buying this, quality is really bad. Wish I'd read reviews first.",1,2023-01-25,Yes,3,regret buying quality bad wish read reviews first,Negative,-0.5595,Negative,2023-01
REV000473,BEA1290,Beauty,Shampoo,perfect fit and great customer service too. Five stars from me.,5,2024-04-09,Yes,1,perfect fit great customer service too five stars me,Positive,0.8834,Positive,2024-04
REV000310,SPO1818,Sports & Outdoors,Yoga Mat,"this is fantastic, exactly what I needed.",5,2023-01-18,Yes,3,fantastic exactly what needed,Positive,0.5574,Positive,2023-01
REV000847,ELE1973,Electronics,Power Bank,"decent for the price, but not amazing. We'll see how it holds up.",3,2024-07-17,Yes,1,decent price amazing ll see how holds up,Negative,-0.6259,Neutral,2024-07
REV001623,BEA1236,Beauty,Shampoo,"gets the job done, nothing more nothing less. We'll see how it holds up.",3,2024-12-01,Yes,0,gets job done nothing more nothing less ll see how holds up,Neutral,0.0,Neutral,2024-12
REV002423,BOO1848,Books,Sci-Fi Trilogy,"great quality and works perfectly, highly recommend. Fast shipping too!",5,2023-02-23,Yes,3,great quality works perfectly highly recommend fast shipping too,Positive,0.9078,Positive,2023-02
REV002953,SPO1751,Sports & Outdoors,Water Bottle,"average product, met basic expectations. We'll see how it holds up.",3,2023-06-13,Yes,0,average product met basic expectations ll see how holds up,Neutral,0.0,Neutral,2023-06
REV002075,BEA1704,Beauty,Sunscreen SPF50,"does not match the description, quite misleading.",1,2023-03-22,Yes,6,match description quite misleading,Negative,-0.4576,Negative,2023-03
REV002783,CLO1058,Clothing,Cotton T-Shirt,"worst purchase I've made this year, do not recommend. Asked for a refund.",1,2024-03-11,Yes,4,worst purchase ve made year recommend asked refund,Negative,-0.7359,Negative,2024-03
REV000308,ELE1117,Electronics,Bluetooth Speaker,works flawlessly and looks even better in person. My whole family loves it.,5,2023-11-07,Yes,4,works flawlessly looks even better person whole family loves,Positive,0.8126,Positive,2023-11
REV000887,BEA1888,Beauty,Lip Balm Set,"worst purchase I've made this year, do not recommend. Very frustrating.",1,2023-12-25,Yes,7,worst purchase ve made year recommend frustrating,Negative,-0.5555,Negative,2023-12
REV000397,BEA1118,Beauty,Shampoo,"outstanding performance, worth every penny. Would buy again.",4,2024-10-22,Yes,3,outstanding performance worth every penny buy again,Positive,0.7096,Positive,2024-10
REV000955,SPO1323,Sports & Outdoors,Resistance Bands,"it's fine, though the packaging could be better. Might update this review later.",3,2024-02-12,Yes,1,fine though packaging better might update review later,Positive,0.5719,Neutral,2024-02
REV000875,HOM1952,Home & Kitchen,Coffee Maker,perfect fit and great customer service too. Fast shipping too!,4,2024-11-25,No,4,perfect fit great customer service too fast shipping too,Positive,0.8908,Positive,2024-11
REV003537,BOO1161,Books,Self-Help Guide,"great quality and works perfectly, highly recommend. Five stars from me.",5,2024-12-20,Yes,7,great quality works perfectly highly recommend five stars me,Positive,0.902,Positive,2024-12
REV000169,SPO1932,Sports & Outdoors,Hiking Backpack,"works fine so far, will update if anything changes. We'll see how it holds up.",3,2023-06-12,Yes,1,works fine far update anything changes ll see how holds up,Positive,0.2023,Neutral,2023-06
REV003392,ELE1379,Electronics,Power Bank,"great quality and works perfectly, highly recommend. My whole family loves it.",5,2024-03-31,Yes,0,great quality works perfectly highly recommend whole family loves,Positive,0.9412,Positive,2024-03
REV001626,HOM1457,Home & Kitchen,Vacuum Cleaner,"this is fantastic, exactly what I needed. Five stars from me.",5,2023-01-30,No,2,fantastic exactly what needed five stars me,Positive,0.5574,Positive,2023-01
REV003965,HOM1011,Home & Kitchen,Non-Stick Pan Set,"very satisfied, the quality exceeded what I paid for. Five stars from me.",5,2024-06-15,No,0,satisfied quality exceeded what paid five stars me,Positive,0.4754,Positive,2024-06
REV001552,HOM1413,Home & Kitchen,Air Fryer,"broke within a week, waste of money.",2,2023-09-29,Yes,6,broke within week waste money,Negative,-0.6808,Negative,2023-09
REV002212,CLO1522,Clothing,Yoga Pants,cheaply made and feels flimsy. Very frustrating.,1,2023-12-29,Yes,13,cheaply made feels flimsy frustrating,Negative,-0.4927,Negative,2023-12
REV000094,CLO1582,Clothing,Denim Jeans,cheaply made and feels flimsy. Asked for a refund.,2,2024-08-11,Yes,2,cheaply made feels flimsy asked refund,Neutral,0.0,Negative,2024-08
REV002972,SPO1208,Sports & Outdoors,Water Bottle,"average product, met basic expectations. Might update this review later.",3,2023-08-25,Yes,0,average product met basic expectations might update review later,Neutral,0.0,Neutral,2023-08
REV003524,ELE1142,Electronics,Laptop Stand,"does what it says, no major complaints. We'll see how it holds up.",3,2024-11-15,No,0,what says major complaints ll see how holds up,Positive,0.0903,Neutral,2024-11
REV003929,BEA1424,Beauty,Shampoo,"this is fantastic, exactly what I needed. Fast shipping too!",5,2023-02-16,Yes,4,fantastic exactly what needed fast shipping too,Positive,0.5983,Positive,2023-02
REV001828,BEA1011,Beauty,Shampoo,"outstanding performance, worth every penny. My whole family loves it.",4,2024-12-22,Yes,8,outstanding performance worth every penny whole family loves,Positive,0.8625,Positive,2024-12
REV001806,ELE1178,Electronics,Wireless Earbuds,"not bad, not great, just an average item. Still testing it out.",3,2023-09-25,No,1,bad great average item still testing out,Positive,0.6754,Neutral,2023-09
REV000193,SPO1162,Sports & Outdoors,Hiking Backpack,"outstanding performance, worth every penny.",5,2023-04-21,No,1,outstanding performance worth every penny,Positive,0.7096,Positive,2023-04
REV002861,ELE1664,Electronics,Smartwatch,perfect fit and great customer service too. Five stars from me.,5,2023-05-04,Yes,2,perfect fit great customer service too five stars me,Positive,0.8834,Positive,2023-05
REV000363,SPO1200,Sports & Outdoors,Camping Tent,"average product, met basic expectations. We'll see how it holds up.",3,2024-08-14,No,0,average product met basic expectations ll see how holds up,Neutral,0.0,Neutral,2024-08
REV001920,ELE1235,Electronics,Wireless Earbuds,"outstanding performance, worth every penny. Fast shipping too!",5,2023-02-02,Yes,6,outstanding performance worth every penny fast shipping too,Positive,0.7345,Positive,2023-02
REV000431,BOO1092,Books,Mystery Novel,"does what it says, no major complaints. Still testing it out.",3,2024-12-20,No,0,what says major complaints still testing out,Positive,0.0903,Neutral,2024-12
REV001943,CLO1742,Clothing,Denim Jeans,"it's fine, though the packaging could be better.",3,2024-10-20,Yes,0,fine though packaging better,Positive,0.5719,Neutral,2024-10
REV000442,SPO1742,Sports & Outdoors,Hiking Backpack,"does what it says, no major complaints.",3,2023-04-19,Yes,1,what says major complaints,Positive,0.0903,Neutral,2023-04
REV003025,BOO1845,Books,Sci-Fi Trilogy,"great quality and works perfectly, highly recommend. Fast shipping too!",5,2024-01-16,No,1,great quality works perfectly highly recommend fast shipping too,Positive,0.9078,Positive,2024-01
REV001106,HOM1111,Home & Kitchen,Blender,"superb product, will definitely buy again. Five stars from me.",5,2023-05-11,Yes,0,superb product definitely buy again five stars me,Positive,0.7783,Positive,2023-05
REV000152,CLO1846,Clothing,Running Shoes,"excellent build quality, arrived quickly and works great. Would buy again.",5,2024-07-15,Yes,2,excellent build quality arrived quickly works great buy again,Positive,0.8316,Positive,2024-07
REV002728,HOM1897,Home & Kitchen,Blender,"very satisfied, the quality exceeded what I paid for. My whole family loves it.",4,2024-12-10,Yes,3,satisfied quality exceeded what paid whole family loves,Positive,0.7778,Positive,2024-12
REV001996,SPO1670,Sports & Outdoors,Yoga Mat,"amazing value for the price, very happy with this purchase. My whole family loves it.",5,2024-12-06,Yes,0,amazing value price happy purchase whole family loves,Positive,0.9312,Positive,2024-12
REV001605,BEA1081,Beauty,Sunscreen SPF50,"excellent build quality, arrived quickly and works great.",5,2024-09-21,Yes,1,excellent build quality arrived quickly works great,Positive,0.8316,Positive,2024-09
REV003440,HOM1581,Home & Kitchen,Non-Stick Pan Set,"not as advertised, very frustrating purchase. Very frustrating.",1,2023-04-13,Yes,2,advertised frustrating purchase frustrating,Negative,-0.7496,Negative,2023-04
REV002626,CLO1491,Clothing,Winter Jacket,"excellent build quality, arrived quickly and works great. Would buy again.",5,2023-01-24,Yes,8,excellent build quality arrived quickly works great buy again,Positive,0.8316,Positive,2023-01
REV000360,HOM1945,Home & Kitchen,Blender,"average product, met basic expectations. We'll see how it holds up.",3,2023-08-19,Yes,0,average product met basic expectations ll see how holds up,Neutral,0.0,Neutral,2023-08
REV002928,SPO1430,Sports & Outdoors,Yoga Mat,"regret buying this, quality is really bad.",1,2024-06-17,No,2,regret buying quality bad,Negative,-0.7645,Negative,2024-06
REV001368,HOM1128,Home & Kitchen,Blender,"reasonable quality, similar to other products in this range. Might update this review later.   <br>  ",3,2023-04-06,Yes,2,reasonable quality similar other products range might update review later,Neutral,0.0,Neutral,2023-04
REV003081,CLO1322,Clothing,Cotton T-Shirt,"superb product, will definitely buy again.",4,2024-06-17,Yes,1,superb product definitely buy again,Positive,0.7783,Positive,2024-06
REV002637,SPO1457,Sports & Outdoors,Hiking Backpack,"superb product, will definitely buy again. Five stars from me.",5,2024-06-09,Yes,0,superb product definitely buy again five stars me,Positive,0.7783,Positive,2024-06
REV000353,ELE1733,Electronics,Laptop Stand,"amazing value for the price, very happy with this purchase. Fast shipping too!",4,2024-08-31,Yes,0,amazing value price happy purchase fast shipping too,Positive,0.8881,Positive,2024-08
REV000520,SPO1778,Sports & Outdoors,Camping Tent,"very disappointed, stopped working after a few days.",1,2023-10-08,Yes,0,disappointed stopped working after few days,Negative,-0.6779,Negative,2023-10
REV000930,HOM1708,Home & Kitchen,Vacuum Cleaner,"great quality and works perfectly, highly recommend. Fast shipping too!",5,2024-03-03,Yes,2,great quality works perfectly highly recommend fast shipping too,Positive,0.9078,Positive,2024-03
REV003085,CLO1314,Clothing,Winter Jacket,"absolutely love this product, exceeded my expectations. Fast shipping too!",5,2024-04-24,Yes,5,absolutely love product exceeded expectations fast shipping too,Positive,0.6989,Positive,2024-04
REV002061,ELE1620,Electronics,Bluetooth Speaker,"absolutely love this product, exceeded my expectations. My whole family loves it.",5,2024-11-23,Yes,1,absolutely love product exceeded expectations whole family loves,Positive,0.8479,Positive,2024-11
REV001541,BOO1411,Books,Sci-Fi Trilogy,"absolutely love this product, exceeded my expectations. Five stars from me.",5,2024-02-27,Yes,1,absolutely love product exceeded expectations five stars me,Positive,0.6697,Positive,2024-02
REV001373,SPO1284,Sports & Outdoors,Yoga Mat,perfect fit and great customer service too. Five stars from me.,5,2023-08-11,Yes,0,perfect fit great customer service too five stars me,Positive,0.8834,Positive,2023-08
REV001358,BEA1680,Beauty,Lip Balm Set,"poor quality, not worth the money at all.",2,2023-06-06,Yes,4,poor quality worth money all,Negative,-0.5812,Negative,2023-06
REV002253,BEA1223,Beauty,Hair Dryer,"excellent build quality, arrived quickly and works great. Five stars from me.",5,2024-09-04,Yes,5,excellent build quality arrived quickly works great five stars me,Positive,0.8316,Positive,2024-09
REV002443,BOO1213,Books,Mystery Novel,"this is fantastic, exactly what I needed. My whole family loves it.",4,2023-04-13,No,1,fantastic exactly what needed whole family loves,Positive,0.8074,Positive,2023-04
REV001260,ELE1845,Electronics,Smartwatch,"poor quality, not worth the money at all. Asked for a refund.",1,2023-04-19,Yes,1,poor quality worth money all asked refund,Negative,-0.5812,Negative,2023-04
REV003316,HOM1823,Home & Kitchen,Vacuum Cleaner,"terrible experience, item arrived damaged. Wish I'd read reviews first.",1,2024-12-09,Yes,0,terrible experience item arrived damaged wish read reviews first,Negative,-0.5106,Negative,2024-12
REV003852,SPO1002,Sports & Outdoors,Yoga Mat,"absolutely love this product, exceeded my expectations. My whole family loves it.",5,2023-11-28,Yes,0,absolutely love product exceeded expectations whole family loves,Positive,0.8479,Positive,2023-11
REV002590,ELE1002,Electronics,Laptop Stand,"does what it says, no major complaints. Might update this review later.",3,2024-11-04,Yes,0,what says major complaints might update review later,Positive,0.0903,Neutral,2024-11
REV002252,HOM1636,Home & Kitchen,Coffee Maker,"outstanding performance, worth every penny. My whole family loves it.",5,2024-08-22,Yes,7,outstanding performance worth every penny whole family loves,Positive,0.8625,Positive,2024-08
REV003451,SPO1999,Sports & Outdoors,Yoga Mat,"not bad, not great, just an average item. We'll see how it holds up.",3,2024-07-16,No,0,bad great average item ll see how holds up,Positive,0.6754,Neutral,2024-07
REV001659,HOM1955,Home & Kitchen,Coffee Maker,"average product, met basic expectations. We'll see how it holds up.",3,2023-12-31,No,2,average product met basic expectations ll see how holds up,Neutral,0.0,Neutral,2023-12
REV001942,ELE1607,Electronics,Power Bank,"broke within a week, waste of money. Asked for a refund.",1,2024-04-12,Yes,0,broke within week waste money asked refund,Negative,-0.6808,Negative,2024-04
REV001556,ELE1312,Electronics,Wireless Earbuds,works flawlessly and looks even better in person. Five stars from me.,5,2023-01-06,Yes,3,works flawlessly looks even better person five stars me,Positive,0.5719,Positive,2023-01
REV002607,ELE1626,Electronics,Bluetooth Speaker,"absolutely love this product, exceeded my expectations.",5,2023-04-03,No,2,absolutely love product exceeded expectations,Positive,0.6697,Positive,2023-04
REV001416,BEA1393,Beauty,Face Moisturizer,"outstanding performance, worth every penny.",5,2024-01-27,Yes,1,outstanding performance worth every penny,Positive,0.7096,Positive,2024-01
REV003501,BEA1209,Beauty,Hair Dryer,"it's fine, though the packaging could be better.   <br>  ",3,2023-01-27,Yes,0,fine though packaging better,Positive,0.5719,Neutral,2023-01
REV000477,HOM1976,Home & Kitchen,Vacuum Cleaner,works flawlessly and looks even better in person. Fast shipping too!,5,2024-12-17,No,4,works flawlessly looks even better person fast shipping too,Positive,0.6114,Positive,2024-12
REV001470,BEA1757,Beauty,Lip Balm Set,"it's okay, does the job but nothing special. Might update this review later.   <br>  ",3,2024-06-15,No,0,okay job nothing special might update review later,Negative,-0.3479,Neutral,2024-06
REV001815,CLO1631,Clothing,Denim Jeans,"amazing value for the price, very happy with this purchase. Fast shipping too!",5,2024-11-13,Yes,5,amazing value price happy purchase fast shipping too,Positive,0.8881,Positive,2024-11
REV000641,ELE1549,Electronics,Bluetooth Speaker,"amazing value for the price, very happy with this purchase. Five stars from me.",5,2024-03-03,No,1,amazing value price happy purchase five stars me,Positive,0.8805,Positive,2024-03
REV001567,BEA1936,Beauty,Face Moisturizer,perfect fit and great customer service too. Fast shipping too!,4,2023-11-13,Yes,1,perfect fit great customer service too fast shipping too,Positive,0.8908,Positive,2023-11
REV000380,CLO1986,Clothing,Cotton T-Shirt,"amazing value for the price, very happy with this purchase. Would buy again.",5,2023-01-09,Yes,1,amazing value price happy purchase buy again,Positive,0.8805,Positive,2023-01
REV000184,ELE1430,Electronics,Wireless Earbuds,cheaply made and feels flimsy. Very frustrating.,2,2023-08-23,Yes,1,cheaply made feels flimsy frustrating,Negative,-0.4927,Negative,2023-08
REV003742,CLO1623,Clothing,Denim Jeans,arrived defective and customer support was unhelpful. Very frustrating.,2,2023-06-23,Yes,0,arrived defective customer support unhelpful frustrating,Negative,-0.5256,Negative,2023-06
REV003486,BOO1543,Books,Cookbook,works flawlessly and looks even better in person. Would buy again.,5,2023-01-12,Yes,0,works flawlessly looks even better person buy again,Positive,0.5719,Positive,2023-01
REV003624,CLO1455,Clothing,Cotton T-Shirt,"this is fantastic, exactly what I needed.",5,2023-04-12,Yes,1,fantastic exactly what needed,Positive,0.5574,Positive,2023-04
REV000899,SPO1237,Sports & Outdoors,Hiking Backpack,"poor quality, not worth the money at all. Asked for a refund.",2,2023-11-04,Yes,0,poor quality worth money all asked refund,Negative,-0.5812,Negative,2023-11
REV003432,SPO1053,Sports & Outdoors,Camping Tent,"absolutely love this product, exceeded my expectations. My whole family loves it.   <br>  ",4,2023-10-13,Yes,8,absolutely love product exceeded expectations whole family loves,Positive,0.8479,Positive,2023-10
REV001271,BOO1168,Books,Business Book,"excellent build quality, arrived quickly and works great. Fast shipping too!",4,2023-09-02,Yes,0,excellent build quality arrived quickly works great fast shipping too,Positive,0.8439,Positive,2023-09
REV001931,BEA1185,Beauty,Sunscreen SPF50,"terrible experience, item arrived damaged. Wish I'd read reviews first.",2,2023-04-26,Yes,0,terrible experience item arrived damaged wish read reviews first,Negative,-0.5106,Negative,2023-04
REV003442,BOO1262,Books,Cookbook,"great quality and works perfectly, highly recommend.",5,2024-09-18,Yes,0,great quality works perfectly highly recommend,Positive,0.902,Positive,2024-09
REV001043,SPO1008,Sports & Outdoors,Hiking Backpack,"very disappointed, stopped working after a few days. Asked for a refund.",1,2023-08-12,Yes,2,disappointed stopped working after few days asked refund,Negative,-0.6779,Negative,2023-08
REV002889,CLO1059,Clothing,Yoga Pants,"average product, met basic expectations. Might update this review later.   <br>  ",3,2023-10-26,No,0,average product met basic expectations might update review later,Neutral,0.0,Neutral,2023-10
REV000137,HOM1536,Home & Kitchen,Air Fryer,works flawlessly and looks even better in person. Fast shipping too!,4,2023-12-26,Yes,1,works flawlessly looks even better person fast shipping too,Positive,0.6114,Positive,2023-12
REV003936,HOM1806,Home & Kitchen,Coffee Maker,"poor quality, not worth the money at all. Asked for a refund.",1,2023-03-04,Yes,1,poor quality worth money all asked refund,Negative,-0.5812,Negative,2023-03
REV003994,BEA1597,Beauty,Shampoo,"this is fantastic, exactly what I needed. My whole family loves it.",5,2024-10-17,Yes,1,fantastic exactly what needed whole family loves,Positive,0.8074,Positive,2024-10
REV000212,SPO1656,Sports & Outdoors,Resistance Bands,arrived defective and customer support was unhelpful. Very frustrating.,1,2024-09-20,No,0,arrived defective customer support unhelpful frustrating,Negative,-0.5256,Negative,2024-09
REV000984,ELE1497,Electronics,Laptop Stand,"this is fantastic, exactly what I needed.   <br>  ",4,2024-03-23,No,0,fantastic exactly what needed,Positive,0.5574,Positive,2024-03
REV002118,SPO1328,Sports & Outdoors,Resistance Bands,"very satisfied, the quality exceeded what I paid for. Fast shipping too!",5,2024-02-23,Yes,3,satisfied quality exceeded what paid fast shipping too,Positive,0.5244,Positive,2024-02
REV000340,BEA1706,Beauty,Sunscreen SPF50,"very disappointed, stopped working after a few days. Asked for a refund.",1,2024-06-07,Yes,0,disappointed stopped working after few days asked refund,Negative,-0.6779,Negative,2024-06
REV002153,ELE1736,Electronics,Bluetooth Speaker,"outstanding performance, worth every penny.",5,2024-05-26,Yes,6,outstanding performance worth every penny,Positive,0.7096,Positive,2024-05
REV002995,SPO1223,Sports & Outdoors,Yoga Mat,"regret buying this, quality is really bad. Wish I'd read reviews first.",1,2023-08-24,Yes,2,regret buying quality bad wish read reviews first,Negative,-0.5595,Negative,2023-08
REV002292,BOO1645,Books,Mystery Novel,"does what it says, no major complaints. Still testing it out.",3,2024-09-05,Yes,0,what says major complaints still testing out,Positive,0.0903,Neutral,2024-09
REV002227,ELE1014,Electronics,Power Bank,"amazing value for the price, very happy with this purchase. Five stars from me.",4,2024-09-07,Yes,0,amazing value price happy purchase five stars me,Positive,0.8805,Positive,2024-09
REV003208,HOM1465,Home & Kitchen,Air Fryer,"great quality and works perfectly, highly recommend.",4,2023-09-07,Yes,0,great quality works perfectly highly recommend,Positive,0.902,Positive,2023-09
REV002993,CLO1928,Clothing,Running Shoes,"amazing value for the price, very happy with this purchase.",5,2023-09-04,No,0,amazing value price happy purchase,Positive,0.8805,Positive,2023-09
REV002483,BEA1865,Beauty,Shampoo,"not bad, not great, just an average item. Might update this review later.",3,2024-09-15,Yes,1,bad great average item might update review later,Positive,0.6754,Neutral,2024-09
REV003262,SPO1876,Sports & Outdoors,Water Bottle,"this is fantastic, exactly what I needed. Fast shipping too!",4,2024-12-21,Yes,1,fantastic exactly what needed fast shipping too,Positive,0.5983,Positive,2024-12
REV000792,ELE1707,Electronics,Smartwatch,perfect fit and great customer service too. My whole family loves it.,5,2023-06-05,No,1,perfect fit great customer service too whole family loves,Positive,0.9325,Positive,2023-06
REV001907,BOO1687,Books,Sci-Fi Trilogy,"average product, met basic expectations. Still testing it out.",3,2024-12-17,Yes,1,average product met basic expectations still testing out,Neutral,0.0,Neutral,2024-12
REV003734,ELE1611,Electronics,Bluetooth Speaker,"excellent build quality, arrived quickly and works great. Five stars from me.",5,2023-06-30,No,0,excellent build quality arrived quickly works great five stars me,Positive,0.8316,Positive,2023-06
REV002306,BOO1947,Books,Mystery Novel,"it's okay, does the job but nothing special. We'll see how it holds up.",3,2024-11-17,Yes,1,okay job nothing special ll see how holds up,Negative,-0.3479,Neutral,2024-11
REV003813,ELE1812,Electronics,Power Bank,perfect fit and great customer service too. Five stars from me.,5,2024-06-10,Yes,2,perfect fit great customer service too five stars me,Positive,0.8834,Positive,2024-06
REV001830,CLO1241,Clothing,Yoga Pants,"very satisfied, the quality exceeded what I paid for. Would buy again.",4,2024-06-14,Yes,5,satisfied quality exceeded what paid buy again,Positive,0.4754,Positive,2024-06
REV002847,CLO1981,Clothing,Winter Jacket,"average product, met basic expectations.",3,2023-12-18,No,0,average product met basic expectations,Neutral,0.0,Neutral,2023-12
REV000991,ELE1390,Electronics,Smartwatch,"this is fantastic, exactly what I needed. Five stars from me.",4,2024-07-29,No,7,fantastic exactly what needed five stars me,Positive,0.5574,Positive,2024-07
REV003978,BEA1421,Beauty,Sunscreen SPF50,works flawlessly and looks even better in person. Five stars from me.,5,2023-01-09,No,1,works flawlessly looks even better person five stars me,Positive,0.5719,Positive,2023-01
REV000818,BOO1434,Books,Self-Help Guide,"amazing value for the price, very happy with this purchase. Would buy again.",5,2023-01-09,Yes,2,amazing value price happy purchase buy again,Positive,0.8805,Positive,2023-01
REV000937,BEA1613,Beauty,Hair Dryer,acceptable quality for casual use.,3,2023-03-25,Yes,2,acceptable quality casual use,Positive,0.4767,Neutral,2023-03
REV001069,BEA1021,Beauty,Hair Dryer,"absolutely love this product, exceeded my expectations. Would buy again.",5,2024-03-02,Yes,3,absolutely love product exceeded expectations buy again,Positive,0.6697,Positive,2024-03
REV003247,HOM1024,Home & Kitchen,Non-Stick Pan Set,"superb product, will definitely buy again. Five stars from me.",5,2024-05-04,Yes,2,superb product definitely buy again five stars me,Positive,0.7783,Positive,2024-05
REV001730,BEA1918,Beauty,Face Moisturizer,"outstanding performance, worth every penny. Fast shipping too!",5,2023-03-02,Yes,8,outstanding performance worth every penny fast shipping too,Positive,0.7345,Positive,2023-03
REV001392,BEA1303,Beauty,Lip Balm Set,works flawlessly and looks even better in person.,5,2024-09-08,Yes,3,works flawlessly looks even better person,Positive,0.5719,Positive,2024-09
REV001018,BEA1945,Beauty,Sunscreen SPF50,"absolutely love this product, exceeded my expectations. Would buy again.",5,2023-09-18,Yes,10,absolutely love product exceeded expectations buy again,Positive,0.6697,Positive,2023-09
REV003434,SPO1733,Sports & Outdoors,Hiking Backpack,perfect fit and great customer service too.,5,2023-07-21,Yes,2,perfect fit great customer service too,Positive,0.8834,Positive,2023-07
REV002838,BEA1126,Beauty,Hair Dryer,"worst purchase I've made this year, do not recommend. Asked for a refund.",2,2024-06-08,Yes,12,worst purchase ve made year recommend asked refund,Negative,-0.7359,Negative,2024-06
REV000408,CLO1767,Clothing,Winter Jacket,"it's fine, though the packaging could be better. We'll see how it holds up.",3,2024-09-20,No,2,fine though packaging better ll see how holds up,Positive,0.5719,Neutral,2024-09
REV002876,ELE1666,Electronics,Smartwatch,perfect fit and great customer service too.,4,2023-01-02,No,5,perfect fit great customer service too,Positive,0.8834,Positive,2023-01
REV003540,SPO1466,Sports & Outdoors,Hiking Backpack,"superb product, will definitely buy again. Five stars from me.",5,2023-02-07,Yes,5,superb product definitely buy again five stars me,Positive,0.7783,Positive,2023-02
REV000332,ELE1357,Electronics,Smartwatch,"this is fantastic, exactly what I needed.",5,2024-06-27,Yes,0,fantastic exactly what needed,Positive,0.5574,Positive,2024-06
REV002643,CLO1488,Clothing,Running Shoes,"very satisfied, the quality exceeded what I paid for. Fast shipping too!",4,2024-05-09,No,0,satisfied quality exceeded what paid fast shipping too,Positive,0.5244,Positive,2024-05
REV003855,CLO1771,Clothing,Cotton T-Shirt,"very satisfied, the quality exceeded what I paid for. My whole family loves it.",5,2023-09-07,Yes,0,satisfied quality exceeded what paid whole family loves,Positive,0.7778,Positive,2023-09
REV000168,CLO1047,Clothing,Denim Jeans,"worst purchase I've made this year, do not recommend.",2,2024-03-22,Yes,6,worst purchase ve made year recommend,Negative,-0.7359,Negative,2024-03
REV002866,BOO1471,Books,Self-Help Guide,"does what it says, no major complaints. Still testing it out.",3,2024-12-01,No,1,what says major complaints still testing out,Positive,0.0903,Neutral,2024-12
REV002774,BEA1639,Beauty,Sunscreen SPF50,"decent for the price, but not amazing. Might update this review later.",3,2024-06-10,Yes,0,decent price amazing might update review later,Negative,-0.6259,Neutral,2024-06
REV000297,BOO1126,Books,Sci-Fi Trilogy,"excellent build quality, arrived quickly and works great. My whole family loves it.",4,2023-02-25,Yes,5,excellent build quality arrived quickly works great whole family loves,Positive,0.91,Positive,2023-02
REV001214,ELE1163,Electronics,Bluetooth Speaker,"superb product, will definitely buy again.",5,2024-09-21,No,1,superb product definitely buy again,Positive,0.7783,Positive,2024-09
REV000576,SPO1460,Sports & Outdoors,Water Bottle,"this is fantastic, exactly what I needed. Would buy again.",5,2024-11-07,Yes,6,fantastic exactly what needed buy again,Positive,0.5574,Positive,2024-11
REV000320,BEA1585,Beauty,Face Moisturizer,works flawlessly and looks even better in person. Five stars from me.,4,2024-05-04,Yes,0,works flawlessly looks even better person five stars me,Positive,0.5719,Positive,2024-05
REV003658,BEA1492,Beauty,Shampoo,"superb product, will definitely buy again. Would buy again.",5,2024-04-09,Yes,11,superb product definitely buy again buy again,Positive,0.7783,Positive,2024-04
REV001692,BOO1611,Books,Sci-Fi Trilogy,arrived defective and customer support was unhelpful. Asked for a refund.,1,2024-10-17,Yes,3,arrived defective customer support unhelpful asked refund,Negative,-0.0516,Negative,2024-10
REV000663,BEA1123,Beauty,Sunscreen SPF50,"this is fantastic, exactly what I needed. Five stars from me.",4,2024-08-28,Yes,4,fantastic exactly what needed five stars me,Positive,0.5574,Positive,2024-08
REV001197,CLO1455,Clothing,Yoga Pants,works flawlessly and looks even better in person. Would buy again.   <br>  ,5,2023-08-15,Yes,0,works flawlessly looks even better person buy again,Positive,0.5719,Positive,2023-08
REV002964,CLO1435,Clothing,Cotton T-Shirt,"very satisfied, the quality exceeded what I paid for. Fast shipping too!",5,2023-03-07,No,1,satisfied quality exceeded what paid fast shipping too,Positive,0.5244,Positive,2023-03
REV003019,CLO1066,Clothing,Running Shoes,"this is fantastic, exactly what I needed. Fast shipping too!",5,2024-11-21,Yes,3,fantastic exactly what needed fast shipping too,Positive,0.5983,Positive,2024-11
REV002943,SPO1537,Sports & Outdoors,Water Bottle,"great quality and works perfectly, highly recommend. My whole family loves it.",5,2023-08-05,Yes,0,great quality works perfectly highly recommend whole family loves,Positive,0.9412,Positive,2023-08
REV002994,CLO1142,Clothing,Cotton T-Shirt,works flawlessly and looks even better in person. Would buy again.,5,2024-09-15,Yes,0,works flawlessly looks even better person buy again,Positive,0.5719,Positive,2024-09
REV002923,CLO1992,Clothing,Yoga Pants,"superb product, will definitely buy again. Five stars from me.",5,2023-09-02,Yes,1,superb product definitely buy again five stars me,Positive,0.7783,Positive,2023-09
REV000536,ELE1283,Electronics,Smartwatch,"amazing value for the price, very happy with this purchase. My whole family loves it.",5,2024-09-21,Yes,0,amazing value price happy purchase whole family loves,Positive,0.9312,Positive,2024-09
REV001658,BOO1940,Books,Self-Help Guide,perfect fit and great customer service too. Would buy again.,4,2024-03-20,Yes,0,perfect fit great customer service too buy again,Positive,0.8834,Positive,2024-03
REV001588,BEA1511,Beauty,Face Moisturizer,"this is fantastic, exactly what I needed. Five stars from me.",4,2024-12-17,Yes,7,fantastic exactly what needed five stars me,Positive,0.5574,Positive,2024-12
REV000333,BOO1745,Books,Self-Help Guide,"works fine so far, will update if anything changes. Still testing it out.",3,2024-02-09,Yes,0,works fine far update anything changes still testing out,Positive,0.2023,Neutral,2024-02
REV002646,CLO1254,Clothing,Cotton T-Shirt,"very satisfied, the quality exceeded what I paid for. My whole family loves it.",4,2024-05-30,Yes,7,satisfied quality exceeded what paid whole family loves,Positive,0.7778,Positive,2024-05
REV001874,BEA1453,Beauty,Hair Dryer,"superb product, will definitely buy again.",4,2024-08-25,Yes,1,superb product definitely buy again,Positive,0.7783,Positive,2024-08
REV003591,CLO1226,Clothing,Cotton T-Shirt,"it's fine, though the packaging could be better. Still testing it out.",3,2024-10-02,Yes,0,fine though packaging better still testing out,Positive,0.5719,Neutral,2024-10
REV002617,BEA1894,Beauty,Hair Dryer,"does what it says, no major complaints. Might update this review later.",3,2024-12-01,Yes,3,what says major complaints might update review later,Positive,0.0903,Neutral,2024-12
REV000938,BOO1302,Books,Mystery Novel,"does what it says, no major complaints. Might update this review later.",3,2023-08-07,Yes,1,what says major complaints might update review later,Positive,0.0903,Neutral,2023-08
REV003516,BOO1610,Books,Self-Help Guide,"absolutely love this product, exceeded my expectations. Five stars from me.",5,2024-02-22,Yes,4,absolutely love product exceeded expectations five stars me,Positive,0.6697,Positive,2024-02
REV003686,BEA1487,Beauty,Hair Dryer,"does not match the description, quite misleading. Wish I'd read reviews first.",1,2024-04-19,Yes,0,match description quite misleading wish read reviews first,Neutral,-0.0038,Negative,2024-04
REV003239,CLO1431,Clothing,Yoga Pants,"excellent build quality, arrived quickly and works great. Fast shipping too!",5,2024-11-23,No,5,excellent build quality arrived quickly works great fast shipping too,Positive,0.8439,Positive,2024-11
REV000521,BOO1411,Books,Cookbook,"great quality and works perfectly, highly recommend. Would buy again.",5,2024-04-29,No,9,great quality works perfectly highly recommend buy again,Positive,0.902,Positive,2024-04
REV000561,ELE1774,Electronics,Power Bank,"great quality and works perfectly, highly recommend. My whole family loves it.",5,2023-10-11,Yes,1,great quality works perfectly highly recommend whole family loves,Positive,0.9412,Positive,2023-10
REV001697,ELE1986,Electronics,Laptop Stand,"great quality and works perfectly, highly recommend. Would buy again.",5,2023-05-28,Yes,2,great quality works perfectly highly recommend buy again,Positive,0.902,Positive,2023-05
REV002217,CLO1191,Clothing,Cotton T-Shirt,"terrible experience, item arrived damaged. Would not recommend to anyone.",1,2024-02-18,Yes,1,terrible experience item arrived damaged recommend anyone,Negative,-0.797,Negative,2024-02
REV001161,BEA1707,Beauty,Face Moisturizer,"this is fantastic, exactly what I needed. Would buy again.",5,2023-03-31,Yes,1,fantastic exactly what needed buy again,Positive,0.5574,Positive,2023-03
REV002209,HOM1805,Home & Kitchen,Blender,"does not match the description, quite misleading.",1,2024-08-25,Yes,4,match description quite misleading,Negative,-0.4576,Negative,2024-08
REV001442,BOO1889,Books,Cookbook,"not bad, not great, just an average item. Still testing it out.",3,2024-02-12,Yes,0,bad great average item still testing out,Positive,0.6754,Neutral,2024-02
REV002225,SPO1241,Sports & Outdoors,Water Bottle,"does what it says, no major complaints. Still testing it out.",3,2023-08-28,Yes,0,what says major complaints still testing out,Positive,0.0903,Neutral,2023-08
REV001332,HOM1516,Home & Kitchen,Non-Stick Pan Set,works flawlessly and looks even better in person.,5,2023-02-08,Yes,0,works flawlessly looks even better person,Positive,0.5719,Positive,2023-02
REV002542,HOM1811,Home & Kitchen,Non-Stick Pan Set,"worst purchase I've made this year, do not recommend. Wish I'd read reviews first.",1,2024-09-18,No,4,worst purchase ve made year recommend wish read reviews first,Negative,-0.816,Negative,2024-09
REV001441,HOM1404,Home & Kitchen,Vacuum Cleaner,"does what it says, no major complaints. Might update this review later.",3,2023-11-29,No,0,what says major complaints might update review later,Positive,0.0903,Neutral,2023-11
REV002081,SPO1563,Sports & Outdoors,Yoga Mat,"gets the job done, nothing more nothing less. Might update this review later.",3,2024-11-19,No,2,gets job done nothing more nothing less might update review later,Neutral,0.0,Neutral,2024-11
REV000017,BEA1414,Beauty,Hair Dryer,"great quality and works perfectly, highly recommend. My whole family loves it.",5,2023-06-17,Yes,4,great quality works perfectly highly recommend whole family loves,Positive,0.9412,Positive,2023-06
REV002192,BOO1234,Books,Sci-Fi Trilogy,"average product, met basic expectations.",3,2024-10-28,No,0,average product met basic expectations,Neutral,0.0,Neutral,2024-10
REV002674,SPO1428,Sports & Outdoors,Hiking Backpack,"this is fantastic, exactly what I needed. My whole family loves it.",5,2023-03-28,Yes,11,fantastic exactly what needed whole family loves,Positive,0.8074,Positive,2023-03
REV003423,ELE1046,Electronics,Wireless Earbuds,arrived defective and customer support was unhelpful.,1,2023-04-27,Yes,7,arrived defective customer support unhelpful,Negative,-0.0516,Negative,2023-04
REV001912,CLO1693,Clothing,Yoga Pants,"superb product, will definitely buy again. Fast shipping too!",4,2023-06-06,No,7,superb product definitely buy again fast shipping too,Positive,0.7959,Positive,2023-06
REV000658,BOO1345,Books,Business Book,"great quality and works perfectly, highly recommend.",5,2024-05-02,Yes,2,great quality works perfectly highly recommend,Positive,0.902,Positive,2024-05
REV003257,SPO1053,Sports & Outdoors,Yoga Mat,"this is fantastic, exactly what I needed. My whole family loves it.   <br>  ",5,2024-09-09,Yes,3,fantastic exactly what needed whole family loves,Positive,0.8074,Positive,2024-09
REV002996,CLO1540,Clothing,Denim Jeans,"absolutely love this product, exceeded my expectations. Fast shipping too!",5,2023-06-09,No,1,absolutely love product exceeded expectations fast shipping too,Positive,0.6989,Positive,2023-06
REV002855,HOM1426,Home & Kitchen,Non-Stick Pan Set,"it's fine, though the packaging could be better. We'll see how it holds up.",3,2023-06-22,Yes,1,fine though packaging better ll see how holds up,Positive,0.5719,Neutral,2023-06
REV001950,ELE1603,Electronics,Smartwatch,"decent for the price, but not amazing. Still testing it out.",3,2024-01-27,Yes,0,decent price amazing still testing out,Negative,-0.6259,Neutral,2024-01
REV001296,BOO1536,Books,Mystery Novel,"not as advertised, very frustrating purchase.",1,2024-02-04,Yes,5,advertised frustrating purchase,Negative,-0.4927,Negative,2024-02
REV003297,CLO1532,Clothing,Winter Jacket,"superb product, will definitely buy again. Five stars from me.",5,2023-05-05,No,1,superb product definitely buy again five stars me,Positive,0.7783,Positive,2023-05
REV002221,ELE1111,Electronics,Bluetooth Speaker,"does not match the description, quite misleading. Wish I'd read reviews first.   <br>  ",1,2024-06-22,No,2,match description quite misleading wish read reviews first,Neutral,-0.0038,Negative,2024-06
REV001428,ELE1128,Electronics,Power Bank,"gets the job done, nothing more nothing less. Still testing it out.",3,2024-10-07,Yes,2,gets job done nothing more nothing less still testing out,Neutral,0.0,Neutral,2024-10
REV001596,CLO1351,Clothing,Winter Jacket,arrived defective and customer support was unhelpful. Would not recommend to anyone.,2,2024-06-06,Yes,1,arrived defective customer support unhelpful recommend anyone,Negative,-0.3204,Negative,2024-06
REV001590,ELE1397,Electronics,Bluetooth Speaker,"outstanding performance, worth every penny. Fast shipping too!",5,2023-03-23,Yes,3,outstanding performance worth every penny fast shipping too,Positive,0.7345,Positive,2023-03
REV002035,CLO1768,Clothing,Running Shoes,"absolutely love this product, exceeded my expectations. Fast shipping too!",5,2024-04-21,Yes,1,absolutely love product exceeded expectations fast shipping too,Positive,0.6989,Positive,2024-04
REV002183,SPO1447,Sports & Outdoors,Hiking Backpack,"worst purchase I've made this year, do not recommend. Would not recommend to anyone.",2,2024-08-15,Yes,0,worst purchase ve made year recommend recommend anyone,Negative,-0.8085,Negative,2024-08
REV003116,CLO1034,Clothing,Winter Jacket,"superb product, will definitely buy again. Would buy again.",4,2024-02-02,No,0,superb product definitely buy again buy again,Positive,0.7783,Positive,2024-02
REV000091,HOM1007,Home & Kitchen,Non-Stick Pan Set,"absolutely love this product, exceeded my expectations.",5,2024-04-21,No,1,absolutely love product exceeded expectations,Positive,0.6697,Positive,2024-04
REV000181,HOM1621,Home & Kitchen,Non-Stick Pan Set,"gets the job done, nothing more nothing less. Still testing it out.",3,2024-06-04,Yes,0,gets job done nothing more nothing less still testing out,Neutral,0.0,Neutral,2024-06
REV002282,BEA1492,Beauty,Hair Dryer,"amazing value for the price, very happy with this purchase. My whole family loves it.   <br>  ",5,2023-09-05,Yes,0,amazing value price happy purchase whole family loves,Positive,0.9312,Positive,2023-09
REV002309,HOM1573,Home & Kitchen,Blender,"works fine so far, will update if anything changes. We'll see how it holds up.",3,2024-04-25,No,0,works fine far update anything changes ll see how holds up,Positive,0.2023,Neutral,2024-04
REV001632,CLO1461,Clothing,Cotton T-Shirt,"great quality and works perfectly, highly recommend. Five stars from me.",5,2024-05-24,Yes,2,great quality works perfectly highly recommend five stars me,Positive,0.902,Positive,2024-05
REV002914,BEA1357,Beauty,Face Moisturizer,"very disappointed, stopped working after a few days. Would not recommend to anyone.",2,2024-11-09,Yes,1,disappointed stopped working after few days recommend anyone,Negative,-0.7705,Negative,2024-11
REV001293,CLO1696,Clothing,Denim Jeans,"not as advertised, very frustrating purchase. Wish I'd read reviews first.",1,2023-06-08,Yes,13,advertised frustrating purchase wish read reviews first,Negative,-0.0591,Negative,2023-06
REV001808,HOM1105,Home & Kitchen,Non-Stick Pan Set,"great quality and works perfectly, highly recommend. My whole family loves it.",5,2023-02-03,Yes,7,great quality works perfectly highly recommend whole family loves,Positive,0.9412,Positive,2023-02
REV003067,CLO1796,Clothing,Denim Jeans,"outstanding performance, worth every penny. Would buy again.",5,2023-03-15,No,12,outstanding performance worth every penny buy again,Positive,0.7096,Positive,2023-03
REV002515,BOO1848,Books,Business Book,perfect fit and great customer service too. Would buy again.,4,2024-12-16,Yes,3,perfect fit great customer service too buy again,Positive,0.8834,Positive,2024-12
REV002954,HOM1120,Home & Kitchen,Air Fryer,"it's okay, does the job but nothing special. We'll see how it holds up.",3,2023-06-09,Yes,0,okay job nothing special ll see how holds up,Negative,-0.3479,Neutral,2023-06
REV000559,BEA1745,Beauty,Sunscreen SPF50,"terrible experience, item arrived damaged. Very frustrating.",1,2023-05-26,Yes,0,terrible experience item arrived damaged frustrating,Negative,-0.8479,Negative,2023-05
REV000988,ELE1379,Electronics,Bluetooth Speaker,"great quality and works perfectly, highly recommend. Would buy again.",5,2024-06-12,Yes,0,great quality works perfectly highly recommend buy again,Positive,0.902,Positive,2024-06
REV003218,CLO1311,Clothing,Winter Jacket,works flawlessly and looks even better in person. Fast shipping too!,5,2023-09-01,No,2,works flawlessly looks even better person fast shipping too,Positive,0.6114,Positive,2023-09
REV000555,HOM1993,Home & Kitchen,Coffee Maker,"outstanding performance, worth every penny. Five stars from me.",5,2024-01-14,Yes,2,outstanding performance worth every penny five stars me,Positive,0.7096,Positive,2024-01
REV002705,BOO1590,Books,Self-Help Guide,"excellent build quality, arrived quickly and works great. Five stars from me.",5,2024-04-05,No,9,excellent build quality arrived quickly works great five stars me,Positive,0.8316,Positive,2024-04
REV000742,CLO1561,Clothing,Cotton T-Shirt,"gets the job done, nothing more nothing less.",3,2024-06-20,Yes,0,gets job done nothing more nothing less,Neutral,0.0,Neutral,2024-06
REV002609,BEA1902,Beauty,Hair Dryer,"very satisfied, the quality exceeded what I paid for. My whole family loves it.",4,2023-04-12,Yes,3,satisfied quality exceeded what paid whole family loves,Positive,0.7778,Positive,2023-04
REV002521,BEA1444,Beauty,Lip Balm Set,"great quality and works perfectly, highly recommend. Five stars from me.",4,2023-06-14,Yes,1,great quality works perfectly highly recommend five stars me,Positive,0.902,Positive,2023-06
REV002030,BEA1576,Beauty,Lip Balm Set,"very disappointed, stopped working after a few days.",1,2024-05-11,No,1,disappointed stopped working after few days,Negative,-0.6779,Negative,2024-05
REV000993,BEA1331,Beauty,Hair Dryer,"not as advertised, very frustrating purchase. Would not recommend to anyone.",2,2023-10-02,Yes,5,advertised frustrating purchase recommend anyone,Negative,-0.6489,Negative,2023-10
REV001767,SPO1493,Sports & Outdoors,Yoga Mat,"very satisfied, the quality exceeded what I paid for. My whole family loves it.",5,2023-06-19,No,5,satisfied quality exceeded what paid whole family loves,Positive,0.7778,Positive,2023-06
REV000831,HOM1475,Home & Kitchen,Blender,"very satisfied, the quality exceeded what I paid for. Would buy again.",4,2023-02-01,Yes,1,satisfied quality exceeded what paid buy again,Positive,0.4754,Positive,2023-02
REV003082,BEA1363,Beauty,Face Moisturizer,"superb product, will definitely buy again.",5,2024-02-16,Yes,0,superb product definitely buy again,Positive,0.7783,Positive,2024-02
REV001669,HOM1266,Home & Kitchen,Vacuum Cleaner,"this is fantastic, exactly what I needed.",5,2024-04-27,Yes,0,fantastic exactly what needed,Positive,0.5574,Positive,2024-04
REV003605,ELE1621,Electronics,Bluetooth Speaker,"this is fantastic, exactly what I needed. My whole family loves it.",4,2024-01-01,Yes,3,fantastic exactly what needed whole family loves,Positive,0.8074,Positive,2024-01
REV003765,HOM1960,Home & Kitchen,Non-Stick Pan Set,perfect fit and great customer service too. My whole family loves it.   <br>  ,4,2023-01-01,Yes,0,perfect fit great customer service too whole family loves,Positive,0.9325,Positive,2023-01
REV001524,HOM1841,Home & Kitchen,Coffee Maker,"this is fantastic, exactly what I needed.",5,2024-10-31,No,12,fantastic exactly what needed,Positive,0.5574,Positive,2024-10
REV002332,HOM1980,Home & Kitchen,Coffee Maker,"amazing value for the price, very happy with this purchase.",4,2023-08-17,No,2,amazing value price happy purchase,Positive,0.8805,Positive,2023-08
REV001225,CLO1376,Clothing,Yoga Pants,"reasonable quality, similar to other products in this range. We'll see how it holds up.",3,2024-10-06,Yes,1,reasonable quality similar other products range ll see how holds up,Neutral,0.0,Neutral,2024-10
REV003730,ELE1125,Electronics,Laptop Stand,"outstanding performance, worth every penny. Five stars from me.",5,2024-07-11,No,0,outstanding performance worth every penny five stars me,Positive,0.7096,Positive,2024-07
REV001857,HOM1257,Home & Kitchen,Coffee Maker,"amazing value for the price, very happy with this purchase. Five stars from me.   <br>  ",5,2023-04-14,No,0,amazing value price happy purchase five stars me,Positive,0.8805,Positive,2023-04
REV002161,ELE1541,Electronics,Wireless Earbuds,"amazing value for the price, very happy with this purchase. Fast shipping too!",4,2024-05-24,Yes,0,amazing value price happy purchase fast shipping too,Positive,0.8881,Positive,2024-05
REV003388,BEA1436,Beauty,Hair Dryer,"it's fine, though the packaging could be better. Still testing it out.",3,2023-04-23,Yes,0,fine though packaging better still testing out,Positive,0.5719,Neutral,2023-04
REV001704,SPO1670,Sports & Outdoors,Camping Tent,"absolutely love this product, exceeded my expectations. Would buy again.",5,2023-04-01,Yes,0,absolutely love product exceeded expectations buy again,Positive,0.6697,Positive,2023-04
REV003493,ELE1838,Electronics,Power Bank,"this is fantastic, exactly what I needed. Would buy again.",5,2023-06-21,Yes,9,fantastic exactly what needed buy again,Positive,0.5574,Positive,2023-06
REV001870,SPO1288,Sports & Outdoors,Yoga Mat,"average product, met basic expectations. Still testing it out.",3,2024-08-27,Yes,1,average product met basic expectations still testing out,Neutral,0.0,Neutral,2024-08
REV003031,BOO1716,Books,Mystery Novel,"superb product, will definitely buy again. Five stars from me.",5,2023-05-22,Yes,1,superb product definitely buy again five stars me,Positive,0.7783,Positive,2023-05
REV002597,SPO1485,Sports & Outdoors,Hiking Backpack,"very satisfied, the quality exceeded what I paid for. Fast shipping too!",5,2024-03-28,Yes,2,satisfied quality exceeded what paid fast shipping too,Positive,0.5244,Positive,2024-03
REV003830,SPO1192,Sports & Outdoors,Water Bottle,"broke within a week, waste of money.",2,2024-11-19,Yes,4,broke within week waste money,Negative,-0.6808,Negative,2024-11
REV003594,ELE1474,Electronics,Wireless Earbuds,works flawlessly and looks even better in person. Fast shipping too!,5,2023-02-13,Yes,0,works flawlessly looks even better person fast shipping too,Positive,0.6114,Positive,2023-02
REV002930,BOO1940,Books,Sci-Fi Trilogy,"not bad, not great, just an average item. Might update this review later.",3,2024-08-18,No,0,bad great average item might update review later,Positive,0.6754,Neutral,2024-08
REV000267,BOO1347,Books,Cookbook,perfect fit and great customer service too. Five stars from me.,5,2024-10-06,Yes,14,perfect fit great customer service too five stars me,Positive,0.8834,Positive,2024-10
REV002738,BEA1186,Beauty,Lip Balm Set,"it's okay, does the job but nothing special. Still testing it out.   <br>  ",3,2024-01-01,Yes,0,okay job nothing special still testing out,Negative,-0.3479,Neutral,2024-01
REV000720,ELE1288,Electronics,Smartwatch,"not as advertised, very frustrating purchase. Asked for a refund.",2,2024-06-01,Yes,4,advertised frustrating purchase asked refund,Negative,-0.4927,Negative,2024-06
REV003357,CLO1628,Clothing,Winter Jacket,"amazing value for the price, very happy with this purchase. Five stars from me.",5,2023-08-30,Yes,0,amazing value price happy purchase five stars me,Positive,0.8805,Positive,2023-08
REV001522,CLO1472,Clothing,Running Shoes,"worst purchase I've made this year, do not recommend.",2,2023-01-21,Yes,0,worst purchase ve made year recommend,Negative,-0.7359,Negative,2023-01
REV003794,HOM1436,Home & Kitchen,Coffee Maker,"works fine so far, will update if anything changes.",3,2023-06-20,Yes,2,works fine far update anything changes,Positive,0.2023,Neutral,2023-06
REV000526,SPO1280,Sports & Outdoors,Yoga Mat,works flawlessly and looks even better in person. Fast shipping too!,4,2023-01-16,Yes,0,works flawlessly looks even better person fast shipping too,Positive,0.6114,Positive,2023-01
REV000670,SPO1490,Sports & Outdoors,Hiking Backpack,"outstanding performance, worth every penny. Five stars from me.",5,2023-06-24,Yes,0,outstanding performance worth every penny five stars me,Positive,0.7096,Positive,2023-06
REV002988,BOO1266,Books,Business Book,works flawlessly and looks even better in person. My whole family loves it.,5,2023-01-21,No,3,works flawlessly looks even better person whole family loves,Positive,0.8126,Positive,2023-01
REV001463,BEA1514,Beauty,Lip Balm Set,"not as advertised, very frustrating purchase.",1,2024-08-20,Yes,5,advertised frustrating purchase,Negative,-0.4927,Negative,2024-08
REV003614,CLO1276,Clothing,Cotton T-Shirt,"worst purchase I've made this year, do not recommend. Very frustrating.",2,2023-02-26,No,4,worst purchase ve made year recommend frustrating,Negative,-0.5555,Negative,2023-02
REV002327,ELE1952,Electronics,Bluetooth Speaker,"very disappointed, stopped working after a few days. Would not recommend to anyone.",1,2023-04-30,No,9,disappointed stopped working after few days recommend anyone,Negative,-0.7705,Negative,2023-04
REV003006,SPO1391,Sports & Outdoors,Camping Tent,"reasonable quality, similar to other products in this range. Still testing it out.",3,2023-11-01,Yes,2,reasonable quality similar other products range still testing out,Neutral,0.0,Neutral,2023-11
REV002187,SPO1928,Sports & Outdoors,Water Bottle,"this is fantastic, exactly what I needed. My whole family loves it.   <br>  ",5,2024-11-29,Yes,2,fantastic exactly what needed whole family loves,Positive,0.8074,Positive,2024-11
REV003814,HOM1134,Home & Kitchen,Non-Stick Pan Set,"great quality and works perfectly, highly recommend. Would buy again.",5,2024-10-08,Yes,2,great quality works perfectly highly recommend buy again,Positive,0.902,Positive,2024-10
REV002359,BOO1531,Books,Business Book,"outstanding performance, worth every penny. My whole family loves it.",4,2023-06-24,Yes,0,outstanding performance worth every penny whole family loves,Positive,0.8625,Positive,2023-06
REV003020,HOM1786,Home & Kitchen,Air Fryer,"poor quality, not worth the money at all.",1,2023-04-28,Yes,3,poor quality worth money all,Negative,-0.5812,Negative,2023-04
REV000054,CLO1386,Clothing,Cotton T-Shirt,"very satisfied, the quality exceeded what I paid for. Five stars from me.",5,2023-05-23,No,0,satisfied quality exceeded what paid five stars me,Positive,0.4754,Positive,2023-05
REV002280,BOO1314,Books,Mystery Novel,"very satisfied, the quality exceeded what I paid for.",4,2024-08-05,Yes,2,satisfied quality exceeded what paid,Positive,0.4754,Positive,2024-08
REV001429,BOO1516,Books,Sci-Fi Trilogy,"poor quality, not worth the money at all. Would not recommend to anyone.",1,2023-01-07,Yes,4,poor quality worth money all recommend anyone,Negative,-0.7074,Negative,2023-01
REV000049,SPO1908,Sports & Outdoors,Water Bottle,works flawlessly and looks even better in person. My whole family loves it.,5,2024-06-02,Yes,8,works flawlessly looks even better person whole family loves,Positive,0.8126,Positive,2024-06
REV002123,CLO1759,Clothing,Yoga Pants,"great quality and works perfectly, highly recommend. My whole family loves it.",4,2024-08-10,Yes,0,great quality works perfectly highly recommend whole family loves,Positive,0.9412,Positive,2024-08
REV002697,CLO1376,Clothing,Denim Jeans,perfect fit and great customer service too. Fast shipping too!,5,2023-09-29,No,1,perfect fit great customer service too fast shipping too,Positive,0.8908,Positive,2023-09
REV001483,CLO1511,Clothing,Cotton T-Shirt,"very disappointed, stopped working after a few days.",2,2024-01-31,Yes,2,disappointed stopped working after few days,Negative,-0.6779,Negative,2024-01
REV003952,HOM1549,Home & Kitchen,Blender,"not bad, not great, just an average item. Might update this review later.",3,2024-08-05,Yes,0,bad great average item might update review later,Positive,0.6754,Neutral,2024-08
REV001748,SPO1800,Sports & Outdoors,Water Bottle,"it's okay, does the job but nothing special. We'll see how it holds up.",3,2023-03-31,Yes,0,okay job nothing special ll see how holds up,Negative,-0.3479,Neutral,2023-03
REV003248,CLO1969,Clothing,Denim Jeans,arrived defective and customer support was unhelpful. Very frustrating.,1,2023-07-26,Yes,1,arrived defective customer support unhelpful frustrating,Negative,-0.5256,Negative,2023-07
REV003137,BEA1466,Beauty,Face Moisturizer,"broke within a week, waste of money.",1,2023-10-30,Yes,2,broke within week waste money,Negative,-0.6808,Negative,2023-10
REV003584,BOO1487,Books,Self-Help Guide,"this is fantastic, exactly what I needed. Fast shipping too!",5,2023-06-03,Yes,1,fantastic exactly what needed fast shipping too,Positive,0.5983,Positive,2023-06
REV002102,HOM1663,Home & Kitchen,Blender,"terrible experience, item arrived damaged. Asked for a refund.",2,2023-04-25,Yes,3,terrible experience item arrived damaged asked refund,Negative,-0.7184,Negative,2023-04
REV002837,ELE1885,Electronics,Laptop Stand,"excellent build quality, arrived quickly and works great. Fast shipping too!",5,2023-12-07,Yes,0,excellent build quality arrived quickly works great fast shipping too,Positive,0.8439,Positive,2023-12
REV003145,ELE1819,Electronics,Bluetooth Speaker,works flawlessly and looks even better in person. Would buy again.,5,2023-11-05,Yes,5,works flawlessly looks even better person buy again,Positive,0.5719,Positive,2023-11
REV001193,BEA1475,Beauty,Sunscreen SPF50,"it's okay, does the job but nothing special. Still testing it out.",3,2023-03-19,Yes,0,okay job nothing special still testing out,Negative,-0.3479,Neutral,2023-03
REV003681,CLO1062,Clothing,Winter Jacket,cheaply made and feels flimsy. Very frustrating.,1,2024-05-29,No,2,cheaply made feels flimsy frustrating,Negative,-0.4927,Negative,2024-05
REV002065,ELE1390,Electronics,Power Bank,acceptable quality for casual use. Still testing it out.,3,2024-05-13,Yes,0,acceptable quality casual use still testing out,Positive,0.4767,Neutral,2024-05
REV003967,CLO1219,Clothing,Winter Jacket,"gets the job done, nothing more nothing less. We'll see how it holds up.",3,2024-07-25,Yes,0,gets job done nothing more nothing less ll see how holds up,Neutral,0.0,Neutral,2024-07
REV002652,BEA1667,Beauty,Lip Balm Set,"does what it says, no major complaints.",3,2024-07-26,Yes,0,what says major complaints,Positive,0.0903,Neutral,2024-07
REV000291,SPO1900,Sports & Outdoors,Yoga Mat,"superb product, will definitely buy again. Fast shipping too!",5,2023-10-21,Yes,0,superb product definitely buy again fast shipping too,Positive,0.7959,Positive,2023-10
REV000941,BOO1696,Books,Cookbook,"amazing value for the price, very happy with this purchase. Five stars from me.",5,2023-04-04,No,3,amazing value price happy purchase five stars me,Positive,0.8805,Positive,2023-04
REV002571,BOO1349,Books,Mystery Novel,"not bad, not great, just an average item. We'll see how it holds up.",3,2024-11-05,Yes,2,bad great average item ll see how holds up,Positive,0.6754,Neutral,2024-11
REV001905,ELE1913,Electronics,Smartwatch,"absolutely love this product, exceeded my expectations. Five stars from me.",5,2024-08-02,Yes,4,absolutely love product exceeded expectations five stars me,Positive,0.6697,Positive,2024-08
REV003884,BEA1978,Beauty,Face Moisturizer,"terrible experience, item arrived damaged.",1,2023-07-19,No,5,terrible experience item arrived damaged,Negative,-0.7184,Negative,2023-07
REV003509,BEA1540,Beauty,Face Moisturizer,"average product, met basic expectations. Still testing it out.",3,2024-03-21,Yes,1,average product met basic expectations still testing out,Neutral,0.0,Neutral,2024-03
REV001829,BOO1265,Books,Business Book,"not bad, not great, just an average item. We'll see how it holds up.",3,2023-05-12,Yes,0,bad great average item ll see how holds up,Positive,0.6754,Neutral,2023-05
REV002724,ELE1627,Electronics,Wireless Earbuds,"reasonable quality, similar to other products in this range. Might update this review later.   <br>  ",3,2024-05-17,Yes,0,reasonable quality similar other products range might update review later,Neutral,0.0,Neutral,2024-05
REV001276,CLO1704,Clothing,Running Shoes,"regret buying this, quality is really bad. Asked for a refund.   <br>  ",1,2024-05-11,Yes,0,regret buying quality bad asked refund,Negative,-0.7645,Negative,2024-05
REV000739,BEA1707,Beauty,Sunscreen SPF50,"excellent build quality, arrived quickly and works great. Fast shipping too!",4,2024-07-18,Yes,1,excellent build quality arrived quickly works great fast shipping too,Positive,0.8439,Positive,2024-07
REV001270,CLO1304,Clothing,Winter Jacket,"reasonable quality, similar to other products in this range.",3,2023-03-25,Yes,0,reasonable quality similar other products range,Neutral,0.0,Neutral,2023-03
REV003460,BEA1306,Beauty,Sunscreen SPF50,"excellent build quality, arrived quickly and works great. Five stars from me.   <br>  ",4,2024-01-03,Yes,10,excellent build quality arrived quickly works great five stars me,Positive,0.8316,Positive,2024-01
REV002386,BEA1559,Beauty,Sunscreen SPF50,"this is fantastic, exactly what I needed.",5,2024-06-27,Yes,2,fantastic exactly what needed,Positive,0.5574,Positive,2024-06
REV000992,CLO1848,Clothing,Yoga Pants,"decent for the price, but not amazing. Still testing it out.",3,2024-09-08,Yes,2,decent price amazing still testing out,Negative,-0.6259,Neutral,2024-09
REV000003,ELE1009,Electronics,Power Bank,"average product, met basic expectations. Still testing it out.",3,2023-08-16,No,0,average product met basic expectations still testing out,Neutral,0.0,Neutral,2023-08
REV002522,BEA1529,Beauty,Shampoo,"average product, met basic expectations. Might update this review later.",3,2023-06-21,No,0,average product met basic expectations might update review later,Neutral,0.0,Neutral,2023-06
REV001177,BEA1582,Beauty,Lip Balm Set,"great quality and works perfectly, highly recommend. Fast shipping too!",5,2023-11-27,Yes,4,great quality works perfectly highly recommend fast shipping too,Positive,0.9078,Positive,2023-11
REV001318,BEA1449,Beauty,Face Moisturizer,"decent for the price, but not amazing. We'll see how it holds up.   <br>  ",3,2023-06-07,Yes,0,decent price amazing ll see how holds up,Negative,-0.6259,Neutral,2023-06
REV003203,BOO1232,Books,Self-Help Guide,"it's fine, though the packaging could be better. Still testing it out.",3,2024-03-01,No,0,fine though packaging better still testing out,Positive,0.5719,Neutral,2024-03
REV000048,BEA1878,Beauty,Face Moisturizer,"amazing value for the price, very happy with this purchase. Five stars from me.   <br>  ",5,2023-03-12,No,0,amazing value price happy purchase five stars me,Positive,0.8805,Positive,2023-03
REV000606,HOM1204,Home & Kitchen,Air Fryer,"excellent build quality, arrived quickly and works great. Would buy again.",4,2024-04-10,Yes,0,excellent build quality arrived quickly works great buy again,Positive,0.8316,Positive,2024-04
REV002205,SPO1161,Sports & Outdoors,Hiking Backpack,works flawlessly and looks even better in person. Fast shipping too!,5,2024-08-05,No,3,works flawlessly looks even better person fast shipping too,Positive,0.6114,Positive,2024-08
REV001919,SPO1744,Sports & Outdoors,Hiking Backpack,"very satisfied, the quality exceeded what I paid for. My whole family loves it.",5,2024-01-01,Yes,2,satisfied quality exceeded what paid whole family loves,Positive,0.7778,Positive,2024-01
REV003712,SPO1317,Sports & Outdoors,Resistance Bands,"it's okay, does the job but nothing special. Might update this review later.",3,2024-10-10,Yes,0,okay job nothing special might update review later,Negative,-0.3479,Neutral,2024-10
REV003592,ELE1269,Electronics,Bluetooth Speaker,"great quality and works perfectly, highly recommend. Five stars from me.",4,2023-12-18,Yes,4,great quality works perfectly highly recommend five stars me,Positive,0.902,Positive,2023-12
REV000673,ELE1926,Electronics,Wireless Earbuds,"very satisfied, the quality exceeded what I paid for. Five stars from me.",5,2024-04-09,Yes,0,satisfied quality exceeded what paid five stars me,Positive,0.4754,Positive,2024-04
REV000488,HOM1089,Home & Kitchen,Coffee Maker,works flawlessly and looks even better in person.,5,2024-08-20,No,1,works flawlessly looks even better person,Positive,0.5719,Positive,2024-08
REV000830,CLO1389,Clothing,Denim Jeans,"average product, met basic expectations. Still testing it out.",3,2023-10-20,Yes,1,average product met basic expectations still testing out,Neutral,0.0,Neutral,2023-10
REV002007,ELE1645,Electronics,Smartwatch,works flawlessly and looks even better in person. My whole family loves it.,5,2023-10-08,Yes,4,works flawlessly looks even better person whole family loves,Positive,0.8126,Positive,2023-10
REV000300,CLO1626,Clothing,Winter Jacket,"works fine so far, will update if anything changes. We'll see how it holds up.",3,2024-01-29,Yes,0,works fine far update anything changes ll see how holds up,Positive,0.2023,Neutral,2024-01
REV002547,BEA1130,Beauty,Face Moisturizer,"does not match the description, quite misleading. Asked for a refund.",2,2023-12-02,Yes,6,match description quite misleading asked refund,Negative,-0.4576,Negative,2023-12
REV003697,HOM1273,Home & Kitchen,Air Fryer,"great quality and works perfectly, highly recommend. Fast shipping too!",5,2024-01-21,No,3,great quality works perfectly highly recommend fast shipping too,Positive,0.9078,Positive,2024-01
REV001993,HOM1979,Home & Kitchen,Blender,"excellent build quality, arrived quickly and works great. My whole family loves it.",4,2023-09-23,Yes,3,excellent build quality arrived quickly works great whole family loves,Positive,0.91,Positive,2023-09
REV000940,SPO1690,Sports & Outdoors,Yoga Mat,"regret buying this, quality is really bad. Very frustrating.",1,2023-07-07,Yes,5,regret buying quality bad frustrating,Negative,-0.8764,Negative,2023-07
REV001934,ELE1321,Electronics,Laptop Stand,works flawlessly and looks even better in person. Five stars from me.,5,2023-04-01,Yes,4,works flawlessly looks even better person five stars me,Positive,0.5719,Positive,2023-04
REV003627,ELE1670,Electronics,Wireless Earbuds,"average product, met basic expectations.   <br>  ",3,2023-03-28,Yes,0,average product met basic expectations,Neutral,0.0,Neutral,2023-03
REV000428,BOO1328,Books,Business Book,"great quality and works perfectly, highly recommend.",4,2023-04-06,Yes,1,great quality works perfectly highly recommend,Positive,0.902,Positive,2023-04
REV002136,ELE1050,Electronics,Smartwatch,"not bad, not great, just an average item. Might update this review later.",3,2023-08-03,Yes,0,bad great average item might update review later,Positive,0.6754,Neutral,2023-08
REV002659,SPO1600,Sports & Outdoors,Yoga Mat,cheaply made and feels flimsy. Wish I'd read reviews first.,2,2024-09-29,Yes,3,cheaply made feels flimsy wish read reviews first,Positive,0.4019,Negative,2024-09
REV002858,SPO1717,Sports & Outdoors,Water Bottle,works flawlessly and looks even better in person. Fast shipping too!,4,2024-08-09,Yes,4,works flawlessly looks even better person fast shipping too,Positive,0.6114,Positive,2024-08
REV003933,BEA1878,Beauty,Sunscreen SPF50,"this is fantastic, exactly what I needed.",5,2024-08-29,Yes,3,fantastic exactly what needed,Positive,0.5574,Positive,2024-08
REV003618,ELE1684,Electronics,Power Bank,cheaply made and feels flimsy. Very frustrating.,2,2024-01-18,Yes,2,cheaply made feels flimsy frustrating,Negative,-0.4927,Negative,2024-01
REV002924,CLO1420,Clothing,Yoga Pants,"reasonable quality, similar to other products in this range.",3,2024-12-08,Yes,0,reasonable quality similar other products range,Neutral,0.0,Neutral,2024-12
REV000107,CLO1696,Clothing,Yoga Pants,"excellent build quality, arrived quickly and works great. Would buy again.",5,2024-01-24,Yes,4,excellent build quality arrived quickly works great buy again,Positive,0.8316,Positive,2024-01
REV000607,SPO1080,Sports & Outdoors,Hiking Backpack,"this is fantastic, exactly what I needed. My whole family loves it.   <br>  ",4,2023-12-05,No,2,fantastic exactly what needed whole family loves,Positive,0.8074,Positive,2023-12
REV002271,SPO1573,Sports & Outdoors,Yoga Mat,"amazing value for the price, very happy with this purchase. My whole family loves it.",5,2023-12-17,Yes,5,amazing value price happy purchase whole family loves,Positive,0.9312,Positive,2023-12
REV001028,SPO1362,Sports & Outdoors,Yoga Mat,"it's okay, does the job but nothing special. Might update this review later.",3,2024-07-29,Yes,2,okay job nothing special might update review later,Negative,-0.3479,Neutral,2024-07
REV000862,SPO1820,Sports & Outdoors,Camping Tent,"worst purchase I've made this year, do not recommend. Asked for a refund.",2,2023-10-11,Yes,6,worst purchase ve made year recommend asked refund,Negative,-0.7359,Negative,2023-10
REV001302,SPO1080,Sports & Outdoors,Yoga Mat,"this is fantastic, exactly what I needed. My whole family loves it.",5,2024-11-12,Yes,6,fantastic exactly what needed whole family loves,Positive,0.8074,Positive,2024-11
REV000079,BEA1712,Beauty,Lip Balm Set,arrived defective and customer support was unhelpful. Very frustrating.,2,2023-08-09,Yes,5,arrived defective customer support unhelpful frustrating,Negative,-0.5256,Negative,2023-08
REV000032,ELE1573,Electronics,Bluetooth Speaker,"very satisfied, the quality exceeded what I paid for. Fast shipping too!",5,2024-11-28,Yes,12,satisfied quality exceeded what paid fast shipping too,Positive,0.5244,Positive,2024-11
REV003348,SPO1567,Sports & Outdoors,Resistance Bands,"decent for the price, but not amazing. Still testing it out.",3,2023-09-15,Yes,0,decent price amazing still testing out,Negative,-0.6259,Neutral,2023-09
REV003498,HOM1666,Home & Kitchen,Vacuum Cleaner,perfect fit and great customer service too. Would buy again.   <br>  ,5,2024-10-29,No,0,perfect fit great customer service too buy again,Positive,0.8834,Positive,2024-10
REV002434,CLO1332,Clothing,Cotton T-Shirt,"gets the job done, nothing more nothing less.",3,2023-01-28,Yes,1,gets job done nothing more nothing less,Neutral,0.0,Neutral,2023-01
REV003638,CLO1200,Clothing,Running Shoes,"absolutely love this product, exceeded my expectations. Would buy again.",5,2024-01-14,Yes,2,absolutely love product exceeded expectations buy again,Positive,0.6697,Positive,2024-01
REV003548,HOM1980,Home & Kitchen,Vacuum Cleaner,"worst purchase I've made this year, do not recommend. Very frustrating.",2,2023-07-12,Yes,1,worst purchase ve made year recommend frustrating,Negative,-0.5555,Negative,2023-07
REV002438,BEA1609,Beauty,Lip Balm Set,"broke within a week, waste of money.",2,2023-10-02,Yes,2,broke within week waste money,Negative,-0.6808,Negative,2023-10
REV001047,BEA1187,Beauty,Hair Dryer,"great quality and works perfectly, highly recommend.",5,2024-12-22,Yes,1,great quality works perfectly highly recommend,Positive,0.902,Positive,2024-12
REV001735,SPO1558,Sports & Outdoors,Hiking Backpack,"works fine so far, will update if anything changes. Still testing it out.",3,2024-02-02,Yes,0,works fine far update anything changes still testing out,Positive,0.2023,Neutral,2024-02
REV000390,CLO1432,Clothing,Winter Jacket,"does what it says, no major complaints. Still testing it out.",3,2023-10-05,Yes,4,what says major complaints still testing out,Positive,0.0903,Neutral,2023-10
REV003564,SPO1991,Sports & Outdoors,Camping Tent,"does not match the description, quite misleading. Asked for a refund.",2,2023-01-09,Yes,3,match description quite misleading asked refund,Negative,-0.4576,Negative,2023-01
REV000045,BOO1607,Books,Business Book,cheaply made and feels flimsy.,2,2023-05-23,No,0,cheaply made feels flimsy,Neutral,0.0,Negative,2023-05
REV000723,SPO1012,Sports & Outdoors,Water Bottle,"excellent build quality, arrived quickly and works great. My whole family loves it.",4,2024-09-08,No,2,excellent build quality arrived quickly works great whole family loves,Positive,0.91,Positive,2024-09
REV002842,SPO1557,Sports & Outdoors,Hiking Backpack,"does what it says, no major complaints.",3,2023-10-10,Yes,1,what says major complaints,Positive,0.0903,Neutral,2023-10
REV001142,ELE1392,Electronics,Wireless Earbuds,"does not match the description, quite misleading. Very frustrating.",1,2023-01-19,Yes,5,match description quite misleading frustrating,Negative,-0.7543,Negative,2023-01
REV002683,SPO1191,Sports & Outdoors,Resistance Bands,"does what it says, no major complaints.",3,2023-01-14,Yes,0,what says major complaints,Positive,0.0903,Neutral,2023-01
REV002719,ELE1983,Electronics,Smartwatch,"absolutely love this product, exceeded my expectations. My whole family loves it.",4,2024-08-26,No,7,absolutely love product exceeded expectations whole family loves,Positive,0.8479,Positive,2024-08
REV002216,ELE1751,Electronics,Wireless Earbuds,"absolutely love this product, exceeded my expectations. Would buy again.   <br>  ",5,2023-03-14,Yes,0,absolutely love product exceeded expectations buy again,Positive,0.6697,Positive,2023-03
REV000708,CLO1467,Clothing,Running Shoes,"decent for the price, but not amazing.",3,2023-12-20,Yes,0,decent price amazing,Negative,-0.6259,Neutral,2023-12
REV000811,HOM1901,Home & Kitchen,Coffee Maker,perfect fit and great customer service too. Would buy again.,4,2024-08-15,No,3,perfect fit great customer service too buy again,Positive,0.8834,Positive,2024-08
REV003536,HOM1872,Home & Kitchen,Blender,works flawlessly and looks even better in person. Fast shipping too!,5,2024-11-03,Yes,0,works flawlessly looks even better person fast shipping too,Positive,0.6114,Positive,2024-11
REV002358,BOO1883,Books,Sci-Fi Trilogy,"works fine so far, will update if anything changes.",3,2023-04-09,Yes,0,works fine far update anything changes,Positive,0.2023,Neutral,2023-04
REV000147,CLO1443,Clothing,Yoga Pants,"reasonable quality, similar to other products in this range.   <br>  ",3,2024-04-17,Yes,2,reasonable quality similar other products range,Neutral,0.0,Neutral,2024-04
REV003653,CLO1271,Clothing,Cotton T-Shirt,"worst purchase I've made this year, do not recommend. Wish I'd read reviews first.",2,2024-06-29,No,0,worst purchase ve made year recommend wish read reviews first,Negative,-0.816,Negative,2024-06
REV001627,HOM1494,Home & Kitchen,Coffee Maker,"absolutely love this product, exceeded my expectations. Five stars from me.",5,2024-05-21,Yes,5,absolutely love product exceeded expectations five stars me,Positive,0.6697,Positive,2024-05
REV002836,CLO1455,Clothing,Winter Jacket,"it's fine, though the packaging could be better. We'll see how it holds up.",3,2023-05-05,Yes,2,fine though packaging better ll see how holds up,Positive,0.5719,Neutral,2023-05
REV002885,HOM1511,Home & Kitchen,Coffee Maker,works flawlessly and looks even better in person. Five stars from me.,5,2024-01-21,Yes,0,works flawlessly looks even better person five stars me,Positive,0.5719,Positive,2024-01
REV002809,BOO1986,Books,Self-Help Guide,perfect fit and great customer service too.,5,2023-02-02,Yes,0,perfect fit great customer service too,Positive,0.8834,Positive,2023-02
REV003921,ELE1112,Electronics,Laptop Stand,perfect fit and great customer service too. Five stars from me.,5,2023-09-16,Yes,0,perfect fit great customer service too five stars me,Positive,0.8834,Positive,2023-09
REV002330,BEA1277,Beauty,Shampoo,"decent for the price, but not amazing.",3,2024-10-25,Yes,0,decent price amazing,Negative,-0.6259,Neutral,2024-10
REV001066,BEA1120,Beauty,Hair Dryer,"great quality and works perfectly, highly recommend. Fast shipping too!",5,2023-10-18,Yes,1,great quality works perfectly highly recommend fast shipping too,Positive,0.9078,Positive,2023-10
REV002316,BEA1690,Beauty,Hair Dryer,"absolutely love this product, exceeded my expectations. Five stars from me.",5,2024-04-25,No,14,absolutely love product exceeded expectations five stars me,Positive,0.6697,Positive,2024-04
REV002431,SPO1718,Sports & Outdoors,Yoga Mat,"very satisfied, the quality exceeded what I paid for. Five stars from me.",4,2024-11-23,Yes,2,satisfied quality exceeded what paid five stars me,Positive,0.4754,Positive,2024-11
REV002794,HOM1175,Home & Kitchen,Coffee Maker,"reasonable quality, similar to other products in this range.",3,2023-01-24,Yes,1,reasonable quality similar other products range,Neutral,0.0,Neutral,2023-01
REV003533,HOM1679,Home & Kitchen,Vacuum Cleaner,"absolutely love this product, exceeded my expectations. Fast shipping too!",5,2024-10-22,Yes,6,absolutely love product exceeded expectations fast shipping too,Positive,0.6989,Positive,2024-10
REV000851,ELE1880,Electronics,Bluetooth Speaker,perfect fit and great customer service too. My whole family loves it.,5,2024-08-02,Yes,1,perfect fit great customer service too whole family loves,Positive,0.9325,Positive,2024-08
REV001297,BOO1304,Books,Mystery Novel,"terrible experience, item arrived damaged. Would not recommend to anyone.",1,2024-07-08,Yes,5,terrible experience item arrived damaged recommend anyone,Negative,-0.797,Negative,2024-07
REV003822,BEA1753,Beauty,Lip Balm Set,"very satisfied, the quality exceeded what I paid for. My whole family loves it.",4,2024-08-15,Yes,0,satisfied quality exceeded what paid whole family loves,Positive,0.7778,Positive,2024-08
REV002649,ELE1998,Electronics,Wireless Earbuds,"superb product, will definitely buy again. Five stars from me.",4,2024-09-28,Yes,0,superb product definitely buy again five stars me,Positive,0.7783,Positive,2024-09
REV002510,BEA1591,Beauty,Sunscreen SPF50,perfect fit and great customer service too. Fast shipping too!,5,2023-10-03,Yes,0,perfect fit great customer service too fast shipping too,Positive,0.8908,Positive,2023-10
REV002773,BOO1719,Books,Sci-Fi Trilogy,"outstanding performance, worth every penny.",4,2024-03-04,Yes,7,outstanding performance worth every penny,Positive,0.7096,Positive,2024-03
REV000466,BOO1027,Books,Mystery Novel,perfect fit and great customer service too. Five stars from me.,4,2023-09-28,Yes,0,perfect fit great customer service too five stars me,Positive,0.8834,Positive,2023-09
REV002240,BOO1962,Books,Mystery Novel,perfect fit and great customer service too. My whole family loves it.,5,2024-08-17,No,1,perfect fit great customer service too whole family loves,Positive,0.9325,Positive,2024-08
REV001732,BEA1241,Beauty,Shampoo,"superb product, will definitely buy again. Five stars from me.",5,2024-01-02,Yes,4,superb product definitely buy again five stars me,Positive,0.7783,Positive,2024-01
REV000258,ELE1830,Electronics,Bluetooth Speaker,"it's okay, does the job but nothing special. We'll see how it holds up.",3,2024-02-26,Yes,2,okay job nothing special ll see how holds up,Negative,-0.3479,Neutral,2024-02
REV002169,BOO1867,Books,Sci-Fi Trilogy,"very satisfied, the quality exceeded what I paid for. My whole family loves it.",4,2023-04-12,No,0,satisfied quality exceeded what paid whole family loves,Positive,0.7778,Positive,2023-04
REV002823,BOO1318,Books,Cookbook,arrived defective and customer support was unhelpful. Very frustrating.,1,2023-02-01,No,0,arrived defective customer support unhelpful frustrating,Negative,-0.5256,Negative,2023-02
REV001067,HOM1374,Home & Kitchen,Blender,"decent for the price, but not amazing. We'll see how it holds up.",3,2024-05-06,Yes,0,decent price amazing ll see how holds up,Negative,-0.6259,Neutral,2024-05
REV000528,CLO1582,Clothing,Winter Jacket,"works fine so far, will update if anything changes. Might update this review later.",3,2023-08-13,No,0,works fine far update anything changes might update review later,Positive,0.2023,Neutral,2023-08
REV002611,BEA1178,Beauty,Face Moisturizer,cheaply made and feels flimsy. Very frustrating.,2,2023-05-17,No,4,cheaply made feels flimsy frustrating,Negative,-0.4927,Negative,2023-05
REV002801,SPO1157,Sports & Outdoors,Hiking Backpack,"worst purchase I've made this year, do not recommend. Would not recommend to anyone.",1,2023-06-23,No,3,worst purchase ve made year recommend recommend anyone,Negative,-0.8085,Negative,2023-06
REV001321,BEA1244,Beauty,Face Moisturizer,perfect fit and great customer service too. My whole family loves it.,5,2023-11-28,Yes,4,perfect fit great customer service too whole family loves,Positive,0.9325,Positive,2023-11
REV001595,HOM1418,Home & Kitchen,Vacuum Cleaner,works flawlessly and looks even better in person. My whole family loves it.,4,2023-06-01,Yes,6,works flawlessly looks even better person whole family loves,Positive,0.8126,Positive,2023-06
REV001706,HOM1568,Home & Kitchen,Blender,"very satisfied, the quality exceeded what I paid for. Five stars from me.",5,2023-09-24,Yes,0,satisfied quality exceeded what paid five stars me,Positive,0.4754,Positive,2023-09
REV002014,HOM1659,Home & Kitchen,Coffee Maker,"great quality and works perfectly, highly recommend. Would buy again.",4,2024-04-21,No,2,great quality works perfectly highly recommend buy again,Positive,0.902,Positive,2024-04
REV003885,HOM1366,Home & Kitchen,Vacuum Cleaner,"does not match the description, quite misleading. Very frustrating.",1,2024-10-05,Yes,1,match description quite misleading frustrating,Negative,-0.7543,Negative,2024-10
REV002168,CLO1017,Clothing,Cotton T-Shirt,"poor quality, not worth the money at all. Very frustrating.",1,2023-09-12,Yes,6,poor quality worth money all frustrating,Negative,-0.7881,Negative,2023-09
REV001420,BOO1767,Books,Self-Help Guide,"this is fantastic, exactly what I needed. My whole family loves it.",5,2024-12-22,Yes,1,fantastic exactly what needed whole family loves,Positive,0.8074,Positive,2024-12
REV001646,HOM1533,Home & Kitchen,Blender,"decent for the price, but not amazing. Still testing it out.",3,2023-07-17,Yes,0,decent price amazing still testing out,Negative,-0.6259,Neutral,2023-07
REV000318,HOM1727,Home & Kitchen,Coffee Maker,"it's fine, though the packaging could be better.",3,2024-01-23,Yes,0,fine though packaging better,Positive,0.5719,Neutral,2024-01
REV001914,HOM1765,Home & Kitchen,Air Fryer,"superb product, will definitely buy again.",5,2024-12-29,No,1,superb product definitely buy again,Positive,0.7783,Positive,2024-12
REV003188,CLO1555,Clothing,Denim Jeans,"poor quality, not worth the money at all. Would not recommend to anyone.",2,2023-06-07,Yes,2,poor quality worth money all recommend anyone,Negative,-0.7074,Negative,2023-06
REV000756,BEA1812,Beauty,Lip Balm Set,"this is fantastic, exactly what I needed. My whole family loves it.",5,2024-12-10,Yes,0,fantastic exactly what needed whole family loves,Positive,0.8074,Positive,2024-12
REV000703,ELE1861,Electronics,Power Bank,"very satisfied, the quality exceeded what I paid for. Would buy again.",5,2024-03-24,No,2,satisfied quality exceeded what paid buy again,Positive,0.4754,Positive,2024-03
REV000719,HOM1600,Home & Kitchen,Coffee Maker,"excellent build quality, arrived quickly and works great.",5,2023-05-10,Yes,1,excellent build quality arrived quickly works great,Positive,0.8316,Positive,2023-05
REV001264,CLO1282,Clothing,Yoga Pants,"worst purchase I've made this year, do not recommend. Wish I'd read reviews first.",2,2024-11-19,Yes,1,worst purchase ve made year recommend wish read reviews first,Negative,-0.816,Negative,2024-11
REV002269,HOM1443,Home & Kitchen,Blender,perfect fit and great customer service too. Fast shipping too!,4,2024-08-28,Yes,1,perfect fit great customer service too fast shipping too,Positive,0.8908,Positive,2024-08
REV000019,SPO1443,Sports & Outdoors,Yoga Mat,"absolutely love this product, exceeded my expectations.",5,2024-05-23,Yes,5,absolutely love product exceeded expectations,Positive,0.6697,Positive,2024-05
REV003282,BEA1871,Beauty,Face Moisturizer,"not bad, not great, just an average item.",3,2023-09-23,Yes,0,bad great average item,Positive,0.6754,Neutral,2023-09
REV002561,CLO1264,Clothing,Cotton T-Shirt,"not as advertised, very frustrating purchase. Wish I'd read reviews first.",2,2024-03-28,No,2,advertised frustrating purchase wish read reviews first,Negative,-0.0591,Negative,2024-03
REV002569,SPO1786,Sports & Outdoors,Yoga Mat,works flawlessly and looks even better in person. My whole family loves it.,4,2024-02-16,Yes,4,works flawlessly looks even better person whole family loves,Positive,0.8126,Positive,2024-02
REV002803,CLO1532,Clothing,Denim Jeans,"does not match the description, quite misleading. Very frustrating.",2,2023-08-14,Yes,0,match description quite misleading frustrating,Negative,-0.7543,Negative,2023-08
REV002583,HOM1737,Home & Kitchen,Coffee Maker,"does what it says, no major complaints. We'll see how it holds up.",3,2023-04-23,Yes,1,what says major complaints ll see how holds up,Positive,0.0903,Neutral,2023-04
REV002293,SPO1107,Sports & Outdoors,Resistance Bands,"terrible experience, item arrived damaged. Wish I'd read reviews first.",1,2023-10-02,Yes,0,terrible experience item arrived damaged wish read reviews first,Negative,-0.5106,Negative,2023-10
REV003558,CLO1919,Clothing,Running Shoes,"outstanding performance, worth every penny. Five stars from me.",5,2023-08-22,Yes,1,outstanding performance worth every penny five stars me,Positive,0.7096,Positive,2023-08
REV001420,BOO1767,Books,Self-Help Guide,"this is fantastic, exactly what I needed. My whole family loves it.",5,2024-12-22,Yes,1,fantastic exactly what needed whole family loves,Positive,0.8074,Positive,2024-12
REV002921,CLO1467,Clothing,Running Shoes,works flawlessly and looks even better in person.,5,2023-09-22,Yes,5,works flawlessly looks even better person,Positive,0.5719,Positive,2023-09
REV002726,BEA1860,Beauty,Shampoo,"worst purchase I've made this year, do not recommend. Would not recommend to anyone.",1,2023-07-19,Yes,3,worst purchase ve made year recommend recommend anyone,Negative,-0.8085,Negative,2023-07
REV000972,SPO1872,Sports & Outdoors,Resistance Bands,acceptable quality for casual use. Might update this review later.,3,2024-09-30,No,0,acceptable quality casual use might update review later,Positive,0.4767,Neutral,2024-09
REV003105,BEA1402,Beauty,Shampoo,"terrible experience, item arrived damaged. Very frustrating.",2,2024-09-09,Yes,0,terrible experience item arrived damaged frustrating,Negative,-0.8479,Negative,2024-09
REV000272,BOO1320,Books,Business Book,acceptable quality for casual use. Still testing it out.,3,2023-11-02,No,2,acceptable quality casual use still testing out,Positive,0.4767,Neutral,2023-11
REV003016,CLO1369,Clothing,Running Shoes,"absolutely love this product, exceeded my expectations. Would buy again.",5,2023-05-09,Yes,1,absolutely love product exceeded expectations buy again,Positive,0.6697,Positive,2023-05
REV001356,CLO1522,Clothing,Winter Jacket,acceptable quality for casual use. Still testing it out.,3,2024-02-11,Yes,1,acceptable quality casual use still testing out,Positive,0.4767,Neutral,2024-02
REV002325,HOM1145,Home & Kitchen,Air Fryer,"very disappointed, stopped working after a few days.",2,2024-02-02,Yes,7,disappointed stopped working after few days,Negative,-0.6779,Negative,2024-02
REV003482,HOM1216,Home & Kitchen,Vacuum Cleaner,"superb product, will definitely buy again. Would buy again.",4,2024-07-07,Yes,2,superb product definitely buy again buy again,Positive,0.7783,Positive,2024-07
REV000256,BEA1543,Beauty,Sunscreen SPF50,"not as advertised, very frustrating purchase. Would not recommend to anyone.",2,2024-09-15,Yes,0,advertised frustrating purchase recommend anyone,Negative,-0.6489,Negative,2024-09
REV000231,BOO1444,Books,Cookbook,"works fine so far, will update if anything changes. We'll see how it holds up.",3,2024-04-05,No,0,works fine far update anything changes ll see how holds up,Positive,0.2023,Neutral,2024-04
REV003963,SPO1311,Sports & Outdoors,Hiking Backpack,"superb product, will definitely buy again. Would buy again.",5,2024-07-31,No,5,superb product definitely buy again buy again,Positive,0.7783,Positive,2024-07
REV001505,HOM1963,Home & Kitchen,Non-Stick Pan Set,"very satisfied, the quality exceeded what I paid for. Would buy again.",5,2023-02-07,Yes,0,satisfied quality exceeded what paid buy again,Positive,0.4754,Positive,2023-02
REV003227,SPO1634,Sports & Outdoors,Water Bottle,"very disappointed, stopped working after a few days. Asked for a refund.",1,2023-12-11,Yes,4,disappointed stopped working after few days asked refund,Negative,-0.6779,Negative,2023-12
REV002354,ELE1727,Electronics,Smartwatch,"does what it says, no major complaints. We'll see how it holds up.",3,2024-07-30,No,0,what says major complaints ll see how holds up,Positive,0.0903,Neutral,2024-07
REV000587,HOM1140,Home & Kitchen,Blender,"worst purchase I've made this year, do not recommend. Asked for a refund.",1,2023-12-27,No,1,worst purchase ve made year recommend asked refund,Negative,-0.7359,Negative,2023-12
REV000954,CLO1368,Clothing,Yoga Pants,"this is fantastic, exactly what I needed. Fast shipping too!",4,2024-02-10,Yes,6,fantastic exactly what needed fast shipping too,Positive,0.5983,Positive,2024-02
REV002317,BEA1187,Beauty,Shampoo,cheaply made and feels flimsy. Wish I'd read reviews first.,2,2023-02-17,Yes,8,cheaply made feels flimsy wish read reviews first,Positive,0.4019,Negative,2023-02
REV003216,ELE1222,Electronics,Bluetooth Speaker,"superb product, will definitely buy again.",4,2024-12-03,Yes,4,superb product definitely buy again,Positive,0.7783,Positive,2024-12
REV001198,HOM1724,Home & Kitchen,Vacuum Cleaner,"poor quality, not worth the money at all. Very frustrating.",2,2024-06-08,Yes,0,poor quality worth money all frustrating,Negative,-0.7881,Negative,2024-06
REV002422,SPO1471,Sports & Outdoors,Resistance Bands,"does not match the description, quite misleading. Wish I'd read reviews first.",1,2023-03-30,No,1,match description quite misleading wish read reviews first,Neutral,-0.0038,Negative,2023-03
REV003499,BEA1542,Beauty,Shampoo,perfect fit and great customer service too. Five stars from me.,5,2024-01-09,No,0,perfect fit great customer service too five stars me,Positive,0.8834,Positive,2024-01
REV001543,CLO1782,Clothing,Winter Jacket,perfect fit and great customer service too. My whole family loves it.,5,2024-10-25,Yes,7,perfect fit great customer service too whole family loves,Positive,0.9325,Positive,2024-10
REV001216,HOM1114,Home & Kitchen,Coffee Maker,"not bad, not great, just an average item.",3,2024-05-08,Yes,0,bad great average item,Positive,0.6754,Neutral,2024-05
REV000095,CLO1649,Clothing,Denim Jeans,perfect fit and great customer service too.,5,2023-03-31,Yes,3,perfect fit great customer service too,Positive,0.8834,Positive,2023-03
REV001849,BOO1247,Books,Sci-Fi Trilogy,"does what it says, no major complaints.",3,2024-10-07,Yes,5,what says major complaints,Positive,0.0903,Neutral,2024-10
REV002152,BEA1218,Beauty,Shampoo,"outstanding performance, worth every penny.",4,2024-02-25,Yes,4,outstanding performance worth every penny,Positive,0.7096,Positive,2024-02
REV003428,CLO1920,Clothing,Denim Jeans,perfect fit and great customer service too.,4,2024-03-02,No,7,perfect fit great customer service too,Positive,0.8834,Positive,2024-03
REV001621,ELE1214,Electronics,Smartwatch,"terrible experience, item arrived damaged. Wish I'd read reviews first.",2,2023-09-24,Yes,0,terrible experience item arrived damaged wish read reviews first,Negative,-0.5106,Negative,2023-09
REV002341,SPO1856,Sports & Outdoors,Hiking Backpack,"reasonable quality, similar to other products in this range. Might update this review later.",3,2023-09-09,Yes,0,reasonable quality similar other products range might update review later,Neutral,0.0,Neutral,2023-09
REV002181,BEA1459,Beauty,Lip Balm Set,"very satisfied, the quality exceeded what I paid for.",5,2023-10-22,Yes,2,satisfied quality exceeded what paid,Positive,0.4754,Positive,2023-10
REV001984,BEA1378,Beauty,Lip Balm Set,acceptable quality for casual use.,3,2023-04-05,No,0,acceptable quality casual use,Positive,0.4767,Neutral,2023-04
REV003836,HOM1511,Home & Kitchen,Vacuum Cleaner,"outstanding performance, worth every penny. Five stars from me.",5,2024-12-04,Yes,5,outstanding performance worth every penny five stars me,Positive,0.7096,Positive,2024-12
REV000927,BEA1547,Beauty,Hair Dryer,"it's okay, does the job but nothing special.",3,2024-08-27,No,1,okay job nothing special,Negative,-0.3479,Neutral,2024-08
REV000437,BOO1890,Books,Mystery Novel,"excellent build quality, arrived quickly and works great. Fast shipping too!",5,2023-06-12,No,9,excellent build quality arrived quickly works great fast shipping too,Positive,0.8439,Positive,2023-06
REV002018,CLO1862,Clothing,Running Shoes,"amazing value for the price, very happy with this purchase. My whole family loves it.",5,2024-11-19,Yes,10,amazing value price happy purchase whole family loves,Positive,0.9312,Positive,2024-11
REV002512,CLO1907,Clothing,Yoga Pants,"very disappointed, stopped working after a few days. Very frustrating.",2,2024-06-29,Yes,7,disappointed stopped working after few days frustrating,Negative,-0.83,Negative,2024-06
REV002482,ELE1551,Electronics,Wireless Earbuds,"regret buying this, quality is really bad. Very frustrating.",1,2024-05-17,Yes,12,regret buying quality bad frustrating,Negative,-0.8764,Negative,2024-05
REV001147,BOO1713,Books,Self-Help Guide,"very satisfied, the quality exceeded what I paid for. Five stars from me.",5,2023-06-01,Yes,6,satisfied quality exceeded what paid five stars me,Positive,0.4754,Positive,2023-06
REV000821,BEA1680,Beauty,Hair Dryer,"this is fantastic, exactly what I needed.",5,2023-06-18,No,6,fantastic exactly what needed,Positive,0.5574,Positive,2023-06
REV003941,ELE1744,Electronics,Wireless Earbuds,"outstanding performance, worth every penny. Five stars from me.",4,2024-09-10,Yes,3,outstanding performance worth every penny five stars me,Positive,0.7096,Positive,2024-09
REV003415,ELE1468,Electronics,Power Bank,works flawlessly and looks even better in person.,5,2024-07-30,Yes,1,works flawlessly looks even better person,Positive,0.5719,Positive,2024-07
REV000282,SPO1306,Sports & Outdoors,Yoga Mat,"superb product, will definitely buy again.",5,2023-09-26,Yes,1,superb product definitely buy again,Positive,0.7783,Positive,2023-09
REV001249,BOO1574,Books,Mystery Novel,"average product, met basic expectations.",3,2024-07-24,Yes,0,average product met basic expectations,Neutral,0.0,Neutral,2024-07
REV003505,SPO1588,Sports & Outdoors,Hiking Backpack,perfect fit and great customer service too. My whole family loves it.,5,2024-06-16,Yes,4,perfect fit great customer service too whole family loves,Positive,0.9325,Positive,2024-06
REV001933,BEA1901,Beauty,Shampoo,"not bad, not great, just an average item. We'll see how it holds up.",3,2023-07-10,Yes,0,bad great average item ll see how holds up,Positive,0.6754,Neutral,2023-07
REV001494,BOO1724,Books,Business Book,"it's okay, does the job but nothing special. Might update this review later.",3,2024-05-03,No,0,okay job nothing special might update review later,Negative,-0.3479,Neutral,2024-05
REV002667,ELE1490,Electronics,Wireless Earbuds,works flawlessly and looks even better in person. My whole family loves it.,5,2024-05-13,Yes,2,works flawlessly looks even better person whole family loves,Positive,0.8126,Positive,2024-05
REV002907,HOM1295,Home & Kitchen,Vacuum Cleaner,arrived defective and customer support was unhelpful. Very frustrating.,1,2023-11-23,No,4,arrived defective customer support unhelpful frustrating,Negative,-0.5256,Negative,2023-11
REV003491,HOM1368,Home & Kitchen,Blender,"terrible experience, item arrived damaged. Would not recommend to anyone.",1,2024-05-10,Yes,5,terrible experience item arrived damaged recommend anyone,Negative,-0.797,Negative,2024-05
REV001015,ELE1971,Electronics,Power Bank,"reasonable quality, similar to other products in this range. Still testing it out.",3,2024-04-16,Yes,0,reasonable quality similar other products range still testing out,Neutral,0.0,Neutral,2024-04
REV000767,BOO1701,Books,Business Book,perfect fit and great customer service too. Would buy again.,4,2024-10-07,Yes,8,perfect fit great customer service too buy again,Positive,0.8834,Positive,2024-10
REV003488,HOM1100,Home & Kitchen,Coffee Maker,"does not match the description, quite misleading. Wish I'd read reviews first.",2,2023-06-13,Yes,2,match description quite misleading wish read reviews first,Neutral,-0.0038,Negative,2023-06
REV000604,CLO1056,Clothing,Cotton T-Shirt,"great quality and works perfectly, highly recommend. Fast shipping too!",4,2023-02-03,Yes,1,great quality works perfectly highly recommend fast shipping too,Positive,0.9078,Positive,2023-02
REV001027,SPO1175,Sports & Outdoors,Camping Tent,works flawlessly and looks even better in person. Fast shipping too!,5,2024-05-07,Yes,3,works flawlessly looks even better person fast shipping too,Positive,0.6114,Positive,2024-05
REV003514,BOO1011,Books,Cookbook,"great quality and works perfectly, highly recommend. Would buy again.",5,2024-05-09,No,1,great quality works perfectly highly recommend buy again,Positive,0.902,Positive,2024-05
REV003018,BEA1647,Beauty,Sunscreen SPF50,"excellent build quality, arrived quickly and works great. My whole family loves it.",5,2023-08-13,Yes,1,excellent build quality arrived quickly works great whole family loves,Positive,0.91,Positive,2023-08
REV001039,CLO1622,Clothing,Running Shoes,"excellent build quality, arrived quickly and works great.",5,2024-03-11,Yes,4,excellent build quality arrived quickly works great,Positive,0.8316,Positive,2024-03
REV000410,ELE1450,Electronics,Wireless Earbuds,"it's fine, though the packaging could be better. Might update this review later.",3,2023-01-03,No,0,fine though packaging better might update review later,Positive,0.5719,Neutral,2023-01
REV002880,ELE1137,Electronics,Laptop Stand,"very satisfied, the quality exceeded what I paid for. Five stars from me.",5,2024-07-29,Yes,2,satisfied quality exceeded what paid five stars me,Positive,0.4754,Positive,2024-07
REV003680,HOM1939,Home & Kitchen,Coffee Maker,"excellent build quality, arrived quickly and works great. My whole family loves it.",5,2023-03-31,Yes,0,excellent build quality arrived quickly works great whole family loves,Positive,0.91,Positive,2023-03
REV001136,BEA1979,Beauty,Sunscreen SPF50,"great quality and works perfectly, highly recommend. Fast shipping too!",5,2024-07-19,No,0,great quality works perfectly highly recommend fast shipping too,Positive,0.9078,Positive,2024-07
REV000393,CLO1194,Clothing,Cotton T-Shirt,"it's fine, though the packaging could be better.",3,2023-07-02,No,1,fine though packaging better,Positive,0.5719,Neutral,2023-07
REV003550,SPO1831,Sports & Outdoors,Hiking Backpack,perfect fit and great customer service too. Would buy again.,5,2024-05-08,Yes,5,perfect fit great customer service too buy again,Positive,0.8834,Positive,2024-05
REV002069,BOO1351,Books,Sci-Fi Trilogy,"very satisfied, the quality exceeded what I paid for. Five stars from me.",5,2024-05-18,Yes,0,satisfied quality exceeded what paid five stars me,Positive,0.4754,Positive,2024-05
REV001731,SPO1037,Sports & Outdoors,Yoga Mat,"not bad, not great, just an average item.",3,2024-10-11,Yes,0,bad great average item,Positive,0.6754,Neutral,2024-10
REV000302,HOM1788,Home & Kitchen,Blender,"does what it says, no major complaints. Still testing it out.",3,2024-05-16,No,1,what says major complaints still testing out,Positive,0.0903,Neutral,2024-05
REV000073,BEA1646,Beauty,Hair Dryer,"outstanding performance, worth every penny.",4,2024-10-06,Yes,0,outstanding performance worth every penny,Positive,0.7096,Positive,2024-10
REV001742,CLO1641,Clothing,Denim Jeans,"reasonable quality, similar to other products in this range. We'll see how it holds up.",3,2023-05-26,Yes,0,reasonable quality similar other products range ll see how holds up,Neutral,0.0,Neutral,2023-05
REV003183,SPO1786,Sports & Outdoors,Resistance Bands,"does not match the description, quite misleading. Would not recommend to anyone.",2,2024-04-02,Yes,10,match description quite misleading recommend anyone,Negative,-0.6253,Negative,2024-04
REV001654,SPO1022,Sports & Outdoors,Yoga Mat,"superb product, will definitely buy again.",5,2024-10-26,Yes,0,superb product definitely buy again,Positive,0.7783,Positive,2024-10
REV002587,CLO1370,Clothing,Winter Jacket,acceptable quality for casual use. Might update this review later.,3,2023-06-12,Yes,0,acceptable quality casual use might update review later,Positive,0.4767,Neutral,2023-06
REV002006,SPO1769,Sports & Outdoors,Resistance Bands,perfect fit and great customer service too. My whole family loves it.,5,2024-01-15,Yes,2,perfect fit great customer service too whole family loves,Positive,0.9325,Positive,2024-01
REV002582,BEA1477,Beauty,Sunscreen SPF50,"outstanding performance, worth every penny.   <br>  ",4,2024-06-06,Yes,1,outstanding performance worth every penny,Positive,0.7096,Positive,2024-06
REV000422,BEA1073,Beauty,Sunscreen SPF50,"outstanding performance, worth every penny. My whole family loves it.",5,2024-02-28,Yes,2,outstanding performance worth every penny whole family loves,Positive,0.8625,Positive,2024-02
REV002758,SPO1928,Sports & Outdoors,Camping Tent,acceptable quality for casual use. Still testing it out.,3,2023-04-24,Yes,0,acceptable quality casual use still testing out,Positive,0.4767,Neutral,2023-04
REV000852,ELE1211,Electronics,Laptop Stand,"excellent build quality, arrived quickly and works great. My whole family loves it.",5,2024-01-04,Yes,6,excellent build quality arrived quickly works great whole family loves,Positive,0.91,Positive,2024-01
REV001641,SPO1669,Sports & Outdoors,Resistance Bands,acceptable quality for casual use. Might update this review later.,3,2024-04-27,Yes,0,acceptable quality casual use might update review later,Positive,0.4767,Neutral,2024-04
REV002445,ELE1874,Electronics,Smartwatch,"excellent build quality, arrived quickly and works great.",5,2023-12-02,Yes,0,excellent build quality arrived quickly works great,Positive,0.8316,Positive,2023-12
REV003791,HOM1334,Home & Kitchen,Coffee Maker,"not bad, not great, just an average item. We'll see how it holds up.",3,2023-05-28,No,0,bad great average item ll see how holds up,Positive,0.6754,Neutral,2023-05
REV000081,CLO1014,Clothing,Winter Jacket,works flawlessly and looks even better in person. Would buy again.,5,2023-06-20,Yes,0,works flawlessly looks even better person buy again,Positive,0.5719,Positive,2023-06
REV001075,HOM1851,Home & Kitchen,Coffee Maker,"worst purchase I've made this year, do not recommend. Very frustrating.",2,2024-06-11,Yes,0,worst purchase ve made year recommend frustrating,Negative,-0.5555,Negative,2024-06
REV001791,HOM1700,Home & Kitchen,Blender,"absolutely love this product, exceeded my expectations. Fast shipping too!",5,2024-12-30,Yes,1,absolutely love product exceeded expectations fast shipping too,Positive,0.6989,Positive,2024-12
REV000884,BEA1545,Beauty,Sunscreen SPF50,perfect fit and great customer service too.,5,2024-09-04,Yes,3,perfect fit great customer service too,Positive,0.8834,Positive,2024-09
REV001962,BEA1937,Beauty,Hair Dryer,"worst purchase I've made this year, do not recommend. Would not recommend to anyone.",2,2023-08-20,Yes,1,worst purchase ve made year recommend recommend anyone,Negative,-0.8085,Negative,2023-08
REV003525,HOM1037,Home & Kitchen,Blender,"superb product, will definitely buy again. My whole family loves it.",5,2023-07-25,Yes,2,superb product definitely buy again whole family loves,Positive,0.8885,Positive,2023-07
REV003305,SPO1517,Sports & Outdoors,Camping Tent,"very disappointed, stopped working after a few days. Very frustrating.",1,2024-01-24,Yes,1,disappointed stopped working after few days frustrating,Negative,-0.83,Negative,2024-01
REV000980,CLO1119,Clothing,Yoga Pants,"this is fantastic, exactly what I needed. My whole family loves it.",5,2024-07-17,No,4,fantastic exactly what needed whole family loves,Positive,0.8074,Positive,2024-07
REV003315,BEA1517,Beauty,Shampoo,"great quality and works perfectly, highly recommend. My whole family loves it.",5,2024-10-14,Yes,1,great quality works perfectly highly recommend whole family loves,Positive,0.9412,Positive,2024-10
REV003213,HOM1715,Home & Kitchen,Vacuum Cleaner,"works fine so far, will update if anything changes. We'll see how it holds up.",3,2023-12-10,Yes,0,works fine far update anything changes ll see how holds up,Positive,0.2023,Neutral,2023-12
REV001213,SPO1584,Sports & Outdoors,Camping Tent,"it's okay, does the job but nothing special. Might update this review later.",3,2023-10-15,No,0,okay job nothing special might update review later,Negative,-0.3479,Neutral,2023-10
REV003848,BEA1884,Beauty,Hair Dryer,cheaply made and feels flimsy. Would not recommend to anyone.,1,2024-05-20,No,2,cheaply made feels flimsy recommend anyone,Negative,-0.2755,Negative,2024-05
REV000619,HOM1573,Home & Kitchen,Vacuum Cleaner,cheaply made and feels flimsy. Asked for a refund.,1,2023-06-14,Yes,4,cheaply made feels flimsy asked refund,Neutral,0.0,Negative,2023-06
REV000216,SPO1440,Sports & Outdoors,Camping Tent,"does not match the description, quite misleading. Very frustrating.",2,2024-04-14,Yes,0,match description quite misleading frustrating,Negative,-0.7543,Negative,2024-04
REV001383,SPO1201,Sports & Outdoors,Resistance Bands,"great quality and works perfectly, highly recommend. My whole family loves it.",4,2024-11-29,Yes,1,great quality works perfectly highly recommend whole family loves,Positive,0.9412,Positive,2024-11
REV000839,HOM1655,Home & Kitchen,Blender,"reasonable quality, similar to other products in this range.",3,2023-06-06,Yes,0,reasonable quality similar other products range,Neutral,0.0,Neutral,2023-06
REV002565,ELE1843,Electronics,Wireless Earbuds,perfect fit and great customer service too. Five stars from me.,5,2023-05-10,Yes,3,perfect fit great customer service too five stars me,Positive,0.8834,Positive,2023-05
REV003585,CLO1841,Clothing,Running Shoes,"very disappointed, stopped working after a few days.",1,2023-11-16,Yes,0,disappointed stopped working after few days,Negative,-0.6779,Negative,2023-11
REV001422,SPO1789,Sports & Outdoors,Yoga Mat,"outstanding performance, worth every penny. Five stars from me.",5,2023-01-05,Yes,0,outstanding performance worth every penny five stars me,Positive,0.7096,Positive,2023-01
REV001915,BOO1085,Books,Business Book,"gets the job done, nothing more nothing less. Still testing it out.",3,2024-09-15,Yes,0,gets job done nothing more nothing less still testing out,Neutral,0.0,Neutral,2024-09
REV003368,HOM1880,Home & Kitchen,Coffee Maker,works flawlessly and looks even better in person. My whole family loves it.,5,2023-09-19,Yes,0,works flawlessly looks even better person whole family loves,Positive,0.8126,Positive,2023-09
REV002805,BOO1217,Books,Cookbook,arrived defective and customer support was unhelpful. Very frustrating.,2,2024-02-24,Yes,17,arrived defective customer support unhelpful frustrating,Negative,-0.5256,Negative,2024-02
REV002385,SPO1713,Sports & Outdoors,Hiking Backpack,"superb product, will definitely buy again. Five stars from me.",5,2024-04-29,Yes,0,superb product definitely buy again five stars me,Positive,0.7783,Positive,2024-04
REV001687,ELE1682,Electronics,Bluetooth Speaker,"decent for the price, but not amazing. Still testing it out.",3,2023-09-23,Yes,0,decent price amazing still testing out,Negative,-0.6259,Neutral,2023-09
REV001530,HOM1195,Home & Kitchen,Blender,"superb product, will definitely buy again. Would buy again.",5,2024-05-28,Yes,0,superb product definitely buy again buy again,Positive,0.7783,Positive,2024-05
REV003980,BEA1743,Beauty,Face Moisturizer,"absolutely love this product, exceeded my expectations.",4,2023-10-11,Yes,2,absolutely love product exceeded expectations,Positive,0.6697,Positive,2023-10
REV002176,SPO1655,Sports & Outdoors,Yoga Mat,works flawlessly and looks even better in person. Five stars from me.,5,2024-09-18,Yes,6,works flawlessly looks even better person five stars me,Positive,0.5719,Positive,2024-09
REV003119,HOM1769,Home & Kitchen,Vacuum Cleaner,acceptable quality for casual use. Might update this review later.,3,2023-11-26,Yes,0,acceptable quality casual use might update review later,Positive,0.4767,Neutral,2023-11
REV003347,ELE1871,Electronics,Bluetooth Speaker,"excellent build quality, arrived quickly and works great. Would buy again.   <br>  ",5,2023-08-29,Yes,4,excellent build quality arrived quickly works great buy again,Positive,0.8316,Positive,2023-08
REV003272,SPO1876,Sports & Outdoors,Water Bottle,"very disappointed, stopped working after a few days. Would not recommend to anyone.",2,2023-12-10,No,0,disappointed stopped working after few days recommend anyone,Negative,-0.7705,Negative,2023-12
REV003657,BEA1713,Beauty,Lip Balm Set,works flawlessly and looks even better in person. Five stars from me.,5,2023-02-16,Yes,0,works flawlessly looks even better person five stars me,Positive,0.5719,Positive,2023-02
REV001539,ELE1074,Electronics,Laptop Stand,"not bad, not great, just an average item. We'll see how it holds up.",3,2023-12-04,No,1,bad great average item ll see how holds up,Positive,0.6754,Neutral,2023-12
REV003251,BEA1344,Beauty,Shampoo,perfect fit and great customer service too. Five stars from me.   <br>  ,5,2024-07-15,Yes,1,perfect fit great customer service too five stars me,Positive,0.8834,Positive,2024-07
REV002031,BOO1374,Books,Mystery Novel,"works fine so far, will update if anything changes.",3,2023-07-07,Yes,3,works fine far update anything changes,Positive,0.2023,Neutral,2023-07
REV000490,BEA1625,Beauty,Hair Dryer,"works fine so far, will update if anything changes. Might update this review later.",3,2024-08-08,No,1,works fine far update anything changes might update review later,Positive,0.2023,Neutral,2024-08
REV002435,ELE1553,Electronics,Power Bank,"gets the job done, nothing more nothing less. Might update this review later.",3,2023-05-17,Yes,2,gets job done nothing more nothing less might update review later,Neutral,0.0,Neutral,2023-05
REV003568,BOO1037,Books,Business Book,"outstanding performance, worth every penny.",5,2023-02-05,Yes,0,outstanding performance worth every penny,Positive,0.7096,Positive,2023-02
REV001254,SPO1148,Sports & Outdoors,Camping Tent,works flawlessly and looks even better in person. Would buy again.,5,2023-09-27,No,0,works flawlessly looks even better person buy again,Positive,0.5719,Positive,2023-09
REV001927,ELE1402,Electronics,Laptop Stand,"very satisfied, the quality exceeded what I paid for. Fast shipping too!",5,2023-12-28,Yes,4,satisfied quality exceeded what paid fast shipping too,Positive,0.5244,Positive,2023-12
REV000504,SPO1703,Sports & Outdoors,Yoga Mat,"regret buying this, quality is really bad. Wish I'd read reviews first.",2,2024-05-09,Yes,3,regret buying quality bad wish read reviews first,Negative,-0.5595,Negative,2024-05
REV003000,ELE1451,Electronics,Wireless Earbuds,"does what it says, no major complaints. Might update this review later.",3,2024-04-12,Yes,0,what says major complaints might update review later,Positive,0.0903,Neutral,2024-04
REV000426,BEA1339,Beauty,Sunscreen SPF50,"broke within a week, waste of money. Wish I'd read reviews first.",1,2024-04-12,Yes,2,broke within week waste money wish read reviews first,Negative,-0.4404,Negative,2024-04
REV002691,CLO1120,Clothing,Yoga Pants,works flawlessly and looks even better in person. Fast shipping too!,4,2023-04-19,Yes,1,works flawlessly looks even better person fast shipping too,Positive,0.6114,Positive,2023-04
REV003788,ELE1262,Electronics,Power Bank,"outstanding performance, worth every penny.",5,2023-11-09,No,2,outstanding performance worth every penny,Positive,0.7096,Positive,2023-11
REV001301,BEA1644,Beauty,Lip Balm Set,"poor quality, not worth the money at all. Wish I'd read reviews first.",2,2023-11-02,No,0,poor quality worth money all wish read reviews first,Negative,-0.2654,Negative,2023-11
REV000230,ELE1960,Electronics,Wireless Earbuds,"very satisfied, the quality exceeded what I paid for. Five stars from me.",5,2023-07-27,Yes,0,satisfied quality exceeded what paid five stars me,Positive,0.4754,Positive,2023-07
REV003908,CLO1390,Clothing,Running Shoes,"broke within a week, waste of money.",1,2024-08-05,Yes,2,broke within week waste money,Negative,-0.6808,Negative,2024-08
REV003255,HOM1769,Home & Kitchen,Vacuum Cleaner,"superb product, will definitely buy again. Five stars from me.",5,2023-11-17,Yes,4,superb product definitely buy again five stars me,Positive,0.7783,Positive,2023-11
REV000117,BOO1730,Books,Mystery Novel,"does not match the description, quite misleading.",1,2024-08-14,Yes,8,match description quite misleading,Negative,-0.4576,Negative,2024-08
REV003842,HOM1616,Home & Kitchen,Coffee Maker,perfect fit and great customer service too. Five stars from me.,5,2024-03-11,Yes,0,perfect fit great customer service too five stars me,Positive,0.8834,Positive,2024-03
REV001409,BEA1442,Beauty,Shampoo,"absolutely love this product, exceeded my expectations. Fast shipping too!",5,2023-07-13,Yes,2,absolutely love product exceeded expectations fast shipping too,Positive,0.6989,Positive,2023-07
REV002625,BEA1106,Beauty,Face Moisturizer,cheaply made and feels flimsy. Would not recommend to anyone.,2,2023-07-26,No,0,cheaply made feels flimsy recommend anyone,Negative,-0.2755,Negative,2023-07
REV003156,BOO1314,Books,Cookbook,"excellent build quality, arrived quickly and works great. Five stars from me.",5,2024-06-11,Yes,3,excellent build quality arrived quickly works great five stars me,Positive,0.8316,Positive,2024-06
REV003115,BOO1037,Books,Cookbook,works flawlessly and looks even better in person.,5,2023-03-03,No,7,works flawlessly looks even better person,Positive,0.5719,Positive,2023-03
REV002441,HOM1278,Home & Kitchen,Vacuum Cleaner,"works fine so far, will update if anything changes. Still testing it out.",3,2024-12-29,Yes,0,works fine far update anything changes still testing out,Positive,0.2023,Neutral,2024-12
REV001327,SPO1031,Sports & Outdoors,Water Bottle,"works fine so far, will update if anything changes. We'll see how it holds up.",3,2024-09-05,Yes,1,works fine far update anything changes ll see how holds up,Positive,0.2023,Neutral,2024-09
REV001094,BEA1506,Beauty,Face Moisturizer,"terrible experience, item arrived damaged. Very frustrating.",1,2023-03-20,Yes,0,terrible experience item arrived damaged frustrating,Negative,-0.8479,Negative,2023-03
REV001206,BOO1331,Books,Mystery Novel,"this is fantastic, exactly what I needed. My whole family loves it.",4,2023-08-19,Yes,9,fantastic exactly what needed whole family loves,Positive,0.8074,Positive,2023-08
REV001061,BEA1679,Beauty,Hair Dryer,"outstanding performance, worth every penny. Would buy again.",4,2024-08-26,Yes,0,outstanding performance worth every penny buy again,Positive,0.7096,Positive,2024-08
REV002491,HOM1813,Home & Kitchen,Coffee Maker,"terrible experience, item arrived damaged. Very frustrating.",2,2023-07-01,No,0,terrible experience item arrived damaged frustrating,Negative,-0.8479,Negative,2023-07
REV003207,BEA1324,Beauty,Face Moisturizer,"terrible experience, item arrived damaged.",2,2024-07-16,Yes,1,terrible experience item arrived damaged,Negative,-0.7184,Negative,2024-07
REV003851,HOM1635,Home & Kitchen,Coffee Maker,"amazing value for the price, very happy with this purchase.",4,2023-06-30,Yes,1,amazing value price happy purchase,Positive,0.8805,Positive,2023-06
REV002244,CLO1049,Clothing,Winter Jacket,"excellent build quality, arrived quickly and works great. Five stars from me.",4,2023-03-09,Yes,1,excellent build quality arrived quickly works great five stars me,Positive,0.8316,Positive,2023-03
REV003890,ELE1198,Electronics,Laptop Stand,"does what it says, no major complaints. Might update this review later.",3,2024-07-01,Yes,0,what says major complaints might update review later,Positive,0.0903,Neutral,2024-07
REV003362,SPO1197,Sports & Outdoors,Water Bottle,"gets the job done, nothing more nothing less. We'll see how it holds up.",3,2023-06-23,Yes,2,gets job done nothing more nothing less ll see how holds up,Neutral,0.0,Neutral,2023-06
REV000475,SPO1681,Sports & Outdoors,Hiking Backpack,"it's okay, does the job but nothing special. Still testing it out.",3,2023-12-05,Yes,0,okay job nothing special still testing out,Negative,-0.3479,Neutral,2023-12
REV001480,BOO1100,Books,Mystery Novel,"gets the job done, nothing more nothing less.",3,2023-07-10,Yes,0,gets job done nothing more nothing less,Neutral,0.0,Neutral,2023-07
REV002967,ELE1434,Electronics,Wireless Earbuds,"great quality and works perfectly, highly recommend. Five stars from me.",5,2023-03-10,Yes,5,great quality works perfectly highly recommend five stars me,Positive,0.902,Positive,2023-03
REV001053,SPO1695,Sports & Outdoors,Camping Tent,"excellent build quality, arrived quickly and works great.",5,2023-01-14,Yes,3,excellent build quality arrived quickly works great,Positive,0.8316,Positive,2023-01
REV000570,BEA1350,Beauty,Lip Balm Set,"excellent build quality, arrived quickly and works great. Would buy again.",5,2023-06-18,Yes,0,excellent build quality arrived quickly works great buy again,Positive,0.8316,Positive,2023-06
REV000106,CLO1118,Clothing,Winter Jacket,"very satisfied, the quality exceeded what I paid for. Five stars from me.",5,2024-03-01,No,0,satisfied quality exceeded what paid five stars me,Positive,0.4754,Positive,2024-03
REV003865,HOM1302,Home & Kitchen,Non-Stick Pan Set,"this is fantastic, exactly what I needed. Five stars from me.",5,2024-08-09,Yes,2,fantastic exactly what needed five stars me,Positive,0.5574,Positive,2024-08
REV000154,SPO1994,Sports & Outdoors,Yoga Mat,"worst purchase I've made this year, do not recommend. Very frustrating.",1,2024-12-19,Yes,1,worst purchase ve made year recommend frustrating,Negative,-0.5555,Negative,2024-12
REV003476,HOM1194,Home & Kitchen,Air Fryer,"very satisfied, the quality exceeded what I paid for.",4,2024-02-12,Yes,2,satisfied quality exceeded what paid,Positive,0.4754,Positive,2024-02
REV002242,CLO1692,Clothing,Winter Jacket,"superb product, will definitely buy again. Would buy again.",5,2024-08-29,Yes,0,superb product definitely buy again buy again,Positive,0.7783,Positive,2024-08
REV002959,BEA1925,Beauty,Face Moisturizer,"it's okay, does the job but nothing special. We'll see how it holds up.",3,2023-01-13,Yes,2,okay job nothing special ll see how holds up,Negative,-0.3479,Neutral,2023-01
REV002471,SPO1271,Sports & Outdoors,Camping Tent,"amazing value for the price, very happy with this purchase. My whole family loves it.",5,2023-03-28,Yes,0,amazing value price happy purchase whole family loves,Positive,0.9312,Positive,2023-03
REV000254,CLO1926,Clothing,Yoga Pants,"absolutely love this product, exceeded my expectations. Would buy again.",4,2024-07-04,Yes,4,absolutely love product exceeded expectations buy again,Positive,0.6697,Positive,2024-07
REV001367,SPO1410,Sports & Outdoors,Yoga Mat,"absolutely love this product, exceeded my expectations. Five stars from me.",5,2024-11-30,Yes,0,absolutely love product exceeded expectations five stars me,Positive,0.6697,Positive,2024-11
REV001972,ELE1700,Electronics,Wireless Earbuds,"broke within a week, waste of money. Wish I'd read reviews first.",2,2024-11-02,No,2,broke within week waste money wish read reviews first,Negative,-0.4404,Negative,2024-11
REV001423,CLO1037,Clothing,Cotton T-Shirt,"very satisfied, the quality exceeded what I paid for. My whole family loves it.",5,2024-07-07,Yes,4,satisfied quality exceeded what paid whole family loves,Positive,0.7778,Positive,2024-07
REV001287,ELE1314,Electronics,Bluetooth Speaker,"very satisfied, the quality exceeded what I paid for.",5,2024-12-20,Yes,9,satisfied quality exceeded what paid,Positive,0.4754,Positive,2024-12
REV003935,ELE1394,Electronics,Laptop Stand,"superb product, will definitely buy again. My whole family loves it.",4,2024-08-09,Yes,4,superb product definitely buy again whole family loves,Positive,0.8885,Positive,2024-08
REV002825,ELE1014,Electronics,Laptop Stand,"gets the job done, nothing more nothing less.",3,2024-05-15,No,0,gets job done nothing more nothing less,Neutral,0.0,Neutral,2024-05
REV001764,CLO1563,Clothing,Cotton T-Shirt,arrived defective and customer support was unhelpful. Very frustrating.,1,2023-09-21,No,1,arrived defective customer support unhelpful frustrating,Negative,-0.5256,Negative,2023-09
REV001313,ELE1333,Electronics,Smartwatch,"great quality and works perfectly, highly recommend. My whole family loves it.",5,2024-01-12,Yes,5,great quality works perfectly highly recommend whole family loves,Positive,0.9412,Positive,2024-01
REV003310,CLO1620,Clothing,Cotton T-Shirt,"excellent build quality, arrived quickly and works great. Five stars from me.",5,2024-01-01,Yes,1,excellent build quality arrived quickly works great five stars me,Positive,0.8316,Positive,2024-01
REV003301,ELE1739,Electronics,Wireless Earbuds,"works fine so far, will update if anything changes.",3,2023-10-26,Yes,0,works fine far update anything changes,Positive,0.2023,Neutral,2023-10
REV002960,CLO1786,Clothing,Winter Jacket,"does not match the description, quite misleading. Asked for a refund.",1,2023-04-20,Yes,0,match description quite misleading asked refund,Negative,-0.4576,Negative,2023-04
REV002297,ELE1542,Electronics,Wireless Earbuds,"great quality and works perfectly, highly recommend. Fast shipping too!",4,2023-05-21,Yes,2,great quality works perfectly highly recommend fast shipping too,Positive,0.9078,Positive,2023-05
REV003973,SPO1615,Sports & Outdoors,Camping Tent,"broke within a week, waste of money. Asked for a refund.",2,2023-08-28,Yes,1,broke within week waste money asked refund,Negative,-0.6808,Negative,2023-08
REV000391,SPO1190,Sports & Outdoors,Yoga Mat,"absolutely love this product, exceeded my expectations. Would buy again.",4,2023-07-11,Yes,1,absolutely love product exceeded expectations buy again,Positive,0.6697,Positive,2023-07
REV002196,ELE1267,Electronics,Laptop Stand,"this is fantastic, exactly what I needed. Fast shipping too!",5,2023-08-23,Yes,6,fantastic exactly what needed fast shipping too,Positive,0.5983,Positive,2023-08
REV003219,BEA1389,Beauty,Hair Dryer,acceptable quality for casual use. Still testing it out.,3,2024-10-02,Yes,1,acceptable quality casual use still testing out,Positive,0.4767,Neutral,2024-10
REV000007,ELE1096,Electronics,Power Bank,"this is fantastic, exactly what I needed. My whole family loves it.",5,2024-05-28,Yes,0,fantastic exactly what needed whole family loves,Positive,0.8074,Positive,2024-05
REV003193,CLO1009,Clothing,Yoga Pants,"superb product, will definitely buy again. Would buy again.",5,2023-06-14,Yes,0,superb product definitely buy again buy again,Positive,0.7783,Positive,2023-06
REV001688,CLO1071,Clothing,Cotton T-Shirt,"not bad, not great, just an average item.",3,2024-12-10,Yes,0,bad great average item,Positive,0.6754,Neutral,2024-12
REV000661,SPO1989,Sports & Outdoors,Camping Tent,"works fine so far, will update if anything changes. Still testing it out.",3,2024-06-04,No,1,works fine far update anything changes still testing out,Positive,0.2023,Neutral,2024-06
REV003552,ELE1159,Electronics,Bluetooth Speaker,"worst purchase I've made this year, do not recommend. Asked for a refund.",2,2023-12-15,Yes,1,worst purchase ve made year recommend asked refund,Negative,-0.7359,Negative,2023-12
REV002110,BOO1117,Books,Business Book,"not as advertised, very frustrating purchase. Wish I'd read reviews first.",2,2024-10-31,Yes,0,advertised frustrating purchase wish read reviews first,Negative,-0.0591,Negative,2024-10
REV003939,HOM1127,Home & Kitchen,Coffee Maker,"outstanding performance, worth every penny. Five stars from me.",5,2024-10-11,Yes,0,outstanding performance worth every penny five stars me,Positive,0.7096,Positive,2024-10
REV002285,SPO1502,Sports & Outdoors,Hiking Backpack,"absolutely love this product, exceeded my expectations. Five stars from me.   <br>  ",4,2023-08-02,Yes,0,absolutely love product exceeded expectations five stars me,Positive,0.6697,Positive,2023-08
REV002822,BEA1707,Beauty,Hair Dryer,"outstanding performance, worth every penny. Five stars from me.",5,2024-02-28,Yes,0,outstanding performance worth every penny five stars me,Positive,0.7096,Positive,2024-02
REV001202,SPO1270,Sports & Outdoors,Yoga Mat,perfect fit and great customer service too.,5,2023-09-08,Yes,2,perfect fit great customer service too,Positive,0.8834,Positive,2023-09
REV003035,ELE1898,Electronics,Laptop Stand,"excellent build quality, arrived quickly and works great.",5,2023-03-26,Yes,0,excellent build quality arrived quickly works great,Positive,0.8316,Positive,2023-03
REV000274,CLO1240,Clothing,Winter Jacket,"absolutely love this product, exceeded my expectations. My whole family loves it.",5,2024-12-21,Yes,0,absolutely love product exceeded expectations whole family loves,Positive,0.8479,Positive,2024-12
REV001689,CLO1559,Clothing,Winter Jacket,"outstanding performance, worth every penny. My whole family loves it.   <br>  ",4,2023-04-24,Yes,3,outstanding performance worth every penny whole family loves,Positive,0.8625,Positive,2023-04
REV001424,CLO1633,Clothing,Cotton T-Shirt,"amazing value for the price, very happy with this purchase. My whole family loves it.",5,2024-04-23,No,0,amazing value price happy purchase whole family loves,Positive,0.9312,Positive,2024-04
REV002469,BEA1661,Beauty,Face Moisturizer,"decent for the price, but not amazing.",3,2024-02-10,Yes,0,decent price amazing,Negative,-0.6259,Neutral,2024-02
REV001284,HOM1882,Home & Kitchen,Air Fryer,"amazing value for the price, very happy with this purchase. Five stars from me.",5,2024-01-26,Yes,0,amazing value price happy purchase five stars me,Positive,0.8805,Positive,2024-01
REV003172,BEA1778,Beauty,Sunscreen SPF50,"great quality and works perfectly, highly recommend. My whole family loves it.",4,2023-11-06,Yes,9,great quality works perfectly highly recommend whole family loves,Positive,0.9412,Positive,2023-11
REV001768,ELE1978,Electronics,Smartwatch,"broke within a week, waste of money. Asked for a refund.",1,2024-03-26,Yes,4,broke within week waste money asked refund,Negative,-0.6808,Negative,2024-03
REV002631,BOO1807,Books,Cookbook,"very satisfied, the quality exceeded what I paid for. Fast shipping too!",5,2023-11-24,Yes,0,satisfied quality exceeded what paid fast shipping too,Positive,0.5244,Positive,2023-11
REV003437,BEA1194,Beauty,Sunscreen SPF50,"very satisfied, the quality exceeded what I paid for. Five stars from me.",4,2024-06-19,Yes,5,satisfied quality exceeded what paid five stars me,Positive,0.4754,Positive,2024-06
REV000828,BOO1620,Books,Sci-Fi Trilogy,works flawlessly and looks even better in person. My whole family loves it.,4,2024-05-05,No,1,works flawlessly looks even better person whole family loves,Positive,0.8126,Positive,2024-05
REV001056,SPO1083,Sports & Outdoors,Yoga Mat,"outstanding performance, worth every penny.",5,2024-07-21,Yes,1,outstanding performance worth every penny,Positive,0.7096,Positive,2024-07
REV000981,BEA1175,Beauty,Lip Balm Set,"superb product, will definitely buy again. Fast shipping too!",5,2024-03-02,No,2,superb product definitely buy again fast shipping too,Positive,0.7959,Positive,2024-03
REV002692,BOO1725,Books,Business Book,"does what it says, no major complaints. Might update this review later.",3,2024-08-06,Yes,0,what says major complaints might update review later,Positive,0.0903,Neutral,2024-08
REV002511,BEA1494,Beauty,Shampoo,"this is fantastic, exactly what I needed. Would buy again.",4,2023-11-10,No,2,fantastic exactly what needed buy again,Positive,0.5574,Positive,2023-11
REV003226,HOM1631,Home & Kitchen,Coffee Maker,"does what it says, no major complaints. We'll see how it holds up.",3,2023-09-18,Yes,0,what says major complaints ll see how holds up,Positive,0.0903,Neutral,2023-09
REV000721,CLO1231,Clothing,Running Shoes,"great quality and works perfectly, highly recommend. My whole family loves it.",5,2024-05-29,Yes,2,great quality works perfectly highly recommend whole family loves,Positive,0.9412,Positive,2024-05
REV000469,HOM1840,Home & Kitchen,Coffee Maker,cheaply made and feels flimsy. Would not recommend to anyone.,1,2023-03-04,Yes,1,cheaply made feels flimsy recommend anyone,Negative,-0.2755,Negative,2023-03
REV001859,BEA1011,Beauty,Hair Dryer,"very satisfied, the quality exceeded what I paid for. Would buy again.",4,2023-12-08,Yes,8,satisfied quality exceeded what paid buy again,Positive,0.4754,Positive,2023-12
REV002093,SPO1542,Sports & Outdoors,Yoga Mat,cheaply made and feels flimsy. Would not recommend to anyone.,2,2024-04-30,No,0,cheaply made feels flimsy recommend anyone,Negative,-0.2755,Negative,2024-04
REV001778,SPO1176,Sports & Outdoors,Camping Tent,"average product, met basic expectations. Still testing it out.",3,2023-05-10,Yes,0,average product met basic expectations still testing out,Neutral,0.0,Neutral,2023-05
REV002734,BEA1148,Beauty,Face Moisturizer,"it's fine, though the packaging could be better. Still testing it out.",3,2024-03-27,Yes,2,fine though packaging better still testing out,Positive,0.5719,Neutral,2024-03
REV000127,HOM1569,Home & Kitchen,Air Fryer,"it's okay, does the job but nothing special.",3,2024-03-22,No,2,okay job nothing special,Negative,-0.3479,Neutral,2024-03
REV003332,ELE1214,Electronics,Bluetooth Speaker,acceptable quality for casual use. Still testing it out.,3,2023-04-16,No,0,acceptable quality casual use still testing out,Positive,0.4767,Neutral,2023-04
REV001987,SPO1994,Sports & Outdoors,Yoga Mat,"does not match the description, quite misleading. Wish I'd read reviews first.",1,2023-09-19,Yes,3,match description quite misleading wish read reviews first,Neutral,-0.0038,Negative,2023-09
REV000652,CLO1782,Clothing,Winter Jacket,"outstanding performance, worth every penny. Five stars from me.",5,2023-12-13,Yes,0,outstanding performance worth every penny five stars me,Positive,0.7096,Positive,2023-12
REV000235,HOM1532,Home & Kitchen,Blender,"outstanding performance, worth every penny. My whole family loves it.",4,2023-05-24,Yes,2,outstanding performance worth every penny whole family loves,Positive,0.8625,Positive,2023-05
REV001405,BEA1496,Beauty,Hair Dryer,"poor quality, not worth the money at all. Asked for a refund.",2,2023-06-01,Yes,4,poor quality worth money all asked refund,Negative,-0.5812,Negative,2023-06
REV003058,BEA1562,Beauty,Lip Balm Set,"worst purchase I've made this year, do not recommend. Wish I'd read reviews first.",1,2024-09-02,Yes,4,worst purchase ve made year recommend wish read reviews first,Negative,-0.816,Negative,2024-09
REV002558,HOM1644,Home & Kitchen,Coffee Maker,perfect fit and great customer service too. Would buy again.,4,2023-03-05,Yes,3,perfect fit great customer service too buy again,Positive,0.8834,Positive,2023-03
REV000199,BOO1093,Books,Mystery Novel,"decent for the price, but not amazing. We'll see how it holds up.",3,2023-05-01,No,3,decent price amazing ll see how holds up,Negative,-0.6259,Neutral,2023-05
REV003477,SPO1830,Sports & Outdoors,Water Bottle,"excellent build quality, arrived quickly and works great. My whole family loves it.",5,2023-03-12,No,1,excellent build quality arrived quickly works great whole family loves,Positive,0.91,Positive,2023-03
REV002095,SPO1942,Sports & Outdoors,Resistance Bands,"decent for the price, but not amazing. Still testing it out.",3,2023-01-02,Yes,0,decent price amazing still testing out,Negative,-0.6259,Neutral,2023-01
REV001643,BEA1383,Beauty,Shampoo,"gets the job done, nothing more nothing less. Still testing it out.",3,2023-02-25,Yes,1,gets job done nothing more nothing less still testing out,Neutral,0.0,Neutral,2023-02
REV002840,SPO1352,Sports & Outdoors,Resistance Bands,works flawlessly and looks even better in person. Fast shipping too!,4,2023-06-15,No,1,works flawlessly looks even better person fast shipping too,Positive,0.6114,Positive,2023-06
REV000775,BEA1529,Beauty,Shampoo,"amazing value for the price, very happy with this purchase. Fast shipping too!",5,2023-11-20,Yes,0,amazing value price happy purchase fast shipping too,Positive,0.8881,Positive,2023-11
REV001098,BEA1191,Beauty,Lip Balm Set,"absolutely love this product, exceeded my expectations. Would buy again.",5,2023-09-27,Yes,2,absolutely love product exceeded expectations buy again,Positive,0.6697,Positive,2023-09
REV003987,BOO1256,Books,Business Book,"excellent build quality, arrived quickly and works great. My whole family loves it.",4,2024-04-12,Yes,3,excellent build quality arrived quickly works great whole family loves,Positive,0.91,Positive,2024-04
REV000694,SPO1761,Sports & Outdoors,Hiking Backpack,acceptable quality for casual use. Still testing it out.,3,2023-08-12,Yes,0,acceptable quality casual use still testing out,Positive,0.4767,Neutral,2023-08
REV003547,HOM1567,Home & Kitchen,Coffee Maker,"superb product, will definitely buy again. Five stars from me.",4,2023-03-30,Yes,7,superb product definitely buy again five stars me,Positive,0.7783,Positive,2023-03
REV000043,SPO1412,Sports & Outdoors,Water Bottle,"decent for the price, but not amazing. We'll see how it holds up.",3,2023-11-01,Yes,2,decent price amazing ll see how holds up,Negative,-0.6259,Neutral,2023-11
REV001095,HOM1749,Home & Kitchen,Air Fryer,"very disappointed, stopped working after a few days. Very frustrating.",1,2024-10-28,Yes,20,disappointed stopped working after few days frustrating,Negative,-0.83,Negative,2024-10
REV001448,CLO1001,Clothing,Denim Jeans,"gets the job done, nothing more nothing less. We'll see how it holds up.",3,2024-05-16,Yes,1,gets job done nothing more nothing less ll see how holds up,Neutral,0.0,Neutral,2024-05
REV003689,BOO1385,Books,Mystery Novel,"amazing value for the price, very happy with this purchase.",5,2023-02-19,Yes,2,amazing value price happy purchase,Positive,0.8805,Positive,2023-02
REV000709,HOM1797,Home & Kitchen,Blender,"not as advertised, very frustrating purchase. Would not recommend to anyone.",2,2023-07-11,Yes,0,advertised frustrating purchase recommend anyone,Negative,-0.6489,Negative,2023-07
REV001180,BEA1191,Beauty,Lip Balm Set,"does not match the description, quite misleading.",1,2024-05-30,No,8,match description quite misleading,Negative,-0.4576,Negative,2024-05
REV003096,BOO1650,Books,Sci-Fi Trilogy,"excellent build quality, arrived quickly and works great.",5,2024-10-08,Yes,2,excellent build quality arrived quickly works great,Positive,0.8316,Positive,2024-10
REV001450,BOO1697,Books,Business Book,"this is fantastic, exactly what I needed. Would buy again.",5,2024-08-27,Yes,3,fantastic exactly what needed buy again,Positive,0.5574,Positive,2024-08
REV003972,CLO1196,Clothing,Winter Jacket,"outstanding performance, worth every penny. Five stars from me.",5,2024-05-05,No,8,outstanding performance worth every penny five stars me,Positive,0.7096,Positive,2024-05
REV002195,HOM1015,Home & Kitchen,Blender,"excellent build quality, arrived quickly and works great. Fast shipping too!",5,2023-10-13,Yes,3,excellent build quality arrived quickly works great fast shipping too,Positive,0.8439,Positive,2023-10
REV000224,ELE1516,Electronics,Power Bank,"outstanding performance, worth every penny. Would buy again.",5,2023-01-19,No,5,outstanding performance worth every penny buy again,Positive,0.7096,Positive,2023-01
REV002864,BOO1738,Books,Cookbook,"terrible experience, item arrived damaged. Wish I'd read reviews first.",1,2024-08-15,Yes,3,terrible experience item arrived damaged wish read reviews first,Negative,-0.5106,Negative,2024-08
REV000690,HOM1401,Home & Kitchen,Blender,perfect fit and great customer service too. Would buy again.,5,2024-07-23,Yes,3,perfect fit great customer service too buy again,Positive,0.8834,Positive,2024-07
REV000665,BOO1184,Books,Business Book,"it's fine, though the packaging could be better. Still testing it out.",3,2023-12-30,Yes,0,fine though packaging better still testing out,Positive,0.5719,Neutral,2023-12
REV003659,SPO1620,Sports & Outdoors,Hiking Backpack,"it's okay, does the job but nothing special. We'll see how it holds up.",3,2023-11-30,No,2,okay job nothing special ll see how holds up,Negative,-0.3479,Neutral,2023-11
REV001877,SPO1273,Sports & Outdoors,Camping Tent,"absolutely love this product, exceeded my expectations. Five stars from me.",5,2023-08-25,No,2,absolutely love product exceeded expectations five stars me,Positive,0.6697,Positive,2023-08
REV002628,SPO1328,Sports & Outdoors,Hiking Backpack,"this is fantastic, exactly what I needed. My whole family loves it.",4,2023-08-03,No,0,fantastic exactly what needed whole family loves,Positive,0.8074,Positive,2023-08
REV001437,SPO1146,Sports & Outdoors,Camping Tent,"absolutely love this product, exceeded my expectations.",4,2023-11-04,Yes,7,absolutely love product exceeded expectations,Positive,0.6697,Positive,2023-11
REV002694,CLO1462,Clothing,Cotton T-Shirt,"reasonable quality, similar to other products in this range. We'll see how it holds up.",3,2023-05-12,No,0,reasonable quality similar other products range ll see how holds up,Neutral,0.0,Neutral,2023-05
REV001740,BEA1953,Beauty,Lip Balm Set,perfect fit and great customer service too. My whole family loves it.,5,2023-07-04,No,0,perfect fit great customer service too whole family loves,Positive,0.9325,Positive,2023-07
REV002446,HOM1632,Home & Kitchen,Non-Stick Pan Set,"excellent build quality, arrived quickly and works great.",5,2024-09-21,Yes,6,excellent build quality arrived quickly works great,Positive,0.8316,Positive,2024-09
REV003732,CLO1229,Clothing,Winter Jacket,"amazing value for the price, very happy with this purchase. My whole family loves it.",4,2024-09-28,Yes,9,amazing value price happy purchase whole family loves,Positive,0.9312,Positive,2024-09
REV003840,SPO1663,Sports & Outdoors,Resistance Bands,"great quality and works perfectly, highly recommend.",5,2024-12-17,Yes,0,great quality works perfectly highly recommend,Positive,0.902,Positive,2024-12
REV000429,HOM1348,Home & Kitchen,Vacuum Cleaner,   <br>  ,5,2024-03-01,No,0,,Neutral,0.0,Positive,2024-03
REV002992,BEA1571,Beauty,Shampoo,"gets the job done, nothing more nothing less. Still testing it out.",3,2023-10-02,Yes,0,gets job done nothing more nothing less still testing out,Neutral,0.0,Neutral,2023-10
REV002074,SPO1566,Sports & Outdoors,Resistance Bands,"superb product, will definitely buy again. Five stars from me.",4,2024-04-05,Yes,0,superb product definitely buy again five stars me,Positive,0.7783,Positive,2024-04
REV002677,HOM1601,Home & Kitchen,Blender,"terrible experience, item arrived damaged. Asked for a refund.",1,2024-04-03,Yes,11,terrible experience item arrived damaged asked refund,Negative,-0.7184,Negative,2024-04
REV002351,CLO1845,Clothing,Winter Jacket,"excellent build quality, arrived quickly and works great. My whole family loves it.",5,2024-10-09,Yes,1,excellent build quality arrived quickly works great whole family loves,Positive,0.91,Positive,2024-10
REV001963,ELE1657,Electronics,Smartwatch,perfect fit and great customer service too. Fast shipping too!,5,2024-06-27,Yes,6,perfect fit great customer service too fast shipping too,Positive,0.8908,Positive,2024-06
REV002140,BOO1432,Books,Sci-Fi Trilogy,perfect fit and great customer service too.,4,2023-11-05,Yes,4,perfect fit great customer service too,Positive,0.8834,Positive,2023-11
REV001017,BEA1736,Beauty,Shampoo,"excellent build quality, arrived quickly and works great. Five stars from me.",5,2023-09-04,Yes,6,excellent build quality arrived quickly works great five stars me,Positive,0.8316,Positive,2023-09
REV001728,BOO1952,Books,Mystery Novel,"great quality and works perfectly, highly recommend.",4,2024-02-14,Yes,0,great quality works perfectly highly recommend,Positive,0.902,Positive,2024-02
REV003231,BOO1605,Books,Mystery Novel,"regret buying this, quality is really bad. Asked for a refund.",1,2023-04-24,Yes,2,regret buying quality bad asked refund,Negative,-0.7645,Negative,2023-04
REV002397,BEA1153,Beauty,Lip Balm Set,"this is fantastic, exactly what I needed. My whole family loves it.   <br>  ",4,2024-10-20,No,13,fantastic exactly what needed whole family loves,Positive,0.8074,Positive,2024-10
REV001124,ELE1726,Electronics,Laptop Stand,"regret buying this, quality is really bad. Would not recommend to anyone.",1,2024-12-07,Yes,0,regret buying quality bad recommend anyone,Negative,-0.8273,Negative,2024-12
REV002618,BOO1222,Books,Business Book,"it's fine, though the packaging could be better. Might update this review later.",3,2023-02-17,No,0,fine though packaging better might update review later,Positive,0.5719,Neutral,2023-02
REV003371,SPO1086,Sports & Outdoors,Resistance Bands,"not bad, not great, just an average item.",3,2024-03-24,Yes,0,bad great average item,Positive,0.6754,Neutral,2024-03
REV000598,HOM1122,Home & Kitchen,Coffee Maker,"absolutely love this product, exceeded my expectations. Five stars from me.",5,2024-05-29,Yes,4,absolutely love product exceeded expectations five stars me,Positive,0.6697,Positive,2024-05
REV001726,BEA1701,Beauty,Face Moisturizer,"very disappointed, stopped working after a few days. Wish I'd read reviews first.",1,2024-03-20,Yes,4,disappointed stopped working after few days wish read reviews first,Negative,-0.4351,Negative,2024-03
REV003757,BOO1750,Books,Cookbook,works flawlessly and looks even better in person. Would buy again.,5,2024-02-20,Yes,2,works flawlessly looks even better person buy again,Positive,0.5719,Positive,2024-02
REV000588,ELE1800,Electronics,Bluetooth Speaker,acceptable quality for casual use. Might update this review later.,3,2024-02-13,Yes,0,acceptable quality casual use might update review later,Positive,0.4767,Neutral,2024-02
REV000667,HOM1602,Home & Kitchen,Non-Stick Pan Set,"outstanding performance, worth every penny. My whole family loves it.",5,2023-10-17,Yes,4,outstanding performance worth every penny whole family loves,Positive,0.8625,Positive,2023-10
REV000018,BOO1858,Books,Mystery Novel,"does not match the description, quite misleading.",1,2024-12-11,Yes,0,match description quite misleading,Negative,-0.4576,Negative,2024-12
REV003635,SPO1464,Sports & Outdoors,Hiking Backpack,"this is fantastic, exactly what I needed. Five stars from me.",5,2023-06-27,Yes,2,fantastic exactly what needed five stars me,Positive,0.5574,Positive,2023-06
REV001956,BOO1800,Books,Cookbook,"excellent build quality, arrived quickly and works great. Would buy again.",5,2024-01-16,No,0,excellent build quality arrived quickly works great buy again,Positive,0.8316,Positive,2024-01
REV002669,ELE1649,Electronics,Smartwatch,"absolutely love this product, exceeded my expectations.",4,2023-01-30,Yes,3,absolutely love product exceeded expectations,Positive,0.6697,Positive,2023-01
REV002113,HOM1511,Home & Kitchen,Air Fryer,perfect fit and great customer service too. Five stars from me.,5,2023-04-02,No,0,perfect fit great customer service too five stars me,Positive,0.8834,Positive,2023-04
REV001255,CLO1099,Clothing,Cotton T-Shirt,"gets the job done, nothing more nothing less. We'll see how it holds up.",3,2024-06-17,No,1,gets job done nothing more nothing less ll see how holds up,Neutral,0.0,Neutral,2024-06
REV002736,HOM1460,Home & Kitchen,Blender,"does not match the description, quite misleading. Very frustrating.",2,2024-01-01,Yes,2,match description quite misleading frustrating,Negative,-0.7543,Negative,2024-01
REV001498,BEA1872,Beauty,Lip Balm Set,"not bad, not great, just an average item.",3,2023-08-21,Yes,0,bad great average item,Positive,0.6754,Neutral,2023-08
REV001344,BEA1126,Beauty,Lip Balm Set,"broke within a week, waste of money.",2,2023-08-14,Yes,3,broke within week waste money,Negative,-0.6808,Negative,2023-08
REV001770,BEA1498,Beauty,Lip Balm Set,"gets the job done, nothing more nothing less. Might update this review later.",3,2024-11-21,Yes,1,gets job done nothing more nothing less might update review later,Neutral,0.0,Neutral,2024-11
REV000646,CLO1230,Clothing,Denim Jeans,"does what it says, no major complaints.",3,2023-09-21,Yes,0,what says major complaints,Positive,0.0903,Neutral,2023-09
REV000457,BEA1519,Beauty,Sunscreen SPF50,"very satisfied, the quality exceeded what I paid for. Five stars from me.",5,2024-09-14,Yes,6,satisfied quality exceeded what paid five stars me,Positive,0.4754,Positive,2024-09
REV002034,ELE1600,Electronics,Power Bank,"absolutely love this product, exceeded my expectations. My whole family loves it.",5,2024-04-21,Yes,2,absolutely love product exceeded expectations whole family loves,Positive,0.8479,Positive,2024-04
REV001319,BEA1150,Beauty,Shampoo,"outstanding performance, worth every penny. Would buy again.",5,2023-01-02,Yes,0,outstanding performance worth every penny buy again,Positive,0.7096,Positive,2023-01
REV003542,BEA1348,Beauty,Hair Dryer,perfect fit and great customer service too. Five stars from me.,5,2023-09-03,Yes,6,perfect fit great customer service too five stars me,Positive,0.8834,Positive,2023-09
REV000813,CLO1080,Clothing,Denim Jeans,"great quality and works perfectly, highly recommend. Fast shipping too!",5,2024-03-23,No,1,great quality works perfectly highly recommend fast shipping too,Positive,0.9078,Positive,2024-03
REV000309,SPO1015,Sports & Outdoors,Camping Tent,"very satisfied, the quality exceeded what I paid for. Five stars from me.",5,2024-10-25,Yes,2,satisfied quality exceeded what paid five stars me,Positive,0.4754,Positive,2024-10
REV001007,HOM1197,Home & Kitchen,Coffee Maker,"it's okay, does the job but nothing special.",3,2024-11-24,Yes,1,okay job nothing special,Negative,-0.3479,Neutral,2024-11
REV003435,SPO1526,Sports & Outdoors,Camping Tent,"not bad, not great, just an average item. Might update this review later.",3,2024-01-25,Yes,0,bad great average item might update review later,Positive,0.6754,Neutral,2024-01
REV003656,ELE1990,Electronics,Laptop Stand,"does what it says, no major complaints. Might update this review later.",3,2024-07-28,Yes,1,what says major complaints might update review later,Positive,0.0903,Neutral,2024-07
REV002508,ELE1727,Electronics,Smartwatch,"great quality and works perfectly, highly recommend.",5,2023-06-05,Yes,0,great quality works perfectly highly recommend,Positive,0.902,Positive,2023-06
REV003746,BEA1721,Beauty,Sunscreen SPF50,works flawlessly and looks even better in person. Fast shipping too!,5,2024-09-28,Yes,3,works flawlessly looks even better person fast shipping too,Positive,0.6114,Positive,2024-09
REV002870,SPO1765,Sports & Outdoors,Yoga Mat,"amazing value for the price, very happy with this purchase. Five stars from me.",4,2024-09-03,Yes,3,amazing value price happy purchase five stars me,Positive,0.8805,Positive,2024-09
REV003092,SPO1482,Sports & Outdoors,Hiking Backpack,perfect fit and great customer service too. Would buy again.,5,2023-09-08,Yes,0,perfect fit great customer service too buy again,Positive,0.8834,Positive,2023-09
REV003797,BOO1731,Books,Business Book,"absolutely love this product, exceeded my expectations. My whole family loves it.",4,2024-05-29,Yes,3,absolutely love product exceeded expectations whole family loves,Positive,0.8479,Positive,2024-05
REV001886,BOO1344,Books,Self-Help Guide,"excellent build quality, arrived quickly and works great. Five stars from me.   <br>  ",5,2023-05-25,Yes,0,excellent build quality arrived quickly works great five stars me,Positive,0.8316,Positive,2023-05
REV002715,BOO1937,Books,Cookbook,"very satisfied, the quality exceeded what I paid for. Fast shipping too!",5,2024-09-11,Yes,3,satisfied quality exceeded what paid fast shipping too,Positive,0.5244,Positive,2024-09
REV002841,SPO1320,Sports & Outdoors,Yoga Mat,"it's fine, though the packaging could be better. Still testing it out.",3,2023-11-20,Yes,0,fine though packaging better still testing out,Positive,0.5719,Neutral,2023-11
REV001238,BOO1836,Books,Mystery Novel,perfect fit and great customer service too. Would buy again.,5,2023-01-20,Yes,1,perfect fit great customer service too buy again,Positive,0.8834,Positive,2023-01
REV001226,BEA1688,Beauty,Hair Dryer,cheaply made and feels flimsy. Asked for a refund.,2,2023-02-26,Yes,2,cheaply made feels flimsy asked refund,Neutral,0.0,Negative,2023-02
REV002373,ELE1307,Electronics,Laptop Stand,"amazing value for the price, very happy with this purchase. My whole family loves it.",4,2023-06-18,No,0,amazing value price happy purchase whole family loves,Positive,0.9312,Positive,2023-06
REV000920,BOO1316,Books,Business Book,"worst purchase I've made this year, do not recommend. Asked for a refund.",1,2024-04-28,Yes,0,worst purchase ve made year recommend asked refund,Negative,-0.7359,Negative,2024-04
REV001619,CLO1348,Clothing,Winter Jacket,arrived defective and customer support was unhelpful.,2,2023-05-15,Yes,2,arrived defective customer support unhelpful,Negative,-0.0516,Negative,2023-05
REV000085,BEA1162,Beauty,Sunscreen SPF50,"absolutely love this product, exceeded my expectations. Five stars from me.   <br>  ",5,2024-10-07,Yes,7,absolutely love product exceeded expectations five stars me,Positive,0.6697,Positive,2024-10
REV003611,SPO1373,Sports & Outdoors,Hiking Backpack,"great quality and works perfectly, highly recommend. Fast shipping too!",5,2024-03-08,Yes,2,great quality works perfectly highly recommend fast shipping too,Positive,0.9078,Positive,2024-03
REV000674,SPO1671,Sports & Outdoors,Yoga Mat,"absolutely love this product, exceeded my expectations.",4,2023-05-15,Yes,1,absolutely love product exceeded expectations,Positive,0.6697,Positive,2023-05
REV002998,BOO1267,Books,Sci-Fi Trilogy,"average product, met basic expectations. Still testing it out.",3,2024-01-27,Yes,0,average product met basic expectations still testing out,Neutral,0.0,Neutral,2024-01
REV003674,HOM1755,Home & Kitchen,Air Fryer,"worst purchase I've made this year, do not recommend. Wish I'd read reviews first.",2,2024-03-20,Yes,2,worst purchase ve made year recommend wish read reviews first,Negative,-0.816,Negative,2024-03
REV003950,BEA1472,Beauty,Shampoo,"not as advertised, very frustrating purchase. Very frustrating.",1,2024-02-25,Yes,5,advertised frustrating purchase frustrating,Negative,-0.7496,Negative,2024-02
REV003192,ELE1409,Electronics,Laptop Stand,perfect fit and great customer service too. Would buy again.,5,2023-02-24,Yes,3,perfect fit great customer service too buy again,Positive,0.8834,Positive,2023-02
REV003670,CLO1424,Clothing,Yoga Pants,"this is fantastic, exactly what I needed. Fast shipping too!",4,2024-06-04,Yes,2,fantastic exactly what needed fast shipping too,Positive,0.5983,Positive,2024-06
REV001089,BEA1771,Beauty,Face Moisturizer,"it's fine, though the packaging could be better. Might update this review later.",3,2024-03-25,Yes,1,fine though packaging better might update review later,Positive,0.5719,Neutral,2024-03
REV000620,HOM1485,Home & Kitchen,Coffee Maker,perfect fit and great customer service too. Five stars from me.,5,2024-06-16,Yes,3,perfect fit great customer service too five stars me,Positive,0.8834,Positive,2024-06
REV002817,HOM1931,Home & Kitchen,Coffee Maker,"excellent build quality, arrived quickly and works great. Would buy again.",5,2024-01-07,Yes,3,excellent build quality arrived quickly works great buy again,Positive,0.8316,Positive,2024-01
REV002653,ELE1985,Electronics,Smartwatch,"worst purchase I've made this year, do not recommend.   <br>  ",2,2024-07-25,Yes,9,worst purchase ve made year recommend,Negative,-0.7359,Negative,2024-07
REV001215,CLO1306,Clothing,Yoga Pants,"absolutely love this product, exceeded my expectations. Would buy again.",4,2024-08-06,Yes,3,absolutely love product exceeded expectations buy again,Positive,0.6697,Positive,2024-08
REV001703,BEA1631,Beauty,Hair Dryer,perfect fit and great customer service too. My whole family loves it.,5,2023-11-28,Yes,2,perfect fit great customer service too whole family loves,Positive,0.9325,Positive,2023-11
REV002066,CLO1974,Clothing,Denim Jeans,"gets the job done, nothing more nothing less. Still testing it out.",3,2024-09-14,Yes,1,gets job done nothing more nothing less still testing out,Neutral,0.0,Neutral,2024-09
REV000784,ELE1061,Electronics,Power Bank,"excellent build quality, arrived quickly and works great. Five stars from me.",5,2024-11-25,No,6,excellent build quality arrived quickly works great five stars me,Positive,0.8316,Positive,2024-11
REV002944,HOM1436,Home & Kitchen,Non-Stick Pan Set,"outstanding performance, worth every penny.",4,2023-05-05,Yes,3,outstanding performance worth every penny,Positive,0.7096,Positive,2023-05
REV002415,BEA1249,Beauty,Face Moisturizer,"excellent build quality, arrived quickly and works great.",5,2023-10-08,No,1,excellent build quality arrived quickly works great,Positive,0.8316,Positive,2023-10
REV003586,CLO1858,Clothing,Running Shoes,arrived defective and customer support was unhelpful. Would not recommend to anyone.,1,2024-09-10,Yes,4,arrived defective customer support unhelpful recommend anyone,Negative,-0.3204,Negative,2024-09
REV001580,SPO1237,Sports & Outdoors,Resistance Bands,"does not match the description, quite misleading. Would not recommend to anyone.",2,2023-04-09,Yes,0,match description quite misleading recommend anyone,Negative,-0.6253,Negative,2023-04
REV003740,CLO1235,Clothing,Denim Jeans,"excellent build quality, arrived quickly and works great. Would buy again.",5,2024-10-01,Yes,2,excellent build quality arrived quickly works great buy again,Positive,0.8316,Positive,2024-10
REV003692,BOO1407,Books,Business Book,"does what it says, no major complaints. Might update this review later.",3,2024-11-04,Yes,0,what says major complaints might update review later,Positive,0.0903,Neutral,2024-11
REV002268,SPO1505,Sports & Outdoors,Yoga Mat,"very satisfied, the quality exceeded what I paid for.",5,2023-03-15,Yes,7,satisfied quality exceeded what paid,Positive,0.4754,Positive,2023-03
REV002686,CLO1303,Clothing,Running Shoes,"great quality and works perfectly, highly recommend.",5,2023-09-18,Yes,15,great quality works perfectly highly recommend,Positive,0.902,Positive,2023-09
REV000625,BEA1695,Beauty,Lip Balm Set,works flawlessly and looks even better in person. Would buy again.,5,2023-04-11,Yes,0,works flawlessly looks even better person buy again,Positive,0.5719,Positive,2023-04
REV001366,HOM1623,Home & Kitchen,Coffee Maker,"excellent build quality, arrived quickly and works great. Five stars from me.",5,2024-06-06,Yes,4,excellent build quality arrived quickly works great five stars me,Positive,0.8316,Positive,2024-06
REV002182,ELE1426,Electronics,Wireless Earbuds,"very satisfied, the quality exceeded what I paid for. Five stars from me.",5,2024-05-02,No,7,satisfied quality exceeded what paid five stars me,Positive,0.4754,Positive,2024-05
REV003900,BEA1522,Beauty,Face Moisturizer,"decent for the price, but not amazing. We'll see how it holds up.",3,2024-05-27,Yes,0,decent price amazing ll see how holds up,Negative,-0.6259,Neutral,2024-05
REV003138,CLO1201,Clothing,Cotton T-Shirt,"not as advertised, very frustrating purchase. Very frustrating.",1,2024-12-26,Yes,2,advertised frustrating purchase frustrating,Negative,-0.7496,Negative,2024-12
REV003370,BOO1515,Books,Self-Help Guide,"superb product, will definitely buy again. Fast shipping too!",5,2023-08-06,Yes,1,superb product definitely buy again fast shipping too,Positive,0.7959,Positive,2023-08
REV003871,SPO1198,Sports & Outdoors,Resistance Bands,perfect fit and great customer service too.,4,2023-11-22,Yes,3,perfect fit great customer service too,Positive,0.8834,Positive,2023-11
REV003825,CLO1825,Clothing,Cotton T-Shirt,"outstanding performance, worth every penny. Five stars from me.",5,2023-03-01,No,3,outstanding performance worth every penny five stars me,Positive,0.7096,Positive,2023-03
REV001268,SPO1609,Sports & Outdoors,Hiking Backpack,arrived defective and customer support was unhelpful. Very frustrating.,2,2023-07-30,Yes,1,arrived defective customer support unhelpful frustrating,Negative,-0.5256,Negative,2023-07
REV002831,SPO1877,Sports & Outdoors,Resistance Bands,"not as advertised, very frustrating purchase. Very frustrating.",2,2023-02-15,Yes,2,advertised frustrating purchase frustrating,Negative,-0.7496,Negative,2023-02
REV000459,SPO1652,Sports & Outdoors,Water Bottle,perfect fit and great customer service too. Would buy again.,4,2024-05-27,No,5,perfect fit great customer service too buy again,Positive,0.8834,Positive,2024-05
REV000009,ELE1487,Electronics,Laptop Stand,"excellent build quality, arrived quickly and works great. Would buy again.",5,2024-09-23,Yes,0,excellent build quality arrived quickly works great buy again,Positive,0.8316,Positive,2024-09
REV002167,CLO1801,Clothing,Winter Jacket,works flawlessly and looks even better in person. Five stars from me.,5,2024-04-05,Yes,2,works flawlessly looks even better person five stars me,Positive,0.5719,Positive,2024-04
REV003411,BOO1528,Books,Self-Help Guide,"works fine so far, will update if anything changes. Might update this review later.",3,2023-01-15,Yes,2,works fine far update anything changes might update review later,Positive,0.2023,Neutral,2023-01
REV002532,CLO1466,Clothing,Cotton T-Shirt,"not bad, not great, just an average item. We'll see how it holds up.",3,2023-12-13,No,0,bad great average item ll see how holds up,Positive,0.6754,Neutral,2023-12
REV003353,HOM1506,Home & Kitchen,Vacuum Cleaner,"absolutely love this product, exceeded my expectations. Fast shipping too!",4,2024-11-24,Yes,0,absolutely love product exceeded expectations fast shipping too,Positive,0.6989,Positive,2024-11
REV001542,ELE1461,Electronics,Laptop Stand,works flawlessly and looks even better in person.,4,2024-03-14,Yes,2,works flawlessly looks even better person,Positive,0.5719,Positive,2024-03
REV000716,HOM1858,Home & Kitchen,Coffee Maker,"gets the job done, nothing more nothing less. We'll see how it holds up.",3,2024-01-24,Yes,0,gets job done nothing more nothing less ll see how holds up,Neutral,0.0,Neutral,2024-01
REV000444,ELE1671,Electronics,Laptop Stand,works flawlessly and looks even better in person. My whole family loves it.,5,2023-04-14,No,5,works flawlessly looks even better person whole family loves,Positive,0.8126,Positive,2023-04
REV002525,BOO1331,Books,Sci-Fi Trilogy,"it's okay, does the job but nothing special.",3,2023-10-28,Yes,0,okay job nothing special,Negative,-0.3479,Neutral,2023-10
REV002509,BEA1734,Beauty,Shampoo,"absolutely love this product, exceeded my expectations. Fast shipping too!",4,2024-09-01,Yes,0,absolutely love product exceeded expectations fast shipping too,Positive,0.6989,Positive,2024-09
REV003263,HOM1672,Home & Kitchen,Vacuum Cleaner,"this is fantastic, exactly what I needed. Would buy again.",5,2024-06-03,Yes,1,fantastic exactly what needed buy again,Positive,0.5574,Positive,2024-06
REV002063,BEA1401,Beauty,Lip Balm Set,"worst purchase I've made this year, do not recommend. Asked for a refund.",1,2023-06-08,Yes,0,worst purchase ve made year recommend asked refund,Negative,-0.7359,Negative,2023-06
REV000192,CLO1605,Clothing,Running Shoes,"does what it says, no major complaints. We'll see how it holds up.   <br>  ",3,2023-05-05,Yes,0,what says major complaints ll see how holds up,Positive,0.0903,Neutral,2023-05
REV002097,BEA1901,Beauty,Sunscreen SPF50,"outstanding performance, worth every penny. Would buy again.",5,2024-03-21,Yes,0,outstanding performance worth every penny buy again,Positive,0.7096,Positive,2024-03
REV000425,BOO1665,Books,Self-Help Guide,"works fine so far, will update if anything changes. Might update this review later.",3,2023-07-25,Yes,0,works fine far update anything changes might update review later,Positive,0.2023,Neutral,2023-07
REV001644,CLO1055,Clothing,Running Shoes,"it's okay, does the job but nothing special. Still testing it out.",3,2024-04-12,Yes,0,okay job nothing special still testing out,Negative,-0.3479,Neutral,2024-04
REV001390,BEA1373,Beauty,Face Moisturizer,"it's okay, does the job but nothing special. Still testing it out.",3,2023-06-20,No,0,okay job nothing special still testing out,Negative,-0.3479,Neutral,2023-06
REV003977,ELE1823,Electronics,Smartwatch,"gets the job done, nothing more nothing less. Still testing it out.",3,2023-04-11,Yes,0,gets job done nothing more nothing less still testing out,Neutral,0.0,Neutral,2023-04
REV001681,HOM1310,Home & Kitchen,Vacuum Cleaner,"great quality and works perfectly, highly recommend.",4,2024-03-03,Yes,0,great quality works perfectly highly recommend,Positive,0.902,Positive,2024-03
REV002426,CLO1998,Clothing,Winter Jacket,"not as advertised, very frustrating purchase. Wish I'd read reviews first.",2,2024-04-13,Yes,17,advertised frustrating purchase wish read reviews first,Negative,-0.0591,Negative,2024-04
REV000788,BEA1246,Beauty,Face Moisturizer,perfect fit and great customer service too. Fast shipping too!,5,2023-05-20,Yes,2,perfect fit great customer service too fast shipping too,Positive,0.8908,Positive,2023-05
REV001351,ELE1369,Electronics,Power Bank,arrived defective and customer support was unhelpful. Would not recommend to anyone.,1,2024-02-02,No,0,arrived defective customer support unhelpful recommend anyone,Negative,-0.3204,Negative,2024-02
REV001491,BOO1797,Books,Mystery Novel,works flawlessly and looks even better in person.,4,2024-01-19,Yes,0,works flawlessly looks even better person,Positive,0.5719,Positive,2024-01
REV003281,BOO1733,Books,Business Book,"very disappointed, stopped working after a few days. Very frustrating.",1,2024-07-04,Yes,8,disappointed stopped working after few days frustrating,Negative,-0.83,Negative,2024-07
REV003777,BEA1332,Beauty,Sunscreen SPF50,"average product, met basic expectations. Might update this review later.",3,2023-08-03,Yes,0,average product met basic expectations might update review later,Neutral,0.0,Neutral,2023-08
REV001601,HOM1416,Home & Kitchen,Non-Stick Pan Set,"not as advertised, very frustrating purchase.",1,2023-10-31,Yes,8,advertised frustrating purchase,Negative,-0.4927,Negative,2023-10
REV003805,ELE1690,Electronics,Laptop Stand,works flawlessly and looks even better in person. Would buy again.,5,2024-07-14,Yes,1,works flawlessly looks even better person buy again,Positive,0.5719,Positive,2024-07
REV003867,HOM1520,Home & Kitchen,Blender,perfect fit and great customer service too.   <br>  ,5,2024-02-05,Yes,3,perfect fit great customer service too,Positive,0.8834,Positive,2024-02
REV003861,HOM1675,Home & Kitchen,Non-Stick Pan Set,works flawlessly and looks even better in person.,5,2023-03-09,No,8,works flawlessly looks even better person,Positive,0.5719,Positive,2023-03
REV000059,ELE1235,Electronics,Wireless Earbuds,perfect fit and great customer service too. My whole family loves it.,5,2024-03-15,Yes,3,perfect fit great customer service too whole family loves,Positive,0.9325,Positive,2024-03
REV000523,BEA1392,Beauty,Lip Balm Set,"gets the job done, nothing more nothing less. Still testing it out.",3,2023-12-10,No,0,gets job done nothing more nothing less still testing out,Neutral,0.0,Neutral,2023-12
REV001901,BOO1468,Books,Self-Help Guide,"amazing value for the price, very happy with this purchase. My whole family loves it.",4,2024-02-08,Yes,4,amazing value price happy purchase whole family loves,Positive,0.9312,Positive,2024-02
REV003136,CLO1818,Clothing,Running Shoes,"this is fantastic, exactly what I needed. My whole family loves it.   <br>  ",5,2023-09-20,Yes,3,fantastic exactly what needed whole family loves,Positive,0.8074,Positive,2023-09
REV000123,SPO1425,Sports & Outdoors,Water Bottle,cheaply made and feels flimsy. Wish I'd read reviews first.,1,2023-09-21,Yes,3,cheaply made feels flimsy wish read reviews first,Positive,0.4019,Negative,2023-09
REV001002,BOO1177,Books,Mystery Novel,"does not match the description, quite misleading. Very frustrating.",1,2023-06-14,Yes,0,match description quite misleading frustrating,Negative,-0.7543,Negative,2023-06
REV001374,SPO1985,Sports & Outdoors,Resistance Bands,"very satisfied, the quality exceeded what I paid for. Would buy again.",4,2023-12-05,Yes,1,satisfied quality exceeded what paid buy again,Positive,0.4754,Positive,2023-12
REV000917,BEA1523,Beauty,Face Moisturizer,perfect fit and great customer service too. Five stars from me.,5,2023-02-05,Yes,4,perfect fit great customer service too five stars me,Positive,0.8834,Positive,2023-02
REV000827,HOM1903,Home & Kitchen,Coffee Maker,"it's okay, does the job but nothing special. We'll see how it holds up.",3,2024-03-21,Yes,0,okay job nothing special ll see how holds up,Negative,-0.3479,Neutral,2024-03
REV000527,SPO1412,Sports & Outdoors,Yoga Mat,perfect fit and great customer service too. Would buy again.,5,2024-09-08,Yes,0,perfect fit great customer service too buy again,Positive,0.8834,Positive,2024-09
REV002002,SPO1323,Sports & Outdoors,Yoga Mat,acceptable quality for casual use. Still testing it out.,3,2024-01-15,Yes,3,acceptable quality casual use still testing out,Positive,0.4767,Neutral,2024-01
REV001547,HOM1532,Home & Kitchen,Non-Stick Pan Set,"excellent build quality, arrived quickly and works great. My whole family loves it.",4,2024-04-16,Yes,4,excellent build quality arrived quickly works great whole family loves,Positive,0.91,Positive,2024-04
REV002393,HOM1327,Home & Kitchen,Blender,"not bad, not great, just an average item. We'll see how it holds up.",3,2024-12-01,Yes,2,bad great average item ll see how holds up,Positive,0.6754,Neutral,2024-12
REV001137,ELE1023,Electronics,Smartwatch,"amazing value for the price, very happy with this purchase. Fast shipping too!",5,2024-09-19,Yes,2,amazing value price happy purchase fast shipping too,Positive,0.8881,Positive,2024-09
REV002410,CLO1423,Clothing,Cotton T-Shirt,perfect fit and great customer service too. My whole family loves it.,5,2024-06-06,Yes,3,perfect fit great customer service too whole family loves,Positive,0.9325,Positive,2024-06
REV000279,BEA1834,Beauty,Hair Dryer,"excellent build quality, arrived quickly and works great. My whole family loves it.",5,2024-02-15,Yes,0,excellent build quality arrived quickly works great whole family loves,Positive,0.91,Positive,2024-02
REV000883,BEA1586,Beauty,Face Moisturizer,"absolutely love this product, exceeded my expectations. Would buy again.",5,2023-08-18,Yes,3,absolutely love product exceeded expectations buy again,Positive,0.6697,Positive,2023-08
REV000738,BEA1614,Beauty,Shampoo,"it's fine, though the packaging could be better. Might update this review later.",3,2024-06-16,No,2,fine though packaging better might update review later,Positive,0.5719,Neutral,2024-06
REV002543,CLO1340,Clothing,Winter Jacket,"this is fantastic, exactly what I needed. Would buy again.",4,2023-02-17,Yes,4,fantastic exactly what needed buy again,Positive,0.5574,Positive,2023-02
REV003158,BOO1881,Books,Business Book,"it's fine, though the packaging could be better. Might update this review later.",3,2024-07-10,Yes,0,fine though packaging better might update review later,Positive,0.5719,Neutral,2024-07
REV000295,BEA1108,Beauty,Sunscreen SPF50,"outstanding performance, worth every penny. Five stars from me.",5,2024-06-05,No,0,outstanding performance worth every penny five stars me,Positive,0.7096,Positive,2024-06
REV000505,ELE1908,Electronics,Smartwatch,"amazing value for the price, very happy with this purchase. Would buy again.",5,2023-01-26,Yes,2,amazing value price happy purchase buy again,Positive,0.8805,Positive,2023-01
REV001660,ELE1162,Electronics,Power Bank,"very satisfied, the quality exceeded what I paid for. Would buy again.",4,2023-07-02,Yes,0,satisfied quality exceeded what paid buy again,Positive,0.4754,Positive,2023-07
REV002120,ELE1607,Electronics,Laptop Stand,works flawlessly and looks even better in person. Would buy again.,5,2023-01-17,Yes,3,works flawlessly looks even better person buy again,Positive,0.5719,Positive,2023-01
REV001718,SPO1183,Sports & Outdoors,Hiking Backpack,"excellent build quality, arrived quickly and works great. Fast shipping too!",5,2024-01-27,Yes,0,excellent build quality arrived quickly works great fast shipping too,Positive,0.8439,Positive,2024-01
REV002449,SPO1595,Sports & Outdoors,Water Bottle,"amazing value for the price, very happy with this purchase. My whole family loves it.",5,2024-08-13,No,9,amazing value price happy purchase whole family loves,Positive,0.9312,Positive,2024-08
REV003799,BEA1911,Beauty,Face Moisturizer,"great quality and works perfectly, highly recommend.",4,2023-04-18,Yes,0,great quality works perfectly highly recommend,Positive,0.902,Positive,2023-04
REV000548,ELE1097,Electronics,Bluetooth Speaker,"does what it says, no major complaints.",3,2023-01-30,Yes,0,what says major complaints,Positive,0.0903,Neutral,2023-01
REV000004,BEA1710,Beauty,Sunscreen SPF50,works flawlessly and looks even better in person.,4,2023-05-01,Yes,3,works flawlessly looks even better person,Positive,0.5719,Positive,2023-05
REV000979,HOM1537,Home & Kitchen,Blender,"not as advertised, very frustrating purchase.",2,2024-12-27,Yes,1,advertised frustrating purchase,Negative,-0.4927,Negative,2024-12
REV001144,BEA1087,Beauty,Sunscreen SPF50,works flawlessly and looks even better in person. My whole family loves it.,5,2023-09-30,Yes,0,works flawlessly looks even better person whole family loves,Positive,0.8126,Positive,2023-09
REV003445,HOM1015,Home & Kitchen,Non-Stick Pan Set,"worst purchase I've made this year, do not recommend. Asked for a refund.",1,2023-06-26,No,0,worst purchase ve made year recommend asked refund,Negative,-0.7359,Negative,2023-06
REV001574,SPO1100,Sports & Outdoors,Hiking Backpack,arrived defective and customer support was unhelpful. Very frustrating.,2,2023-12-02,No,3,arrived defective customer support unhelpful frustrating,Negative,-0.5256,Negative,2023-12
REV002302,ELE1801,Electronics,Laptop Stand,"very disappointed, stopped working after a few days. Would not recommend to anyone.",1,2024-01-15,Yes,9,disappointed stopped working after few days recommend anyone,Negative,-0.7705,Negative,2024-01
REV000836,CLO1974,Clothing,Running Shoes,"excellent build quality, arrived quickly and works great. Fast shipping too!",5,2024-11-11,Yes,4,excellent build quality arrived quickly works great fast shipping too,Positive,0.8439,Positive,2024-11
REV000198,ELE1574,Electronics,Wireless Earbuds,"outstanding performance, worth every penny. Five stars from me.",5,2023-12-13,Yes,1,outstanding performance worth every penny five stars me,Positive,0.7096,Positive,2023-12
REV000612,ELE1787,Electronics,Smartwatch,"reasonable quality, similar to other products in this range. Might update this review later.",3,2024-05-10,No,0,reasonable quality similar other products range might update review later,Neutral,0.0,Neutral,2024-05
REV002612,BOO1879,Books,Self-Help Guide,"decent for the price, but not amazing. Might update this review later.",3,2024-04-17,No,0,decent price amazing might update review later,Negative,-0.6259,Neutral,2024-04
REV001803,BEA1330,Beauty,Shampoo,"this is fantastic, exactly what I needed. My whole family loves it.",5,2023-06-19,Yes,2,fantastic exactly what needed whole family loves,Positive,0.8074,Positive,2023-06
REV001141,BEA1445,Beauty,Hair Dryer,"great quality and works perfectly, highly recommend. Would buy again.",4,2024-08-25,Yes,1,great quality works perfectly highly recommend buy again,Positive,0.902,Positive,2024-08
REV001022,HOM1936,Home & Kitchen,Coffee Maker,cheaply made and feels flimsy. Asked for a refund.,2,2024-04-09,Yes,0,cheaply made feels flimsy asked refund,Neutral,0.0,Negative,2024-04
REV003148,BEA1644,Beauty,Face Moisturizer,"poor quality, not worth the money at all.",1,2023-03-07,Yes,0,poor quality worth money all,Negative,-0.5812,Negative,2023-03
REV001819,BOO1525,Books,Self-Help Guide,"very disappointed, stopped working after a few days. Asked for a refund.",2,2024-10-28,Yes,2,disappointed stopped working after few days asked refund,Negative,-0.6779,Negative,2024-10
REV002496,BEA1770,Beauty,Lip Balm Set,"regret buying this, quality is really bad. Wish I'd read reviews first.",2,2024-10-12,Yes,5,regret buying quality bad wish read reviews first,Negative,-0.5595,Negative,2024-10
REV003622,BOO1719,Books,Business Book,"decent for the price, but not amazing. Might update this review later.",3,2023-09-08,Yes,0,decent price amazing might update review later,Negative,-0.6259,Neutral,2023-09
REV002432,SPO1838,Sports & Outdoors,Yoga Mat,"it's okay, does the job but nothing special.",3,2023-01-07,Yes,0,okay job nothing special,Negative,-0.3479,Neutral,2023-01
REV002939,BEA1294,Beauty,Face Moisturizer,"it's okay, does the job but nothing special. Still testing it out.",3,2024-09-09,No,0,okay job nothing special still testing out,Negative,-0.3479,Neutral,2024-09
REV002502,BEA1060,Beauty,Sunscreen SPF50,"very satisfied, the quality exceeded what I paid for. Fast shipping too!",5,2024-05-29,Yes,0,satisfied quality exceeded what paid fast shipping too,Positive,0.5244,Positive,2024-05
REV002595,ELE1357,Electronics,Smartwatch,"superb product, will definitely buy again. My whole family loves it.",4,2023-05-24,Yes,3,superb product definitely buy again whole family loves,Positive,0.8885,Positive,2023-05
REV003889,HOM1124,Home & Kitchen,Blender,"amazing value for the price, very happy with this purchase. Would buy again.",4,2023-02-18,No,0,amazing value price happy purchase buy again,Positive,0.8805,Positive,2023-02
REV000063,SPO1776,Sports & Outdoors,Camping Tent,"outstanding performance, worth every penny. My whole family loves it.",4,2023-12-31,Yes,2,outstanding performance worth every penny whole family loves,Positive,0.8625,Positive,2023-12
REV002418,ELE1480,Electronics,Smartwatch,works flawlessly and looks even better in person. My whole family loves it.,4,2023-04-25,Yes,2,works flawlessly looks even better person whole family loves,Positive,0.8126,Positive,2023-04
REV000714,HOM1644,Home & Kitchen,Blender,"absolutely love this product, exceeded my expectations. Fast shipping too!",5,2024-08-14,Yes,10,absolutely love product exceeded expectations fast shipping too,Positive,0.6989,Positive,2024-08
REV000753,HOM1729,Home & Kitchen,Blender,"very satisfied, the quality exceeded what I paid for.   <br>  ",5,2024-05-23,Yes,6,satisfied quality exceeded what paid,Positive,0.4754,Positive,2024-05
REV001223,BOO1435,Books,Business Book,perfect fit and great customer service too. Fast shipping too!,5,2023-06-29,No,6,perfect fit great customer service too fast shipping too,Positive,0.8908,Positive,2023-06
REV002574,BOO1380,Books,Self-Help Guide,"excellent build quality, arrived quickly and works great. My whole family loves it.",5,2023-11-04,Yes,0,excellent build quality arrived quickly works great whole family loves,Positive,0.91,Positive,2023-11
REV000809,BOO1537,Books,Cookbook,"superb product, will definitely buy again. My whole family loves it.",5,2024-01-21,No,0,superb product definitely buy again whole family loves,Positive,0.8885,Positive,2024-01
REV002106,ELE1454,Electronics,Smartwatch,"poor quality, not worth the money at all. Wish I'd read reviews first.",1,2023-04-29,Yes,0,poor quality worth money all wish read reviews first,Negative,-0.2654,Negative,2023-04
REV001928,BOO1157,Books,Mystery Novel,perfect fit and great customer service too. My whole family loves it.,5,2023-07-24,Yes,1,perfect fit great customer service too whole family loves,Positive,0.9325,Positive,2023-07
REV001189,HOM1946,Home & Kitchen,Coffee Maker,"gets the job done, nothing more nothing less. Still testing it out.",3,2024-09-24,Yes,4,gets job done nothing more nothing less still testing out,Neutral,0.0,Neutral,2024-09
REV001971,HOM1477,Home & Kitchen,Coffee Maker,"amazing value for the price, very happy with this purchase. Five stars from me.   <br>  ",5,2023-09-20,Yes,4,amazing value price happy purchase five stars me,Positive,0.8805,Positive,2023-09
REV003125,CLO1745,Clothing,Winter Jacket,perfect fit and great customer service too.,4,2024-08-19,No,0,perfect fit great customer service too,Positive,0.8834,Positive,2024-08
REV001447,BEA1339,Beauty,Shampoo,"outstanding performance, worth every penny.   <br>  ",4,2024-04-12,Yes,4,outstanding performance worth every penny,Positive,0.7096,Positive,2024-04
REV000717,BOO1692,Books,Sci-Fi Trilogy,"outstanding performance, worth every penny. Fast shipping too!",5,2024-03-26,No,1,outstanding performance worth every penny fast shipping too,Positive,0.7345,Positive,2024-03
REV001883,BEA1817,Beauty,Sunscreen SPF50,"superb product, will definitely buy again. Would buy again.",4,2024-10-18,Yes,5,superb product definitely buy again buy again,Positive,0.7783,Positive,2024-10
REV001300,SPO1295,Sports & Outdoors,Hiking Backpack,"gets the job done, nothing more nothing less. Still testing it out.",3,2024-04-22,Yes,2,gets job done nothing more nothing less still testing out,Neutral,0.0,Neutral,2024-04
REV001676,BOO1089,Books,Self-Help Guide,"absolutely love this product, exceeded my expectations. Fast shipping too!",5,2023-12-24,No,0,absolutely love product exceeded expectations fast shipping too,Positive,0.6989,Positive,2023-12
REV000987,CLO1430,Clothing,Cotton T-Shirt,"average product, met basic expectations. Might update this review later.",3,2024-05-13,Yes,2,average product met basic expectations might update review later,Neutral,0.0,Neutral,2024-05
REV001924,BOO1497,Books,Sci-Fi Trilogy,"very satisfied, the quality exceeded what I paid for. My whole family loves it.",5,2024-09-04,No,2,satisfied quality exceeded what paid whole family loves,Positive,0.7778,Positive,2024-09
REV001112,HOM1773,Home & Kitchen,Non-Stick Pan Set,"outstanding performance, worth every penny. Fast shipping too!",5,2023-01-18,Yes,0,outstanding performance worth every penny fast shipping too,Positive,0.7345,Positive,2023-01
REV001800,BEA1462,Beauty,Face Moisturizer,"outstanding performance, worth every penny.",5,2024-06-06,Yes,1,outstanding performance worth every penny,Positive,0.7096,Positive,2024-06
REV001637,ELE1493,Electronics,Bluetooth Speaker,"great quality and works perfectly, highly recommend. Five stars from me.",5,2024-04-01,Yes,1,great quality works perfectly highly recommend five stars me,Positive,0.902,Positive,2024-04
REV003705,ELE1624,Electronics,Power Bank,perfect fit and great customer service too. My whole family loves it.   <br>  ,4,2023-08-01,Yes,0,perfect fit great customer service too whole family loves,Positive,0.9325,Positive,2023-08
REV000500,BOO1204,Books,Mystery Novel,works flawlessly and looks even better in person. Five stars from me.,5,2024-09-04,Yes,1,works flawlessly looks even better person five stars me,Positive,0.5719,Positive,2024-09
REV002067,CLO1342,Clothing,Denim Jeans,"very disappointed, stopped working after a few days. Asked for a refund.",1,2023-02-06,Yes,1,disappointed stopped working after few days asked refund,Negative,-0.6779,Negative,2023-02
REV001280,HOM1430,Home & Kitchen,Coffee Maker,"works fine so far, will update if anything changes. Still testing it out.",3,2023-04-17,No,0,works fine far update anything changes still testing out,Positive,0.2023,Neutral,2023-04
REV000145,ELE1011,Electronics,Power Bank,"broke within a week, waste of money.",1,2024-06-17,Yes,0,broke within week waste money,Negative,-0.6808,Negative,2024-06
REV003528,CLO1035,Clothing,Yoga Pants,"gets the job done, nothing more nothing less. We'll see how it holds up.",3,2023-10-03,Yes,0,gets job done nothing more nothing less ll see how holds up,Neutral,0.0,Neutral,2023-10
REV002335,HOM1060,Home & Kitchen,Coffee Maker,acceptable quality for casual use.,3,2024-08-23,Yes,0,acceptable quality casual use,Positive,0.4767,Neutral,2024-08
REV000367,CLO1194,Clothing,Winter Jacket,"it's fine, though the packaging could be better. We'll see how it holds up.",3,2023-12-21,Yes,1,fine though packaging better ll see how holds up,Positive,0.5719,Neutral,2023-12
REV003003,ELE1953,Electronics,Wireless Earbuds,"absolutely love this product, exceeded my expectations. Fast shipping too!",5,2024-07-03,No,1,absolutely love product exceeded expectations fast shipping too,Positive,0.6989,Positive,2024-07
REV000631,HOM1931,Home & Kitchen,Air Fryer,"amazing value for the price, very happy with this purchase. Would buy again.",5,2024-09-19,Yes,0,amazing value price happy purchase buy again,Positive,0.8805,Positive,2024-09
REV001675,ELE1052,Electronics,Wireless Earbuds,"very disappointed, stopped working after a few days.",2,2024-12-06,Yes,4,disappointed stopped working after few days,Negative,-0.6779,Negative,2024-12
REV003887,SPO1919,Sports & Outdoors,Water Bottle,"amazing value for the price, very happy with this purchase. My whole family loves it.",5,2024-07-03,Yes,2,amazing value price happy purchase whole family loves,Positive,0.9312,Positive,2024-07
REV002226,HOM1859,Home & Kitchen,Vacuum Cleaner,"absolutely love this product, exceeded my expectations. My whole family loves it.",5,2023-05-13,Yes,7,absolutely love product exceeded expectations whole family loves,Positive,0.8479,Positive,2023-05
REV003729,HOM1018,Home & Kitchen,Vacuum Cleaner,"decent for the price, but not amazing.   <br>  ",3,2023-04-06,No,0,decent price amazing,Negative,-0.6259,Neutral,2023-04
REV000238,ELE1926,Electronics,Wireless Earbuds,"very disappointed, stopped working after a few days. Very frustrating.",1,2023-01-30,Yes,1,disappointed stopped working after few days frustrating,Negative,-0.83,Negative,2023-01
REV002334,ELE1217,Electronics,Wireless Earbuds,"worst purchase I've made this year, do not recommend. Would not recommend to anyone.",1,2024-06-21,No,1,worst purchase ve made year recommend recommend anyone,Negative,-0.8085,Negative,2024-06
REV001019,ELE1810,Electronics,Laptop Stand,"amazing value for the price, very happy with this purchase. Would buy again.",4,2024-09-27,Yes,0,amazing value price happy purchase buy again,Positive,0.8805,Positive,2024-09
REV003872,ELE1070,Electronics,Smartwatch,"very satisfied, the quality exceeded what I paid for. Five stars from me.",5,2024-06-30,Yes,3,satisfied quality exceeded what paid five stars me,Positive,0.4754,Positive,2024-06
REV003386,SPO1358,Sports & Outdoors,Yoga Mat,"this is fantastic, exactly what I needed.",5,2024-12-01,Yes,0,fantastic exactly what needed,Positive,0.5574,Positive,2024-12
REV002630,BOO1813,Books,Mystery Novel,"terrible experience, item arrived damaged. Would not recommend to anyone.",1,2024-05-26,Yes,0,terrible experience item arrived damaged recommend anyone,Negative,-0.797,Negative,2024-05
REV001146,BOO1263,Books,Business Book,"regret buying this, quality is really bad. Asked for a refund.",1,2023-09-29,No,2,regret buying quality bad asked refund,Negative,-0.7645,Negative,2023-09
REV003905,BOO1386,Books,Business Book,perfect fit and great customer service too. My whole family loves it.,5,2024-02-09,Yes,0,perfect fit great customer service too whole family loves,Positive,0.9325,Positive,2024-02
REV000306,HOM1921,Home & Kitchen,Vacuum Cleaner,"not bad, not great, just an average item.",3,2023-06-17,Yes,0,bad great average item,Positive,0.6754,Neutral,2023-06
REV001454,BEA1527,Beauty,Shampoo,"it's okay, does the job but nothing special. We'll see how it holds up.",3,2023-02-09,Yes,0,okay job nothing special ll see how holds up,Negative,-0.3479,Neutral,2023-02
REV003721,CLO1197,Clothing,Denim Jeans,"amazing value for the price, very happy with this purchase.",5,2023-03-17,Yes,1,amazing value price happy purchase,Positive,0.8805,Positive,2023-03
REV001496,ELE1670,Electronics,Power Bank,"very satisfied, the quality exceeded what I paid for.",5,2023-05-06,No,5,satisfied quality exceeded what paid,Positive,0.4754,Positive,2023-05
REV000890,CLO1468,Clothing,Cotton T-Shirt,perfect fit and great customer service too. Fast shipping too!,5,2024-04-10,Yes,2,perfect fit great customer service too fast shipping too,Positive,0.8908,Positive,2024-04
REV003278,ELE1087,Electronics,Power Bank,"great quality and works perfectly, highly recommend. Fast shipping too!",5,2023-11-16,Yes,6,great quality works perfectly highly recommend fast shipping too,Positive,0.9078,Positive,2023-11
REV001481,BOO1707,Books,Cookbook,"reasonable quality, similar to other products in this range. Might update this review later.",3,2023-04-05,Yes,0,reasonable quality similar other products range might update review later,Neutral,0.0,Neutral,2023-04
REV003903,BEA1656,Beauty,Face Moisturizer,"does what it says, no major complaints. We'll see how it holds up.",3,2023-08-20,Yes,1,what says major complaints ll see how holds up,Positive,0.0903,Neutral,2023-08
REV001514,CLO1602,Clothing,Running Shoes,"broke within a week, waste of money. Wish I'd read reviews first.",1,2023-02-22,Yes,5,broke within week waste money wish read reviews first,Negative,-0.4404,Negative,2023-02
REV000654,ELE1195,Electronics,Laptop Stand,"great quality and works perfectly, highly recommend. Fast shipping too!",5,2024-08-06,Yes,0,great quality works perfectly highly recommend fast shipping too,Positive,0.9078,Positive,2024-08
REV001501,ELE1539,Electronics,Laptop Stand,"outstanding performance, worth every penny. Fast shipping too!",5,2023-10-03,Yes,7,outstanding performance worth every penny fast shipping too,Positive,0.7345,Positive,2023-10
REV001235,BEA1577,Beauty,Face Moisturizer,works flawlessly and looks even better in person. Five stars from me.,5,2024-12-14,Yes,3,works flawlessly looks even better person five stars me,Positive,0.5719,Positive,2024-12
REV003147,ELE1930,Electronics,Smartwatch,"great quality and works perfectly, highly recommend.   <br>  ",4,2023-10-15,No,0,great quality works perfectly highly recommend,Positive,0.902,Positive,2023-10
REV002642,BEA1843,Beauty,Hair Dryer,perfect fit and great customer service too. Fast shipping too!,5,2024-08-18,Yes,0,perfect fit great customer service too fast shipping too,Positive,0.8908,Positive,2024-08
REV001579,SPO1062,Sports & Outdoors,Camping Tent,"outstanding performance, worth every penny. My whole family loves it.",5,2023-11-17,No,0,outstanding performance worth every penny whole family loves,Positive,0.8625,Positive,2023-11
REV001804,BEA1944,Beauty,Hair Dryer,"great quality and works perfectly, highly recommend. Fast shipping too!",5,2023-05-05,Yes,2,great quality works perfectly highly recommend fast shipping too,Positive,0.9078,Positive,2023-05
REV001104,BEA1053,Beauty,Sunscreen SPF50,"gets the job done, nothing more nothing less. Might update this review later.   <br>  ",3,2023-06-25,No,1,gets job done nothing more nothing less might update review later,Neutral,0.0,Neutral,2023-06
REV000567,BOO1236,Books,Business Book,"does what it says, no major complaints. Still testing it out.",3,2024-10-02,Yes,1,what says major complaints still testing out,Positive,0.0903,Neutral,2024-10
REV001662,BOO1268,Books,Self-Help Guide,works flawlessly and looks even better in person. Fast shipping too!,5,2023-11-15,Yes,3,works flawlessly looks even better person fast shipping too,Positive,0.6114,Positive,2023-11
REV002816,BEA1607,Beauty,Lip Balm Set,"excellent build quality, arrived quickly and works great. My whole family loves it.",4,2023-08-10,Yes,2,excellent build quality arrived quickly works great whole family loves,Positive,0.91,Positive,2023-08
REV003060,HOM1728,Home & Kitchen,Non-Stick Pan Set,"works fine so far, will update if anything changes. Might update this review later.",3,2023-07-03,Yes,1,works fine far update anything changes might update review later,Positive,0.2023,Neutral,2023-07
REV001612,ELE1151,Electronics,Wireless Earbuds,acceptable quality for casual use.,3,2024-04-16,Yes,1,acceptable quality casual use,Positive,0.4767,Neutral,2024-04
REV003512,HOM1593,Home & Kitchen,Air Fryer,perfect fit and great customer service too.,4,2024-11-21,Yes,2,perfect fit great customer service too,Positive,0.8834,Positive,2024-11
REV000569,BEA1527,Beauty,Shampoo,"worst purchase I've made this year, do not recommend. Wish I'd read reviews first.",1,2024-04-06,Yes,1,worst purchase ve made year recommend wish read reviews first,Negative,-0.816,Negative,2024-04
REV002038,ELE1207,Electronics,Wireless Earbuds,perfect fit and great customer service too.,4,2023-06-11,Yes,1,perfect fit great customer service too,Positive,0.8834,Positive,2023-06
REV001570,CLO1873,Clothing,Cotton T-Shirt,"excellent build quality, arrived quickly and works great. My whole family loves it.",5,2023-08-10,Yes,0,excellent build quality arrived quickly works great whole family loves,Positive,0.91,Positive,2023-08
REV000826,SPO1220,Sports & Outdoors,Camping Tent,"amazing value for the price, very happy with this purchase. Would buy again.",5,2024-04-19,Yes,1,amazing value price happy purchase buy again,Positive,0.8805,Positive,2024-04
REV001160,CLO1040,Clothing,Cotton T-Shirt,"amazing value for the price, very happy with this purchase. My whole family loves it.",4,2023-11-13,Yes,0,amazing value price happy purchase whole family loves,Positive,0.9312,Positive,2023-11
REV003633,BEA1827,Beauty,Sunscreen SPF50,"it's fine, though the packaging could be better. We'll see how it holds up.",3,2023-01-04,Yes,0,fine though packaging better ll see how holds up,Positive,0.5719,Neutral,2023-01
REV001352,BEA1853,Beauty,Face Moisturizer,works flawlessly and looks even better in person.,5,2024-11-18,Yes,0,works flawlessly looks even better person,Positive,0.5719,Positive,2024-11
REV000223,BEA1204,Beauty,Shampoo,"superb product, will definitely buy again. Would buy again.   <br>  ",4,2023-02-06,Yes,3,superb product definitely buy again buy again,Positive,0.7783,Positive,2023-02
REV001143,BEA1644,Beauty,Hair Dryer,"excellent build quality, arrived quickly and works great. Five stars from me.",5,2023-04-12,Yes,1,excellent build quality arrived quickly works great five stars me,Positive,0.8316,Positive,2023-04
REV002090,ELE1012,Electronics,Laptop Stand,"not bad, not great, just an average item. Still testing it out.",3,2023-05-04,Yes,0,bad great average item still testing out,Positive,0.6754,Neutral,2023-05
REV003522,ELE1036,Electronics,Wireless Earbuds,"does not match the description, quite misleading. Very frustrating.",2,2023-12-11,Yes,0,match description quite misleading frustrating,Negative,-0.7543,Negative,2023-12
REV003786,BEA1393,Beauty,Lip Balm Set,"great quality and works perfectly, highly recommend. Fast shipping too!",5,2023-02-02,Yes,2,great quality works perfectly highly recommend fast shipping too,Positive,0.9078,Positive,2023-02
REV000900,BEA1553,Beauty,Lip Balm Set,"this is fantastic, exactly what I needed. Would buy again.",5,2024-10-03,No,6,fantastic exactly what needed buy again,Positive,0.5574,Positive,2024-10
REV000250,BOO1735,Books,Cookbook,arrived defective and customer support was unhelpful.,1,2024-06-04,Yes,0,arrived defective customer support unhelpful,Negative,-0.0516,Negative,2024-06
REV001805,BOO1296,Books,Sci-Fi Trilogy,perfect fit and great customer service too. Would buy again.,4,2023-09-17,Yes,0,perfect fit great customer service too buy again,Positive,0.8834,Positive,2023-09
REV000462,SPO1275,Sports & Outdoors,Resistance Bands,"not as advertised, very frustrating purchase.",1,2024-12-25,No,0,advertised frustrating purchase,Negative,-0.4927,Negative,2024-12
REV002877,BEA1350,Beauty,Sunscreen SPF50,arrived defective and customer support was unhelpful. Asked for a refund.,1,2024-05-10,Yes,0,arrived defective customer support unhelpful asked refund,Negative,-0.0516,Negative,2024-05
REV003309,HOM1744,Home & Kitchen,Non-Stick Pan Set,"very disappointed, stopped working after a few days.",1,2023-11-03,No,3,disappointed stopped working after few days,Negative,-0.6779,Negative,2023-11
REV002711,SPO1735,Sports & Outdoors,Water Bottle,"very satisfied, the quality exceeded what I paid for. My whole family loves it.",5,2024-08-15,No,0,satisfied quality exceeded what paid whole family loves,Positive,0.7778,Positive,2024-08
REV001964,CLO1156,Clothing,Yoga Pants,"regret buying this, quality is really bad. Would not recommend to anyone.",1,2024-11-15,No,3,regret buying quality bad recommend anyone,Negative,-0.8273,Negative,2024-11
REV000889,BEA1760,Beauty,Sunscreen SPF50,"average product, met basic expectations. We'll see how it holds up.",3,2024-12-19,No,0,average product met basic expectations ll see how holds up,Neutral,0.0,Neutral,2024-12
REV000712,SPO1994,Sports & Outdoors,Hiking Backpack,perfect fit and great customer service too.,5,2024-04-17,Yes,1,perfect fit great customer service too,Positive,0.8834,Positive,2024-04
REV003170,HOM1950,Home & Kitchen,Blender,"average product, met basic expectations.",3,2023-07-23,Yes,3,average product met basic expectations,Neutral,0.0,Neutral,2023-07
REV002551,SPO1329,Sports & Outdoors,Water Bottle,"it's fine, though the packaging could be better. Still testing it out.",3,2023-05-18,Yes,0,fine though packaging better still testing out,Positive,0.5719,Neutral,2023-05
REV003606,SPO1452,Sports & Outdoors,Yoga Mat,"great quality and works perfectly, highly recommend. Five stars from me.",5,2023-02-28,Yes,3,great quality works perfectly highly recommend five stars me,Positive,0.902,Positive,2023-02
REV000492,BEA1998,Beauty,Sunscreen SPF50,"amazing value for the price, very happy with this purchase. Fast shipping too!",4,2024-04-04,Yes,1,amazing value price happy purchase fast shipping too,Positive,0.8881,Positive,2024-04
REV000124,SPO1294,Sports & Outdoors,Hiking Backpack,"absolutely love this product, exceeded my expectations. Five stars from me.",5,2023-12-23,No,9,absolutely love product exceeded expectations five stars me,Positive,0.6697,Positive,2023-12
REV002333,CLO1583,Clothing,Running Shoes,"not as advertised, very frustrating purchase. Asked for a refund.",1,2023-04-17,Yes,0,advertised frustrating purchase asked refund,Negative,-0.4927,Negative,2023-04
REV000618,HOM1343,Home & Kitchen,Air Fryer,"this is fantastic, exactly what I needed. Fast shipping too!",5,2024-04-17,No,0,fantastic exactly what needed fast shipping too,Positive,0.5983,Positive,2024-04
REV001562,HOM1961,Home & Kitchen,Vacuum Cleaner,"excellent build quality, arrived quickly and works great.",5,2023-07-05,Yes,3,excellent build quality arrived quickly works great,Positive,0.8316,Positive,2023-07
REV003539,BEA1655,Beauty,Lip Balm Set,"amazing value for the price, very happy with this purchase.",4,2024-01-09,Yes,7,amazing value price happy purchase,Positive,0.8805,Positive,2024-01
REV003091,ELE1930,Electronics,Bluetooth Speaker,"this is fantastic, exactly what I needed. Five stars from me.",4,2023-01-26,Yes,0,fantastic exactly what needed five stars me,Positive,0.5574,Positive,2023-01
REV001977,BEA1463,Beauty,Sunscreen SPF50,"very satisfied, the quality exceeded what I paid for.",5,2023-09-02,Yes,2,satisfied quality exceeded what paid,Positive,0.4754,Positive,2023-09
REV000562,BEA1000,Beauty,Sunscreen SPF50,"regret buying this, quality is really bad. Wish I'd read reviews first.",1,2024-02-27,No,2,regret buying quality bad wish read reviews first,Negative,-0.5595,Negative,2024-02
REV001698,ELE1876,Electronics,Wireless Earbuds,"amazing value for the price, very happy with this purchase. Fast shipping too!",5,2023-08-31,Yes,2,amazing value price happy purchase fast shipping too,Positive,0.8881,Positive,2023-08
REV000765,BOO1018,Books,Business Book,perfect fit and great customer service too. Five stars from me.,5,2023-11-20,No,1,perfect fit great customer service too five stars me,Positive,0.8834,Positive,2023-11
REV002155,CLO1231,Clothing,Yoga Pants,"amazing value for the price, very happy with this purchase. Fast shipping too!",5,2024-03-10,Yes,3,amazing value price happy purchase fast shipping too,Positive,0.8881,Positive,2024-03
REV000696,BOO1740,Books,Mystery Novel,"great quality and works perfectly, highly recommend. Five stars from me.   <br>  ",5,2024-07-02,Yes,1,great quality works perfectly highly recommend five stars me,Positive,0.902,Positive,2024-07
REV001267,BEA1775,Beauty,Face Moisturizer,"great quality and works perfectly, highly recommend. Would buy again.",5,2024-09-07,Yes,6,great quality works perfectly highly recommend buy again,Positive,0.902,Positive,2024-09
REV001951,ELE1089,Electronics,Smartwatch,"not bad, not great, just an average item. Might update this review later.",3,2024-07-07,Yes,0,bad great average item might update review later,Positive,0.6754,Neutral,2024-07
REV002513,BEA1954,Beauty,Sunscreen SPF50,"great quality and works perfectly, highly recommend. Five stars from me.",4,2023-10-18,Yes,2,great quality works perfectly highly recommend five stars me,Positive,0.902,Positive,2023-10
REV002873,ELE1086,Electronics,Laptop Stand,cheaply made and feels flimsy. Would not recommend to anyone.,1,2023-09-28,Yes,3,cheaply made feels flimsy recommend anyone,Negative,-0.2755,Negative,2023-09
REV002299,CLO1083,Clothing,Yoga Pants,arrived defective and customer support was unhelpful. Asked for a refund.,1,2024-10-12,No,5,arrived defective customer support unhelpful asked refund,Negative,-0.0516,Negative,2024-10
REV002203,BOO1990,Books,Self-Help Guide,"outstanding performance, worth every penny. Would buy again.",5,2024-05-20,Yes,6,outstanding performance worth every penny buy again,Positive,0.7096,Positive,2024-05
REV002020,SPO1634,Sports & Outdoors,Yoga Mat,arrived defective and customer support was unhelpful. Asked for a refund.,1,2023-07-24,No,2,arrived defective customer support unhelpful asked refund,Negative,-0.0516,Negative,2023-07
REV003829,BEA1127,Beauty,Lip Balm Set,acceptable quality for casual use.,3,2024-11-24,Yes,0,acceptable quality casual use,Positive,0.4767,Neutral,2024-11
REV000358,HOM1752,Home & Kitchen,Vacuum Cleaner,"amazing value for the price, very happy with this purchase. Would buy again.",5,2023-05-22,Yes,3,amazing value price happy purchase buy again,Positive,0.8805,Positive,2023-05
REV003261,CLO1716,Clothing,Yoga Pants,works flawlessly and looks even better in person. Would buy again.,5,2023-09-25,Yes,0,works flawlessly looks even better person buy again,Positive,0.5719,Positive,2023-09
REV003140,CLO1180,Clothing,Running Shoes,"does not match the description, quite misleading. Wish I'd read reviews first.",1,2024-06-12,No,0,match description quite misleading wish read reviews first,Neutral,-0.0038,Negative,2024-06
REV002557,CLO1258,Clothing,Denim Jeans,"average product, met basic expectations. Still testing it out.",3,2024-10-24,Yes,0,average product met basic expectations still testing out,Neutral,0.0,Neutral,2024-10
REV002756,SPO1216,Sports & Outdoors,Hiking Backpack,"excellent build quality, arrived quickly and works great. Fast shipping too!",5,2024-10-27,No,1,excellent build quality arrived quickly works great fast shipping too,Positive,0.8439,Positive,2024-10
REV000311,HOM1021,Home & Kitchen,Air Fryer,"works fine so far, will update if anything changes. Still testing it out.",3,2023-01-18,Yes,0,works fine far update anything changes still testing out,Positive,0.2023,Neutral,2023-01
REV003217,SPO1153,Sports & Outdoors,Hiking Backpack,"this is fantastic, exactly what I needed. Five stars from me.",4,2023-09-30,Yes,1,fantastic exactly what needed five stars me,Positive,0.5574,Positive,2023-09
REV001308,BEA1733,Beauty,Hair Dryer,"superb product, will definitely buy again.",5,2023-10-28,No,3,superb product definitely buy again,Positive,0.7783,Positive,2023-10
REV000128,BOO1416,Books,Business Book,"reasonable quality, similar to other products in this range. Might update this review later.",3,2024-04-22,No,1,reasonable quality similar other products range might update review later,Neutral,0.0,Neutral,2024-04
REV003121,HOM1260,Home & Kitchen,Air Fryer,"amazing value for the price, very happy with this purchase.",5,2024-05-11,No,2,amazing value price happy purchase,Positive,0.8805,Positive,2024-05
REV001831,SPO1073,Sports & Outdoors,Camping Tent,"outstanding performance, worth every penny. Fast shipping too!",4,2024-08-04,Yes,3,outstanding performance worth every penny fast shipping too,Positive,0.7345,Positive,2024-08
REV003407,ELE1729,Electronics,Laptop Stand,"absolutely love this product, exceeded my expectations. My whole family loves it.",5,2024-08-29,Yes,1,absolutely love product exceeded expectations whole family loves,Positive,0.8479,Positive,2024-08
REV000660,SPO1454,Sports & Outdoors,Yoga Mat,perfect fit and great customer service too.,5,2024-05-06,Yes,11,perfect fit great customer service too,Positive,0.8834,Positive,2024-05
REV003722,BEA1697,Beauty,Hair Dryer,"absolutely love this product, exceeded my expectations. My whole family loves it.",5,2024-01-22,No,0,absolutely love product exceeded expectations whole family loves,Positive,0.8479,Positive,2024-01
REV001674,BEA1688,Beauty,Shampoo,perfect fit and great customer service too.,4,2023-02-11,Yes,0,perfect fit great customer service too,Positive,0.8834,Positive,2023-02
REV002480,HOM1625,Home & Kitchen,Air Fryer,"outstanding performance, worth every penny. Fast shipping too!",4,2023-02-10,Yes,3,outstanding performance worth every penny fast shipping too,Positive,0.7345,Positive,2023-02
REV001531,BEA1574,Beauty,Shampoo,"this is fantastic, exactly what I needed. Five stars from me.",5,2024-05-18,No,1,fantastic exactly what needed five stars me,Positive,0.5574,Positive,2024-05
REV003291,CLO1953,Clothing,Running Shoes,"works fine so far, will update if anything changes. Still testing it out.",3,2023-07-14,Yes,0,works fine far update anything changes still testing out,Positive,0.2023,Neutral,2023-07
REV000044,SPO1695,Sports & Outdoors,Camping Tent,"outstanding performance, worth every penny. Fast shipping too!",5,2024-01-09,Yes,3,outstanding performance worth every penny fast shipping too,Positive,0.7345,Positive,2024-01
REV003380,BOO1147,Books,Cookbook,"this is fantastic, exactly what I needed. My whole family loves it.",5,2023-11-24,No,1,fantastic exactly what needed whole family loves,Positive,0.8074,Positive,2023-11
REV002262,SPO1013,Sports & Outdoors,Camping Tent,"very satisfied, the quality exceeded what I paid for. Would buy again.",4,2024-12-16,Yes,0,satisfied quality exceeded what paid buy again,Positive,0.4754,Positive,2024-12
REV003682,CLO1159,Clothing,Denim Jeans,"outstanding performance, worth every penny. Fast shipping too!",5,2023-05-28,Yes,6,outstanding performance worth every penny fast shipping too,Positive,0.7345,Positive,2023-05
REV003683,BOO1698,Books,Business Book,"amazing value for the price, very happy with this purchase.",4,2023-10-16,Yes,0,amazing value price happy purchase,Positive,0.8805,Positive,2023-10
REV001793,BEA1474,Beauty,Hair Dryer,perfect fit and great customer service too.,4,2023-07-22,Yes,3,perfect fit great customer service too,Positive,0.8834,Positive,2023-07
REV001741,HOM1308,Home & Kitchen,Blender,perfect fit and great customer service too.,5,2023-11-05,Yes,0,perfect fit great customer service too,Positive,0.8834,Positive,2023-11
REV003609,BEA1811,Beauty,Face Moisturizer,"very satisfied, the quality exceeded what I paid for. Five stars from me.",5,2024-10-19,Yes,1,satisfied quality exceeded what paid five stars me,Positive,0.4754,Positive,2024-10
REV002250,ELE1672,Electronics,Bluetooth Speaker,"worst purchase I've made this year, do not recommend. Asked for a refund.",2,2023-03-09,Yes,2,worst purchase ve made year recommend asked refund,Negative,-0.7359,Negative,2023-03
REV001419,BOO1931,Books,Mystery Novel,"not as advertised, very frustrating purchase. Asked for a refund.",1,2024-06-02,Yes,0,advertised frustrating purchase asked refund,Negative,-0.4927,Negative,2024-06
REV001546,SPO1959,Sports & Outdoors,Yoga Mat,acceptable quality for casual use. Still testing it out.,3,2023-04-30,No,0,acceptable quality casual use still testing out,Positive,0.4767,Neutral,2023-04
REV003792,HOM1821,Home & Kitchen,Air Fryer,"poor quality, not worth the money at all. Asked for a refund.",2,2023-06-23,Yes,1,poor quality worth money all asked refund,Negative,-0.5812,Negative,2023-06
REV001004,ELE1616,Electronics,Power Bank,"terrible experience, item arrived damaged. Wish I'd read reviews first.",2,2023-02-04,No,0,terrible experience item arrived damaged wish read reviews first,Negative,-0.5106,Negative,2023-02
REV003966,HOM1343,Home & Kitchen,Vacuum Cleaner,"absolutely love this product, exceeded my expectations. Would buy again.",4,2024-10-08,Yes,4,absolutely love product exceeded expectations buy again,Positive,0.6697,Positive,2024-10
REV001843,ELE1752,Electronics,Bluetooth Speaker,"not bad, not great, just an average item.",3,2023-07-08,No,2,bad great average item,Positive,0.6754,Neutral,2023-07
REV003406,SPO1378,Sports & Outdoors,Hiking Backpack,works flawlessly and looks even better in person. Would buy again.   <br>  ,5,2023-12-15,Yes,1,works flawlessly looks even better person buy again,Positive,0.5719,Positive,2023-12
REV003480,SPO1771,Sports & Outdoors,Water Bottle,"very satisfied, the quality exceeded what I paid for.",5,2023-08-14,Yes,0,satisfied quality exceeded what paid,Positive,0.4754,Positive,2023-08
REV002042,BEA1637,Beauty,Hair Dryer,"does not match the description, quite misleading. Asked for a refund.",2,2023-12-06,No,2,match description quite misleading asked refund,Negative,-0.4576,Negative,2023-12
REV001184,BEA1260,Beauty,Shampoo,"not as advertised, very frustrating purchase. Would not recommend to anyone.",1,2024-12-24,Yes,1,advertised frustrating purchase recommend anyone,Negative,-0.6489,Negative,2024-12
REV000366,CLO1894,Clothing,Winter Jacket,"absolutely love this product, exceeded my expectations.",5,2023-05-30,Yes,4,absolutely love product exceeded expectations,Positive,0.6697,Positive,2023-05
REV001921,SPO1969,Sports & Outdoors,Hiking Backpack,"superb product, will definitely buy again. Fast shipping too!",5,2024-10-31,Yes,1,superb product definitely buy again fast shipping too,Positive,0.7959,Positive,2024-10
REV003731,CLO1865,Clothing,Denim Jeans,"superb product, will definitely buy again. My whole family loves it.",5,2024-09-28,Yes,1,superb product definitely buy again whole family loves,Positive,0.8885,Positive,2024-09
REV002640,CLO1850,Clothing,Cotton T-Shirt,"superb product, will definitely buy again. Five stars from me.",4,2023-03-13,Yes,2,superb product definitely buy again five stars me,Positive,0.7783,Positive,2023-03
REV003427,BOO1977,Books,Business Book,"amazing value for the price, very happy with this purchase. Five stars from me.",5,2023-01-05,No,0,amazing value price happy purchase five stars me,Positive,0.8805,Positive,2023-01
REV002324,BOO1299,Books,Self-Help Guide,"this is fantastic, exactly what I needed. Five stars from me.",4,2023-03-03,Yes,2,fantastic exactly what needed five stars me,Positive,0.5574,Positive,2023-03
REV001839,SPO1728,Sports & Outdoors,Hiking Backpack,"worst purchase I've made this year, do not recommend.",2,2023-07-09,Yes,4,worst purchase ve made year recommend,Negative,-0.7359,Negative,2023-07
REV001917,HOM1618,Home & Kitchen,Vacuum Cleaner,"does not match the description, quite misleading.",1,2024-04-26,No,3,match description quite misleading,Negative,-0.4576,Negative,2024-04
REV001495,SPO1395,Sports & Outdoors,Yoga Mat,"worst purchase I've made this year, do not recommend. Wish I'd read reviews first.",1,2024-09-08,Yes,1,worst purchase ve made year recommend wish read reviews first,Negative,-0.816,Negative,2024-09
REV001360,CLO1566,Clothing,Cotton T-Shirt,"very satisfied, the quality exceeded what I paid for. My whole family loves it.",5,2023-06-29,Yes,1,satisfied quality exceeded what paid whole family loves,Positive,0.7778,Positive,2023-06
REV001151,ELE1424,Electronics,Laptop Stand,"decent for the price, but not amazing.",3,2024-05-08,Yes,0,decent price amazing,Negative,-0.6259,Neutral,2024-05
REV003744,ELE1328,Electronics,Wireless Earbuds,"it's okay, does the job but nothing special.",3,2023-12-07,Yes,0,okay job nothing special,Negative,-0.3479,Neutral,2023-12
REV001285,BOO1567,Books,Cookbook,"this is fantastic, exactly what I needed. My whole family loves it.",5,2023-08-06,Yes,11,fantastic exactly what needed whole family loves,Positive,0.8074,Positive,2023-08
REV001599,SPO1753,Sports & Outdoors,Resistance Bands,arrived defective and customer support was unhelpful. Asked for a refund.,1,2023-03-12,Yes,2,arrived defective customer support unhelpful asked refund,Negative,-0.0516,Negative,2023-03
REV003177,BOO1336,Books,Sci-Fi Trilogy,"average product, met basic expectations.",3,2024-02-16,Yes,0,average product met basic expectations,Neutral,0.0,Neutral,2024-02
REV001314,SPO1531,Sports & Outdoors,Resistance Bands,cheaply made and feels flimsy. Would not recommend to anyone.,1,2024-11-25,Yes,1,cheaply made feels flimsy recommend anyone,Negative,-0.2755,Negative,2024-11
REV001959,BEA1786,Beauty,Sunscreen SPF50,"absolutely love this product, exceeded my expectations.",5,2024-12-11,Yes,0,absolutely love product exceeded expectations,Positive,0.6697,Positive,2024-12
REV000483,BEA1970,Beauty,Sunscreen SPF50,"absolutely love this product, exceeded my expectations. Five stars from me.",5,2024-08-11,Yes,1,absolutely love product exceeded expectations five stars me,Positive,0.6697,Positive,2024-08
REV002128,BOO1943,Books,Sci-Fi Trilogy,"average product, met basic expectations. Might update this review later.",3,2024-02-19,Yes,0,average product met basic expectations might update review later,Neutral,0.0,Neutral,2024-02
REV003040,BOO1139,Books,Sci-Fi Trilogy,"this is fantastic, exactly what I needed.",5,2024-07-17,Yes,0,fantastic exactly what needed,Positive,0.5574,Positive,2024-07
REV002283,SPO1817,Sports & Outdoors,Hiking Backpack,works flawlessly and looks even better in person. Would buy again.,5,2024-01-07,Yes,3,works flawlessly looks even better person buy again,Positive,0.5719,Positive,2024-01
REV003088,BOO1391,Books,Business Book,"this is fantastic, exactly what I needed. Fast shipping too!",5,2024-03-20,Yes,0,fantastic exactly what needed fast shipping too,Positive,0.5983,Positive,2024-03
REV001955,ELE1399,Electronics,Bluetooth Speaker,"this is fantastic, exactly what I needed. Fast shipping too!",5,2023-06-01,No,0,fantastic exactly what needed fast shipping too,Positive,0.5983,Positive,2023-06
REV000903,HOM1684,Home & Kitchen,Vacuum Cleaner,arrived defective and customer support was unhelpful.,1,2023-09-05,Yes,1,arrived defective customer support unhelpful,Negative,-0.0516,Negative,2023-09
REV002540,CLO1341,Clothing,Cotton T-Shirt,perfect fit and great customer service too. Five stars from me.,5,2023-12-06,Yes,0,perfect fit great customer service too five stars me,Positive,0.8834,Positive,2023-12
REV002689,HOM1809,Home & Kitchen,Air Fryer,"this is fantastic, exactly what I needed. Would buy again.",5,2023-03-05,Yes,2,fantastic exactly what needed buy again,Positive,0.5574,Positive,2023-03
REV001779,BOO1596,Books,Cookbook,"terrible experience, item arrived damaged. Wish I'd read reviews first.",1,2023-06-16,No,12,terrible experience item arrived damaged wish read reviews first,Negative,-0.5106,Negative,2023-06
REV000832,SPO1983,Sports & Outdoors,Yoga Mat,"absolutely love this product, exceeded my expectations.",5,2024-08-17,No,4,absolutely love product exceeded expectations,Positive,0.6697,Positive,2024-08
REV001364,BEA1520,Beauty,Lip Balm Set,"reasonable quality, similar to other products in this range. Might update this review later.",3,2023-01-20,Yes,0,reasonable quality similar other products range might update review later,Neutral,0.0,Neutral,2023-01
REV002180,BEA1651,Beauty,Face Moisturizer,"it's fine, though the packaging could be better.",3,2023-07-03,Yes,0,fine though packaging better,Positive,0.5719,Neutral,2023-07
REV003494,ELE1693,Electronics,Wireless Earbuds,"absolutely love this product, exceeded my expectations. My whole family loves it.",5,2023-09-06,Yes,1,absolutely love product exceeded expectations whole family loves,Positive,0.8479,Positive,2023-09
REV000650,ELE1099,Electronics,Laptop Stand,"superb product, will definitely buy again.",5,2023-03-04,Yes,0,superb product definitely buy again,Positive,0.7783,Positive,2023-03
REV000328,ELE1502,Electronics,Wireless Earbuds,"very disappointed, stopped working after a few days. Very frustrating.",1,2023-01-14,Yes,3,disappointed stopped working after few days frustrating,Negative,-0.83,Negative,2023-01
REV002273,SPO1946,Sports & Outdoors,Yoga Mat,"average product, met basic expectations. Might update this review later.",3,2023-08-18,Yes,2,average product met basic expectations might update review later,Neutral,0.0,Neutral,2023-08
REV003775,SPO1611,Sports & Outdoors,Hiking Backpack,"very satisfied, the quality exceeded what I paid for. My whole family loves it.",5,2023-10-26,Yes,1,satisfied quality exceeded what paid whole family loves,Positive,0.7778,Positive,2023-10
REV003093,CLO1526,Clothing,Yoga Pants,"very disappointed, stopped working after a few days. Wish I'd read reviews first.",2,2024-03-24,Yes,1,disappointed stopped working after few days wish read reviews first,Negative,-0.4351,Negative,2024-03
REV001126,HOM1205,Home & Kitchen,Blender,"superb product, will definitely buy again. My whole family loves it.",5,2024-06-27,Yes,2,superb product definitely buy again whole family loves,Positive,0.8885,Positive,2024-06
REV000301,BOO1403,Books,Self-Help Guide,perfect fit and great customer service too. My whole family loves it.,5,2024-07-30,No,6,perfect fit great customer service too whole family loves,Positive,0.9325,Positive,2024-07
REV000261,BOO1645,Books,Self-Help Guide,"poor quality, not worth the money at all. Would not recommend to anyone.",2,2024-03-21,Yes,8,poor quality worth money all recommend anyone,Negative,-0.7074,Negative,2024-03
REV002272,CLO1070,Clothing,Running Shoes,"it's okay, does the job but nothing special. We'll see how it holds up.",3,2024-07-09,Yes,0,okay job nothing special ll see how holds up,Negative,-0.3479,Neutral,2024-07
REV003175,BOO1192,Books,Sci-Fi Trilogy,"superb product, will definitely buy again. Five stars from me.",4,2024-08-21,Yes,1,superb product definitely buy again five stars me,Positive,0.7783,Positive,2024-08
REV001909,HOM1707,Home & Kitchen,Blender,"excellent build quality, arrived quickly and works great. Fast shipping too!",4,2024-11-17,Yes,7,excellent build quality arrived quickly works great fast shipping too,Positive,0.8439,Positive,2024-11
REV001080,ELE1780,Electronics,Wireless Earbuds,"poor quality, not worth the money at all. Asked for a refund.",1,2023-07-07,No,8,poor quality worth money all asked refund,Negative,-0.5812,Negative,2023-07
REV000480,CLO1050,Clothing,Winter Jacket,works flawlessly and looks even better in person. Fast shipping too!,5,2023-12-11,Yes,1,works flawlessly looks even better person fast shipping too,Positive,0.6114,Positive,2023-12
REV002636,BEA1556,Beauty,Shampoo,"this is fantastic, exactly what I needed. My whole family loves it.",5,2024-08-16,Yes,1,fantastic exactly what needed whole family loves,Positive,0.8074,Positive,2024-08
REV001340,CLO1086,Clothing,Winter Jacket,"excellent build quality, arrived quickly and works great. Five stars from me.",5,2023-07-04,Yes,3,excellent build quality arrived quickly works great five stars me,Positive,0.8316,Positive,2023-07
REV002424,ELE1617,Electronics,Power Bank,works flawlessly and looks even better in person. Would buy again.,5,2023-08-05,Yes,0,works flawlessly looks even better person buy again,Positive,0.5719,Positive,2023-08
REV000513,BEA1692,Beauty,Shampoo,"broke within a week, waste of money.",1,2023-09-01,Yes,0,broke within week waste money,Negative,-0.6808,Negative,2023-09
REV000871,BEA1968,Beauty,Shampoo,"excellent build quality, arrived quickly and works great. Fast shipping too!",5,2023-01-19,Yes,0,excellent build quality arrived quickly works great fast shipping too,Positive,0.8439,Positive,2023-01
REV002460,ELE1590,Electronics,Bluetooth Speaker,"broke within a week, waste of money. Would not recommend to anyone.",2,2024-08-24,No,0,broke within week waste money recommend anyone,Negative,-0.7724,Negative,2024-08
REV003302,BEA1297,Beauty,Sunscreen SPF50,"superb product, will definitely buy again.",5,2024-02-26,Yes,1,superb product definitely buy again,Positive,0.7783,Positive,2024-02
REV001900,ELE1529,Electronics,Power Bank,"it's okay, does the job but nothing special. Might update this review later.   <br>  ",3,2023-01-21,No,1,okay job nothing special might update review later,Negative,-0.3479,Neutral,2023-01
REV003924,CLO1130,Clothing,Yoga Pants,"amazing value for the price, very happy with this purchase. My whole family loves it.   <br>  ",5,2023-11-08,Yes,3,amazing value price happy purchase whole family loves,Positive,0.9312,Positive,2023-11
REV002311,HOM1092,Home & Kitchen,Coffee Maker,"absolutely love this product, exceeded my expectations. Would buy again.",5,2024-12-16,Yes,2,absolutely love product exceeded expectations buy again,Positive,0.6697,Positive,2024-12
REV001062,HOM1251,Home & Kitchen,Non-Stick Pan Set,"outstanding performance, worth every penny. My whole family loves it.",5,2024-01-05,No,2,outstanding performance worth every penny whole family loves,Positive,0.8625,Positive,2024-01
REV003165,ELE1729,Electronics,Smartwatch,"works fine so far, will update if anything changes. Still testing it out.",3,2023-09-16,Yes,0,works fine far update anything changes still testing out,Positive,0.2023,Neutral,2023-09
REV001134,HOM1561,Home & Kitchen,Non-Stick Pan Set,perfect fit and great customer service too. My whole family loves it.,5,2023-03-18,No,1,perfect fit great customer service too whole family loves,Positive,0.9325,Positive,2023-03
REV000802,BEA1013,Beauty,Hair Dryer,"excellent build quality, arrived quickly and works great. Five stars from me.",5,2023-09-27,Yes,1,excellent build quality arrived quickly works great five stars me,Positive,0.8316,Positive,2023-09
REV002178,ELE1266,Electronics,Bluetooth Speaker,"absolutely love this product, exceeded my expectations. My whole family loves it.",5,2023-11-19,No,0,absolutely love product exceeded expectations whole family loves,Positive,0.8479,Positive,2023-11
REV001815,CLO1631,Clothing,Denim Jeans,"amazing value for the price, very happy with this purchase. Fast shipping too!   <br>  ",5,2024-11-13,Yes,5,amazing value price happy purchase fast shipping too,Positive,0.8881,Positive,2024-11
REV000510,HOM1451,Home & Kitchen,Coffee Maker,"average product, met basic expectations. Still testing it out.",3,2024-11-23,No,1,average product met basic expectations still testing out,Neutral,0.0,Neutral,2024-11
REV002457,HOM1288,Home & Kitchen,Vacuum Cleaner,"absolutely love this product, exceeded my expectations. Would buy again.",5,2023-04-02,Yes,4,absolutely love product exceeded expectations buy again,Positive,0.6697,Positive,2023-04
REV003265,BEA1652,Beauty,Lip Balm Set,"terrible experience, item arrived damaged. Asked for a refund.",2,2024-12-17,Yes,6,terrible experience item arrived damaged asked refund,Negative,-0.7184,Negative,2024-12
REV003352,SPO1577,Sports & Outdoors,Camping Tent,"outstanding performance, worth every penny.",5,2024-06-26,Yes,0,outstanding performance worth every penny,Positive,0.7096,Positive,2024-06
REV001856,ELE1073,Electronics,Laptop Stand,arrived defective and customer support was unhelpful. Wish I'd read reviews first.,2,2024-01-23,Yes,1,arrived defective customer support unhelpful wish read reviews first,Positive,0.3612,Negative,2024-01
REV003938,HOM1954,Home & Kitchen,Blender,"not bad, not great, just an average item. Still testing it out.",3,2024-08-25,No,0,bad great average item still testing out,Positive,0.6754,Neutral,2024-08
REV001745,CLO1978,Clothing,Running Shoes,works flawlessly and looks even better in person. Fast shipping too!,5,2023-03-01,Yes,3,works flawlessly looks even better person fast shipping too,Positive,0.6114,Positive,2023-03
REV003801,CLO1353,Clothing,Running Shoes,perfect fit and great customer service too. My whole family loves it.,5,2023-01-14,Yes,0,perfect fit great customer service too whole family loves,Positive,0.9325,Positive,2023-01
REV003904,BEA1686,Beauty,Lip Balm Set,"this is fantastic, exactly what I needed. My whole family loves it.",5,2023-06-11,No,0,fantastic exactly what needed whole family loves,Positive,0.8074,Positive,2023-06
REV001397,BOO1110,Books,Cookbook,"decent for the price, but not amazing.",3,2023-01-31,Yes,0,decent price amazing,Negative,-0.6259,Neutral,2023-01
REV001622,BEA1007,Beauty,Lip Balm Set,"excellent build quality, arrived quickly and works great. My whole family loves it.",4,2024-06-18,Yes,8,excellent build quality arrived quickly works great whole family loves,Positive,0.91,Positive,2024-06
REV000611,CLO1164,Clothing,Cotton T-Shirt,"outstanding performance, worth every penny. Fast shipping too!",5,2024-04-05,Yes,1,outstanding performance worth every penny fast shipping too,Positive,0.7345,Positive,2024-04
REV000679,SPO1306,Sports & Outdoors,Yoga Mat,"excellent build quality, arrived quickly and works great.",5,2024-11-19,Yes,4,excellent build quality arrived quickly works great,Positive,0.8316,Positive,2024-11
REV000373,BEA1993,Beauty,Hair Dryer,"does what it says, no major complaints.",3,2023-03-24,Yes,0,what says major complaints,Positive,0.0903,Neutral,2023-03
REV002159,BOO1497,Books,Self-Help Guide,"very satisfied, the quality exceeded what I paid for. Fast shipping too!",4,2024-12-15,Yes,10,satisfied quality exceeded what paid fast shipping too,Positive,0.5244,Positive,2024-12
REV002897,BOO1321,Books,Business Book,cheaply made and feels flimsy. Would not recommend to anyone.,1,2023-12-29,Yes,3,cheaply made feels flimsy recommend anyone,Negative,-0.2755,Negative,2023-12
REV002119,CLO1654,Clothing,Running Shoes,"absolutely love this product, exceeded my expectations. Five stars from me.",4,2024-08-09,Yes,2,absolutely love product exceeded expectations five stars me,Positive,0.6697,Positive,2024-08
REV003970,SPO1564,Sports & Outdoors,Water Bottle,"average product, met basic expectations. Might update this review later.",3,2023-01-07,Yes,0,average product met basic expectations might update review later,Neutral,0.0,Neutral,2023-01
REV002350,BOO1465,Books,Mystery Novel,"very satisfied, the quality exceeded what I paid for. My whole family loves it.",5,2024-07-10,Yes,2,satisfied quality exceeded what paid whole family loves,Positive,0.7778,Positive,2024-07
REV001153,ELE1897,Electronics,Bluetooth Speaker,"it's fine, though the packaging could be better. Still testing it out.",3,2023-10-24,Yes,0,fine though packaging better still testing out,Positive,0.5719,Neutral,2023-10
REV001716,ELE1273,Electronics,Bluetooth Speaker,"worst purchase I've made this year, do not recommend.",1,2024-09-17,No,0,worst purchase ve made year recommend,Negative,-0.7359,Negative,2024-09
REV003906,BOO1079,Books,Self-Help Guide,"amazing value for the price, very happy with this purchase.",5,2023-09-09,Yes,6,amazing value price happy purchase,Positive,0.8805,Positive,2023-09
REV000215,ELE1257,Electronics,Power Bank,"this is fantastic, exactly what I needed. My whole family loves it.",5,2024-08-02,No,0,fantastic exactly what needed whole family loves,Positive,0.8074,Positive,2024-08
REV001261,HOM1747,Home & Kitchen,Vacuum Cleaner,"absolutely love this product, exceeded my expectations. Fast shipping too!",5,2024-01-18,Yes,8,absolutely love product exceeded expectations fast shipping too,Positive,0.6989,Positive,2024-01
REV002213,BOO1110,Books,Mystery Novel,arrived defective and customer support was unhelpful. Would not recommend to anyone.,2,2023-04-17,Yes,2,arrived defective customer support unhelpful recommend anyone,Negative,-0.3204,Negative,2023-04
REV000453,SPO1019,Sports & Outdoors,Resistance Bands,cheaply made and feels flimsy. Very frustrating.,2,2023-07-13,No,1,cheaply made feels flimsy frustrating,Negative,-0.4927,Negative,2023-07
REV002586,CLO1343,Clothing,Cotton T-Shirt,"excellent build quality, arrived quickly and works great.",5,2023-09-11,No,0,excellent build quality arrived quickly works great,Positive,0.8316,Positive,2023-09
REV001380,HOM1012,Home & Kitchen,Non-Stick Pan Set,acceptable quality for casual use. Still testing it out.,3,2023-08-23,No,0,acceptable quality casual use still testing out,Positive,0.4767,Neutral,2023-08
REV000424,SPO1585,Sports & Outdoors,Water Bottle,"very satisfied, the quality exceeded what I paid for.",5,2023-09-16,Yes,3,satisfied quality exceeded what paid,Positive,0.4754,Positive,2023-09
REV003782,CLO1578,Clothing,Winter Jacket,"this is fantastic, exactly what I needed. Would buy again.",5,2023-02-01,No,13,fantastic exactly what needed buy again,Positive,0.5574,Positive,2023-02
REV002149,BOO1960,Books,Self-Help Guide,"gets the job done, nothing more nothing less.",3,2023-08-24,Yes,2,gets job done nothing more nothing less,Neutral,0.0,Neutral,2023-08
REV001333,HOM1943,Home & Kitchen,Vacuum Cleaner,"decent for the price, but not amazing.",3,2023-09-16,No,0,decent price amazing,Negative,-0.6259,Neutral,2023-09
REV002673,SPO1604,Sports & Outdoors,Hiking Backpack,"amazing value for the price, very happy with this purchase. Five stars from me.",4,2024-11-29,Yes,0,amazing value price happy purchase five stars me,Positive,0.8805,Positive,2024-11
REV001720,SPO1764,Sports & Outdoors,Water Bottle,"outstanding performance, worth every penny. Five stars from me.",4,2023-05-26,Yes,0,outstanding performance worth every penny five stars me,Positive,0.7096,Positive,2023-05
REV001918,BEA1808,Beauty,Face Moisturizer,perfect fit and great customer service too.,5,2023-11-20,Yes,4,perfect fit great customer service too,Positive,0.8834,Positive,2023-11
REV001679,CLO1309,Clothing,Cotton T-Shirt,"this is fantastic, exactly what I needed.   <br>  ",4,2023-05-14,Yes,2,fantastic exactly what needed,Positive,0.5574,Positive,2023-05
REV000076,BEA1115,Beauty,Lip Balm Set,perfect fit and great customer service too. Would buy again.,5,2023-09-07,Yes,0,perfect fit great customer service too buy again,Positive,0.8834,Positive,2023-09
REV000684,BEA1375,Beauty,Sunscreen SPF50,works flawlessly and looks even better in person.,4,2023-06-27,Yes,4,works flawlessly looks even better person,Positive,0.5719,Positive,2023-06
REV001786,SPO1034,Sports & Outdoors,Resistance Bands,"great quality and works perfectly, highly recommend. Would buy again.",5,2024-05-14,Yes,4,great quality works perfectly highly recommend buy again,Positive,0.902,Positive,2024-05
REV003228,CLO1204,Clothing,Denim Jeans,"absolutely love this product, exceeded my expectations. Fast shipping too!",5,2023-03-05,Yes,0,absolutely love product exceeded expectations fast shipping too,Positive,0.6989,Positive,2023-03
REV003880,HOM1170,Home & Kitchen,Non-Stick Pan Set,"does what it says, no major complaints. We'll see how it holds up.   <br>  ",3,2023-11-22,Yes,1,what says major complaints ll see how holds up,Positive,0.0903,Neutral,2023-11
REV002896,BOO1997,Books,Mystery Novel,"regret buying this, quality is really bad.",1,2023-01-09,No,0,regret buying quality bad,Negative,-0.7645,Negative,2023-01
REV000935,HOM1611,Home & Kitchen,Coffee Maker,"decent for the price, but not amazing. Might update this review later.",3,2024-04-28,Yes,0,decent price amazing might update review later,Negative,-0.6259,Neutral,2024-04
REV001506,SPO1570,Sports & Outdoors,Resistance Bands,"superb product, will definitely buy again. My whole family loves it.",4,2023-11-10,Yes,0,superb product definitely buy again whole family loves,Positive,0.8885,Positive,2023-11
REV001833,ELE1141,Electronics,Wireless Earbuds,"excellent build quality, arrived quickly and works great. Fast shipping too!",5,2023-09-26,Yes,2,excellent build quality arrived quickly works great fast shipping too,Positive,0.8439,Positive,2023-09
REV002179,HOM1433,Home & Kitchen,Vacuum Cleaner,acceptable quality for casual use.,3,2023-10-02,No,0,acceptable quality casual use,Positive,0.4767,Neutral,2023-10
REV002086,BOO1925,Books,Self-Help Guide,"it's okay, does the job but nothing special.",3,2024-11-26,Yes,0,okay job nothing special,Negative,-0.3479,Neutral,2024-11
REV001994,BOO1658,Books,Self-Help Guide,"absolutely love this product, exceeded my expectations. My whole family loves it.   <br>  ",5,2024-04-09,Yes,1,absolutely love product exceeded expectations whole family loves,Positive,0.8479,Positive,2024-04
REV000666,BOO1209,Books,Cookbook,"it's fine, though the packaging could be better. We'll see how it holds up.",3,2024-04-25,Yes,0,fine though packaging better ll see how holds up,Positive,0.5719,Neutral,2024-04
REV001490,ELE1960,Electronics,Bluetooth Speaker,"this is fantastic, exactly what I needed. Fast shipping too!",4,2023-12-29,Yes,4,fantastic exactly what needed fast shipping too,Positive,0.5983,Positive,2023-12
REV001446,HOM1682,Home & Kitchen,Non-Stick Pan Set,"this is fantastic, exactly what I needed. Would buy again.",4,2023-12-19,Yes,1,fantastic exactly what needed buy again,Positive,0.5574,Positive,2023-12
REV001573,HOM1455,Home & Kitchen,Non-Stick Pan Set,arrived defective and customer support was unhelpful. Wish I'd read reviews first.,2,2024-09-07,Yes,3,arrived defective customer support unhelpful wish read reviews first,Positive,0.3612,Negative,2024-09
REV002177,SPO1634,Sports & Outdoors,Resistance Bands,"amazing value for the price, very happy with this purchase.",4,2024-01-04,Yes,0,amazing value price happy purchase,Positive,0.8805,Positive,2024-01
REV001727,SPO1345,Sports & Outdoors,Hiking Backpack,"very satisfied, the quality exceeded what I paid for. Fast shipping too!",5,2023-07-03,No,0,satisfied quality exceeded what paid fast shipping too,Positive,0.5244,Positive,2023-07
REV001816,ELE1595,Electronics,Bluetooth Speaker,"regret buying this, quality is really bad.",1,2024-11-16,Yes,1,regret buying quality bad,Negative,-0.7645,Negative,2024-11
REV001231,BEA1581,Beauty,Shampoo,"great quality and works perfectly, highly recommend. My whole family loves it.",5,2024-02-13,Yes,1,great quality works perfectly highly recommend whole family loves,Positive,0.9412,Positive,2024-02
REV003394,SPO1852,Sports & Outdoors,Hiking Backpack,"not as advertised, very frustrating purchase. Very frustrating.",2,2024-04-24,Yes,11,advertised frustrating purchase frustrating,Negative,-0.7496,Negative,2024-04
REV000949,BOO1175,Books,Sci-Fi Trilogy,"this is fantastic, exactly what I needed. My whole family loves it.",4,2023-12-03,Yes,4,fantastic exactly what needed whole family loves,Positive,0.8074,Positive,2023-12
REV003703,SPO1403,Sports & Outdoors,Hiking Backpack,perfect fit and great customer service too. Fast shipping too!,5,2024-10-01,No,5,perfect fit great customer service too fast shipping too,Positive,0.8908,Positive,2024-10
REV002219,BOO1179,Books,Business Book,works flawlessly and looks even better in person. Five stars from me.,4,2024-02-28,No,2,works flawlessly looks even better person five stars me,Positive,0.5719,Positive,2024-02
REV000356,CLO1009,Clothing,Running Shoes,"very satisfied, the quality exceeded what I paid for. Five stars from me.",4,2023-05-26,Yes,1,satisfied quality exceeded what paid five stars me,Positive,0.4754,Positive,2023-05
REV001320,ELE1799,Electronics,Wireless Earbuds,"not bad, not great, just an average item. Might update this review later.",3,2023-02-18,No,0,bad great average item might update review later,Positive,0.6754,Neutral,2023-02
REV003461,HOM1095,Home & Kitchen,Air Fryer,"amazing value for the price, very happy with this purchase. Would buy again.",5,2024-11-01,Yes,12,amazing value price happy purchase buy again,Positive,0.8805,Positive,2024-11
REV000448,BEA1312,Beauty,Sunscreen SPF50,"great quality and works perfectly, highly recommend. Fast shipping too!   <br>  ",5,2024-03-15,Yes,2,great quality works perfectly highly recommend fast shipping too,Positive,0.9078,Positive,2024-03
REV002008,ELE1948,Electronics,Power Bank,"terrible experience, item arrived damaged. Would not recommend to anyone.   <br>  ",1,2023-06-08,No,0,terrible experience item arrived damaged recommend anyone,Negative,-0.797,Negative,2023-06
REV003349,ELE1063,Electronics,Wireless Earbuds,"superb product, will definitely buy again.",5,2023-04-02,Yes,1,superb product definitely buy again,Positive,0.7783,Positive,2023-04
REV003934,HOM1861,Home & Kitchen,Non-Stick Pan Set,"very satisfied, the quality exceeded what I paid for. Would buy again.",5,2023-11-05,Yes,7,satisfied quality exceeded what paid buy again,Positive,0.4754,Positive,2023-11
REV000057,ELE1230,Electronics,Smartwatch,works flawlessly and looks even better in person. Five stars from me.,5,2024-11-30,Yes,0,works flawlessly looks even better person five stars me,Positive,0.5719,Positive,2024-11
REV000856,ELE1020,Electronics,Wireless Earbuds,"terrible experience, item arrived damaged. Asked for a refund.",2,2023-05-05,Yes,5,terrible experience item arrived damaged asked refund,Negative,-0.7184,Negative,2023-05
REV000932,HOM1091,Home & Kitchen,Non-Stick Pan Set,"great quality and works perfectly, highly recommend.",5,2023-09-11,No,0,great quality works perfectly highly recommend,Positive,0.902,Positive,2023-09
REV003356,ELE1271,Electronics,Bluetooth Speaker,"absolutely love this product, exceeded my expectations.",5,2024-10-04,Yes,0,absolutely love product exceeded expectations,Positive,0.6697,Positive,2024-10
REV003752,BOO1347,Books,Self-Help Guide,"this is fantastic, exactly what I needed. My whole family loves it.",5,2023-05-12,Yes,0,fantastic exactly what needed whole family loves,Positive,0.8074,Positive,2023-05
REV003751,HOM1175,Home & Kitchen,Air Fryer,"great quality and works perfectly, highly recommend.",4,2024-01-06,Yes,3,great quality works perfectly highly recommend,Positive,0.902,Positive,2024-01
REV002578,HOM1990,Home & Kitchen,Blender,"very disappointed, stopped working after a few days. Very frustrating.",1,2024-02-09,Yes,1,disappointed stopped working after few days frustrating,Negative,-0.83,Negative,2024-02
REV003589,BEA1946,Beauty,Lip Balm Set,"decent for the price, but not amazing. Still testing it out.",3,2023-02-04,Yes,0,decent price amazing still testing out,Negative,-0.6259,Neutral,2023-02
REV003832,ELE1804,Electronics,Bluetooth Speaker,"this is fantastic, exactly what I needed. Fast shipping too!",5,2023-04-22,Yes,1,fantastic exactly what needed fast shipping too,Positive,0.5983,Positive,2023-04
REV001603,CLO1883,Clothing,Yoga Pants,"does what it says, no major complaints. We'll see how it holds up.",3,2024-11-24,Yes,0,what says major complaints ll see how holds up,Positive,0.0903,Neutral,2024-11
REV002170,ELE1506,Electronics,Smartwatch,acceptable quality for casual use. Still testing it out.,3,2023-07-22,Yes,0,acceptable quality casual use still testing out,Positive,0.4767,Neutral,2023-07
REV000743,SPO1732,Sports & Outdoors,Yoga Mat,"superb product, will definitely buy again. Would buy again.",4,2023-08-03,No,6,superb product definitely buy again buy again,Positive,0.7783,Positive,2023-08
REV003820,SPO1155,Sports & Outdoors,Water Bottle,"great quality and works perfectly, highly recommend. Would buy again.",5,2023-07-30,Yes,3,great quality works perfectly highly recommend buy again,Positive,0.902,Positive,2023-07
REV000810,HOM1114,Home & Kitchen,Air Fryer,"not bad, not great, just an average item. Might update this review later.",3,2023-05-23,No,0,bad great average item might update review later,Positive,0.6754,Neutral,2023-05
REV000595,SPO1793,Sports & Outdoors,Yoga Mat,"this is fantastic, exactly what I needed. Would buy again.",4,2024-12-23,No,10,fantastic exactly what needed buy again,Positive,0.5574,Positive,2024-12
REV003790,ELE1293,Electronics,Power Bank,"this is fantastic, exactly what I needed.",4,2023-07-04,Yes,0,fantastic exactly what needed,Positive,0.5574,Positive,2023-07
REV000878,BOO1895,Books,Mystery Novel,"broke within a week, waste of money. Asked for a refund.",1,2023-04-09,Yes,5,broke within week waste money asked refund,Negative,-0.6808,Negative,2023-04
REV000381,BOO1152,Books,Self-Help Guide,perfect fit and great customer service too. Five stars from me.,4,2024-09-18,Yes,2,perfect fit great customer service too five stars me,Positive,0.8834,Positive,2024-09
REV002585,HOM1702,Home & Kitchen,Vacuum Cleaner,"not bad, not great, just an average item. We'll see how it holds up.   <br>  ",3,2023-01-14,Yes,0,bad great average item ll see how holds up,Positive,0.6754,Neutral,2023-01
REV001884,ELE1241,Electronics,Wireless Earbuds,"amazing value for the price, very happy with this purchase.",5,2023-12-15,Yes,1,amazing value price happy purchase,Positive,0.8805,Positive,2023-12
REV002534,BEA1863,Beauty,Sunscreen SPF50,"not as advertised, very frustrating purchase. Very frustrating.",1,2023-11-11,No,0,advertised frustrating purchase frustrating,Negative,-0.7496,Negative,2023-11
REV001827,BEA1558,Beauty,Hair Dryer,"superb product, will definitely buy again. Five stars from me.",4,2024-06-20,Yes,2,superb product definitely buy again five stars me,Positive,0.7783,Positive,2024-06
REV000829,BOO1088,Books,Sci-Fi Trilogy,"reasonable quality, similar to other products in this range.",3,2024-08-10,Yes,0,reasonable quality similar other products range,Neutral,0.0,Neutral,2024-08
REV001220,HOM1305,Home & Kitchen,Coffee Maker,"excellent build quality, arrived quickly and works great. Would buy again.   <br>  ",5,2024-07-21,Yes,1,excellent build quality arrived quickly works great buy again,Positive,0.8316,Positive,2024-07
REV002820,BEA1043,Beauty,Sunscreen SPF50,"this is fantastic, exactly what I needed. Would buy again.",4,2024-06-11,Yes,0,fantastic exactly what needed buy again,Positive,0.5574,Positive,2024-06
REV000307,SPO1048,Sports & Outdoors,Camping Tent,acceptable quality for casual use. Still testing it out.,3,2024-06-05,Yes,0,acceptable quality casual use still testing out,Positive,0.4767,Neutral,2024-06
REV003469,CLO1549,Clothing,Denim Jeans,"decent for the price, but not amazing.",3,2023-11-10,Yes,0,decent price amazing,Negative,-0.6259,Neutral,2023-11
REV000507,HOM1991,Home & Kitchen,Vacuum Cleaner,"great quality and works perfectly, highly recommend. Five stars from me.",5,2024-10-29,No,2,great quality works perfectly highly recommend five stars me,Positive,0.902,Positive,2024-10
REV003099,CLO1764,Clothing,Yoga Pants,"broke within a week, waste of money. Wish I'd read reviews first.",2,2024-07-28,No,0,broke within week waste money wish read reviews first,Negative,-0.4404,Negative,2024-07
REV000481,BEA1798,Beauty,Lip Balm Set,"amazing value for the price, very happy with this purchase. Five stars from me.",4,2023-07-31,Yes,4,amazing value price happy purchase five stars me,Positive,0.8805,Positive,2023-07
REV000609,BEA1001,Beauty,Hair Dryer,"does what it says, no major complaints.",3,2024-04-21,Yes,0,what says major complaints,Positive,0.0903,Neutral,2024-04
REV001411,SPO1987,Sports & Outdoors,Camping Tent,"excellent build quality, arrived quickly and works great. Five stars from me.",5,2024-01-05,No,6,excellent build quality arrived quickly works great five stars me,Positive,0.8316,Positive,2024-01
REV001282,BEA1802,Beauty,Sunscreen SPF50,"very satisfied, the quality exceeded what I paid for. Fast shipping too!",4,2023-04-25,Yes,0,satisfied quality exceeded what paid fast shipping too,Positive,0.5244,Positive,2023-04
REV003571,ELE1359,Electronics,Wireless Earbuds,"absolutely love this product, exceeded my expectations. My whole family loves it.",5,2023-04-24,Yes,4,absolutely love product exceeded expectations whole family loves,Positive,0.8479,Positive,2023-04
REV003671,CLO1003,Clothing,Winter Jacket,"great quality and works perfectly, highly recommend. My whole family loves it.",5,2023-10-10,No,1,great quality works perfectly highly recommend whole family loves,Positive,0.9412,Positive,2023-10
REV003336,HOM1663,Home & Kitchen,Blender,"average product, met basic expectations. Still testing it out.",3,2023-09-18,Yes,0,average product met basic expectations still testing out,Neutral,0.0,Neutral,2023-09
REV002956,SPO1358,Sports & Outdoors,Resistance Bands,"great quality and works perfectly, highly recommend. My whole family loves it.",5,2023-08-18,Yes,3,great quality works perfectly highly recommend whole family loves,Positive,0.9412,Positive,2023-08
REV000037,CLO1391,Clothing,Cotton T-Shirt,"outstanding performance, worth every penny.",5,2024-06-20,Yes,3,outstanding performance worth every penny,Positive,0.7096,Positive,2024-06
REV000859,HOM1546,Home & Kitchen,Non-Stick Pan Set,"great quality and works perfectly, highly recommend.",4,2023-11-08,No,1,great quality works perfectly highly recommend,Positive,0.902,Positive,2023-11
REV001796,SPO1246,Sports & Outdoors,Hiking Backpack,"not bad, not great, just an average item. Still testing it out.",3,2024-07-09,Yes,2,bad great average item still testing out,Positive,0.6754,Neutral,2024-07
REV001799,ELE1570,Electronics,Bluetooth Speaker,"it's okay, does the job but nothing special. Still testing it out.   <br>  ",3,2024-02-03,Yes,0,okay job nothing special still testing out,Negative,-0.3479,Neutral,2024-02
REV000454,CLO1465,Clothing,Denim Jeans,"outstanding performance, worth every penny. Five stars from me.",5,2023-10-21,Yes,3,outstanding performance worth every penny five stars me,Positive,0.7096,Positive,2023-10
REV001617,SPO1261,Sports & Outdoors,Resistance Bands,"great quality and works perfectly, highly recommend. Fast shipping too!",5,2024-04-14,Yes,8,great quality works perfectly highly recommend fast shipping too,Positive,0.9078,Positive,2024-04
REV002898,ELE1613,Electronics,Wireless Earbuds,"this is fantastic, exactly what I needed. My whole family loves it.",5,2023-01-02,No,3,fantastic exactly what needed whole family loves,Positive,0.8074,Positive,2023-01
REV002577,CLO1992,Clothing,Winter Jacket,"regret buying this, quality is really bad. Wish I'd read reviews first.",1,2023-03-27,Yes,6,regret buying quality bad wish read reviews first,Negative,-0.5595,Negative,2023-03
REV002129,BOO1127,Books,Sci-Fi Trilogy,works flawlessly and looks even better in person. Fast shipping too!,5,2023-05-10,Yes,0,works flawlessly looks even better person fast shipping too,Positive,0.6114,Positive,2023-05
REV002806,ELE1139,Electronics,Bluetooth Speaker,cheaply made and feels flimsy. Asked for a refund.,1,2023-12-20,Yes,3,cheaply made feels flimsy asked refund,Neutral,0.0,Negative,2023-12
REV003073,HOM1981,Home & Kitchen,Vacuum Cleaner,works flawlessly and looks even better in person. Fast shipping too!,5,2023-09-08,Yes,0,works flawlessly looks even better person fast shipping too,Positive,0.6114,Positive,2023-09
REV001707,CLO1700,Clothing,Yoga Pants,"this is fantastic, exactly what I needed. Five stars from me.",5,2024-11-23,Yes,3,fantastic exactly what needed five stars me,Positive,0.5574,Positive,2024-11
REV003151,SPO1824,Sports & Outdoors,Camping Tent,"reasonable quality, similar to other products in this range. Might update this review later.",3,2024-03-18,Yes,1,reasonable quality similar other products range might update review later,Neutral,0.0,Neutral,2024-03
REV003154,HOM1759,Home & Kitchen,Blender,perfect fit and great customer service too. My whole family loves it.,4,2023-10-13,Yes,0,perfect fit great customer service too whole family loves,Positive,0.9325,Positive,2023-10
REV003538,ELE1582,Electronics,Smartwatch,"terrible experience, item arrived damaged. Would not recommend to anyone.",1,2024-11-09,No,2,terrible experience item arrived damaged recommend anyone,Negative,-0.797,Negative,2024-11
REV003555,BEA1376,Beauty,Face Moisturizer,"superb product, will definitely buy again. Would buy again.",5,2023-07-11,No,0,superb product definitely buy again buy again,Positive,0.7783,Positive,2023-07
REV002492,ELE1184,Electronics,Power Bank,"outstanding performance, worth every penny. Would buy again.",5,2023-11-10,Yes,2,outstanding performance worth every penny buy again,Positive,0.7096,Positive,2023-11
REV000066,CLO1166,Clothing,Running Shoes,"very satisfied, the quality exceeded what I paid for. My whole family loves it.",4,2023-05-28,Yes,7,satisfied quality exceeded what paid whole family loves,Positive,0.7778,Positive,2023-05
REV001044,BEA1616,Beauty,Sunscreen SPF50,"absolutely love this product, exceeded my expectations. Would buy again.",5,2024-03-25,Yes,0,absolutely love product exceeded expectations buy again,Positive,0.6697,Positive,2024-03
REV002107,CLO1670,Clothing,Cotton T-Shirt,"this is fantastic, exactly what I needed. Five stars from me.",5,2023-09-21,Yes,1,fantastic exactly what needed five stars me,Positive,0.5574,Positive,2023-09
REV002043,CLO1752,Clothing,Cotton T-Shirt,"great quality and works perfectly, highly recommend. Fast shipping too!",5,2024-12-24,Yes,1,great quality works perfectly highly recommend fast shipping too,Positive,0.9078,Positive,2024-12
REV003789,CLO1135,Clothing,Denim Jeans,"gets the job done, nothing more nothing less.",3,2023-11-15,Yes,1,gets job done nothing more nothing less,Neutral,0.0,Neutral,2023-11
REV000451,BOO1741,Books,Sci-Fi Trilogy,"very satisfied, the quality exceeded what I paid for.",5,2023-01-08,Yes,4,satisfied quality exceeded what paid,Positive,0.4754,Positive,2023-01
REV002614,CLO1978,Clothing,Cotton T-Shirt,"not bad, not great, just an average item.",3,2023-06-05,Yes,0,bad great average item,Positive,0.6754,Neutral,2023-06
REV003917,HOM1359,Home & Kitchen,Air Fryer,perfect fit and great customer service too. Five stars from me.,4,2023-02-05,No,3,perfect fit great customer service too five stars me,Positive,0.8834,Positive,2023-02
REV000869,SPO1509,Sports & Outdoors,Resistance Bands,"average product, met basic expectations. We'll see how it holds up.",3,2023-06-15,Yes,2,average product met basic expectations ll see how holds up,Neutral,0.0,Neutral,2023-06
REV001331,BOO1243,Books,Cookbook,"outstanding performance, worth every penny. My whole family loves it.",5,2023-03-31,Yes,3,outstanding performance worth every penny whole family loves,Positive,0.8625,Positive,2023-03
REV000255,BEA1821,Beauty,Hair Dryer,"average product, met basic expectations.",3,2023-03-18,Yes,0,average product met basic expectations,Neutral,0.0,Neutral,2023-03
REV003588,HOM1238,Home & Kitchen,Non-Stick Pan Set,"regret buying this, quality is really bad. Very frustrating.",2,2023-11-15,No,4,regret buying quality bad frustrating,Negative,-0.8764,Negative,2023-11
REV002720,HOM1375,Home & Kitchen,Vacuum Cleaner,"excellent build quality, arrived quickly and works great.",5,2023-01-21,Yes,4,excellent build quality arrived quickly works great,Positive,0.8316,Positive,2023-01
REV002053,BEA1640,Beauty,Hair Dryer,perfect fit and great customer service too. Fast shipping too!,5,2024-02-23,Yes,0,perfect fit great customer service too fast shipping too,Positive,0.8908,Positive,2024-02
REV003080,BOO1860,Books,Business Book,arrived defective and customer support was unhelpful. Asked for a refund.,1,2024-10-05,No,1,arrived defective customer support unhelpful asked refund,Negative,-0.0516,Negative,2024-10
REV002498,ELE1329,Electronics,Wireless Earbuds,cheaply made and feels flimsy. Very frustrating.,1,2023-05-06,Yes,0,cheaply made feels flimsy frustrating,Negative,-0.4927,Negative,2023-05
REV002027,BEA1329,Beauty,Shampoo,"worst purchase I've made this year, do not recommend. Very frustrating.",1,2023-07-29,Yes,0,worst purchase ve made year recommend frustrating,Negative,-0.5555,Negative,2023-07
REV000100,CLO1035,Clothing,Cotton T-Shirt,"not bad, not great, just an average item. Might update this review later.",3,2023-04-14,Yes,0,bad great average item might update review later,Positive,0.6754,Neutral,2023-04
REV002412,CLO1682,Clothing,Yoga Pants,perfect fit and great customer service too.,5,2024-01-23,No,1,perfect fit great customer service too,Positive,0.8834,Positive,2024-01
REV002054,HOM1498,Home & Kitchen,Air Fryer,"it's fine, though the packaging could be better. Might update this review later.",3,2023-01-18,Yes,6,fine though packaging better might update review later,Positive,0.5719,Neutral,2023-01
REV002748,SPO1754,Sports & Outdoors,Hiking Backpack,"very satisfied, the quality exceeded what I paid for. Would buy again.",5,2024-02-11,Yes,5,satisfied quality exceeded what paid buy again,Positive,0.4754,Positive,2024-02
REV002085,BEA1268,Beauty,Face Moisturizer,"it's okay, does the job but nothing special.",3,2024-12-20,No,1,okay job nothing special,Negative,-0.3479,Neutral,2024-12
REV002145,ELE1151,Electronics,Laptop Stand,"reasonable quality, similar to other products in this range.",3,2024-03-02,Yes,0,reasonable quality similar other products range,Neutral,0.0,Neutral,2024-03
REV002402,HOM1483,Home & Kitchen,Blender,arrived defective and customer support was unhelpful. Asked for a refund.,1,2024-08-09,Yes,2,arrived defective customer support unhelpful asked refund,Negative,-0.0516,Negative,2024-08
REV001159,HOM1336,Home & Kitchen,Non-Stick Pan Set,"does not match the description, quite misleading. Wish I'd read reviews first.",1,2023-03-07,Yes,7,match description quite misleading wish read reviews first,Neutral,-0.0038,Negative,2023-03
REV002688,BEA1410,Beauty,Face Moisturizer,"decent for the price, but not amazing. Still testing it out.   <br>  ",3,2023-07-17,Yes,1,decent price amazing still testing out,Negative,-0.6259,Neutral,2023-07
REV002598,ELE1812,Electronics,Laptop Stand,"this is fantastic, exactly what I needed. Five stars from me.",5,2024-07-22,Yes,3,fantastic exactly what needed five stars me,Positive,0.5574,Positive,2024-07
REV003964,HOM1367,Home & Kitchen,Non-Stick Pan Set,"regret buying this, quality is really bad.",2,2024-09-28,Yes,8,regret buying quality bad,Negative,-0.7645,Negative,2024-09
REV003335,BEA1426,Beauty,Sunscreen SPF50,"reasonable quality, similar to other products in this range. Still testing it out.",3,2023-08-01,Yes,0,reasonable quality similar other products range still testing out,Neutral,0.0,Neutral,2023-08
REV001932,HOM1776,Home & Kitchen,Vacuum Cleaner,"it's fine, though the packaging could be better. Still testing it out.",3,2024-11-28,Yes,0,fine though packaging better still testing out,Positive,0.5719,Neutral,2024-11
REV000241,BOO1849,Books,Self-Help Guide,"this is fantastic, exactly what I needed. My whole family loves it.",5,2023-05-07,No,5,fantastic exactly what needed whole family loves,Positive,0.8074,Positive,2023-05
REV001976,HOM1267,Home & Kitchen,Blender,works flawlessly and looks even better in person.,5,2024-07-13,Yes,2,works flawlessly looks even better person,Positive,0.5719,Positive,2024-07
REV003114,ELE1765,Electronics,Wireless Earbuds,"outstanding performance, worth every penny.",5,2023-04-09,Yes,1,outstanding performance worth every penny,Positive,0.7096,Positive,2023-04
REV001923,CLO1851,Clothing,Yoga Pants,"amazing value for the price, very happy with this purchase. My whole family loves it.",5,2023-03-22,Yes,0,amazing value price happy purchase whole family loves,Positive,0.9312,Positive,2023-03
REV003178,ELE1733,Electronics,Laptop Stand,"absolutely love this product, exceeded my expectations. Fast shipping too!",5,2023-09-28,Yes,1,absolutely love product exceeded expectations fast shipping too,Positive,0.6989,Positive,2023-09
REV003575,ELE1406,Electronics,Smartwatch,"very satisfied, the quality exceeded what I paid for.",4,2023-09-22,Yes,2,satisfied quality exceeded what paid,Positive,0.4754,Positive,2023-09
REV000908,ELE1823,Electronics,Wireless Earbuds,"very satisfied, the quality exceeded what I paid for. My whole family loves it.",5,2024-03-24,Yes,0,satisfied quality exceeded what paid whole family loves,Positive,0.7778,Positive,2024-03
REV002343,HOM1548,Home & Kitchen,Blender,"excellent build quality, arrived quickly and works great. Fast shipping too!",4,2024-04-23,No,3,excellent build quality arrived quickly works great fast shipping too,Positive,0.8439,Positive,2024-04
REV000971,BEA1543,Beauty,Shampoo,"outstanding performance, worth every penny. Would buy again.",4,2024-11-19,No,0,outstanding performance worth every penny buy again,Positive,0.7096,Positive,2024-11
REV003053,BEA1296,Beauty,Shampoo,"great quality and works perfectly, highly recommend.",4,2023-12-16,Yes,1,great quality works perfectly highly recommend,Positive,0.902,Positive,2023-12
REV000394,SPO1578,Sports & Outdoors,Hiking Backpack,"poor quality, not worth the money at all. Would not recommend to anyone.",1,2023-02-11,Yes,8,poor quality worth money all recommend anyone,Negative,-0.7074,Negative,2023-02
REV002746,BEA1395,Beauty,Sunscreen SPF50,"does what it says, no major complaints. We'll see how it holds up.",3,2023-07-13,Yes,0,what says major complaints ll see how holds up,Positive,0.0903,Neutral,2023-07
REV000401,CLO1187,Clothing,Denim Jeans,"average product, met basic expectations. Still testing it out.",3,2024-02-18,Yes,0,average product met basic expectations still testing out,Neutral,0.0,Neutral,2024-02
REV000706,BEA1592,Beauty,Hair Dryer,"amazing value for the price, very happy with this purchase. Would buy again.",5,2023-07-10,Yes,5,amazing value price happy purchase buy again,Positive,0.8805,Positive,2023-07
REV003276,HOM1768,Home & Kitchen,Air Fryer,"great quality and works perfectly, highly recommend. Five stars from me.",5,2024-09-10,Yes,0,great quality works perfectly highly recommend five stars me,Positive,0.902,Positive,2024-09
REV000600,ELE1561,Electronics,Smartwatch,"outstanding performance, worth every penny. Would buy again.",5,2024-06-18,Yes,6,outstanding performance worth every penny buy again,Positive,0.7096,Positive,2024-06
REV001537,SPO1312,Sports & Outdoors,Water Bottle,works flawlessly and looks even better in person. Five stars from me.,4,2023-06-08,Yes,2,works flawlessly looks even better person five stars me,Positive,0.5719,Positive,2023-06
REV002665,BEA1511,Beauty,Sunscreen SPF50,"very satisfied, the quality exceeded what I paid for. Five stars from me.   <br>  ",5,2023-02-05,Yes,5,satisfied quality exceeded what paid five stars me,Positive,0.4754,Positive,2023-02
REV000616,SPO1672,Sports & Outdoors,Yoga Mat,works flawlessly and looks even better in person. My whole family loves it.,4,2023-01-04,Yes,0,works flawlessly looks even better person whole family loves,Positive,0.8126,Positive,2023-01
REV000680,HOM1663,Home & Kitchen,Air Fryer,"regret buying this, quality is really bad. Very frustrating.",2,2024-02-04,Yes,0,regret buying quality bad frustrating,Negative,-0.8764,Negative,2024-02
REV000782,HOM1092,Home & Kitchen,Vacuum Cleaner,works flawlessly and looks even better in person. My whole family loves it.   <br>  ,4,2024-04-20,Yes,6,works flawlessly looks even better person whole family loves,Positive,0.8126,Positive,2024-04
REV003771,BOO1383,Books,Cookbook,"does not match the description, quite misleading. Asked for a refund.",1,2023-12-26,Yes,0,match description quite misleading asked refund,Negative,-0.4576,Negative,2023-12
REV003046,SPO1431,Sports & Outdoors,Hiking Backpack,"not bad, not great, just an average item. We'll see how it holds up.",3,2024-05-09,Yes,2,bad great average item ll see how holds up,Positive,0.6754,Neutral,2024-05
REV001330,CLO1523,Clothing,Yoga Pants,"excellent build quality, arrived quickly and works great. My whole family loves it.",5,2023-02-20,Yes,4,excellent build quality arrived quickly works great whole family loves,Positive,0.91,Positive,2023-02
REV002775,HOM1679,Home & Kitchen,Vacuum Cleaner,"excellent build quality, arrived quickly and works great. Five stars from me.",5,2023-07-11,Yes,2,excellent build quality arrived quickly works great five stars me,Positive,0.8316,Positive,2023-07
REV001117,BOO1499,Books,Business Book,"average product, met basic expectations. We'll see how it holds up.",3,2023-08-26,No,0,average product met basic expectations ll see how holds up,Neutral,0.0,Neutral,2023-08
REV000468,CLO1087,Clothing,Cotton T-Shirt,works flawlessly and looks even better in person. Five stars from me.,5,2024-02-20,Yes,2,works flawlessly looks even better person five stars me,Positive,0.5719,Positive,2024-02
REV002704,BEA1385,Beauty,Lip Balm Set,arrived defective and customer support was unhelpful. Would not recommend to anyone.,2,2023-07-28,Yes,2,arrived defective customer support unhelpful recommend anyone,Negative,-0.3204,Negative,2023-07
REV002003,HOM1448,Home & Kitchen,Non-Stick Pan Set,perfect fit and great customer service too. Would buy again.,5,2023-10-13,Yes,1,perfect fit great customer service too buy again,Positive,0.8834,Positive,2023-10
REV001402,SPO1974,Sports & Outdoors,Resistance Bands,acceptable quality for casual use. We'll see how it holds up.,3,2024-09-02,No,0,acceptable quality casual use ll see how holds up,Positive,0.4767,Neutral,2024-09
REV001882,SPO1447,Sports & Outdoors,Resistance Bands,perfect fit and great customer service too. My whole family loves it.,5,2023-08-14,No,5,perfect fit great customer service too whole family loves,Positive,0.9325,Positive,2023-08
REV001509,ELE1538,Electronics,Power Bank,"this is fantastic, exactly what I needed. Fast shipping too!",5,2023-09-10,Yes,1,fantastic exactly what needed fast shipping too,Positive,0.5983,Positive,2023-09
REV001838,BOO1298,Books,Cookbook,"superb product, will definitely buy again. Five stars from me.",5,2023-12-09,Yes,5,superb product definitely buy again five stars me,Positive,0.7783,Positive,2023-12
REV000323,ELE1841,Electronics,Smartwatch,"gets the job done, nothing more nothing less. Might update this review later.",3,2024-10-29,Yes,3,gets job done nothing more nothing less might update review later,Neutral,0.0,Neutral,2024-10
REV001878,BEA1423,Beauty,Sunscreen SPF50,"absolutely love this product, exceeded my expectations. Five stars from me.",5,2023-12-15,Yes,6,absolutely love product exceeded expectations five stars me,Positive,0.6697,Positive,2023-12
REV000226,CLO1195,Clothing,Cotton T-Shirt,perfect fit and great customer service too. Would buy again.,5,2023-10-10,Yes,1,perfect fit great customer service too buy again,Positive,0.8834,Positive,2023-10
REV000535,SPO1168,Sports & Outdoors,Yoga Mat,"amazing value for the price, very happy with this purchase. Fast shipping too!",5,2023-09-11,No,0,amazing value price happy purchase fast shipping too,Positive,0.8881,Positive,2023-09
REV000614,HOM1869,Home & Kitchen,Coffee Maker,"poor quality, not worth the money at all. Very frustrating.   <br>  ",1,2023-10-22,Yes,3,poor quality worth money all frustrating,Negative,-0.7881,Negative,2023-10
REV001642,SPO1034,Sports & Outdoors,Hiking Backpack,"works fine so far, will update if anything changes. We'll see how it holds up.",3,2023-02-25,No,2,works fine far update anything changes ll see how holds up,Positive,0.2023,Neutral,2023-02
REV002133,HOM1470,Home & Kitchen,Non-Stick Pan Set,"absolutely love this product, exceeded my expectations.",5,2023-03-30,Yes,0,absolutely love product exceeded expectations,Positive,0.6697,Positive,2023-03
REV001074,BOO1720,Books,Mystery Novel,"does not match the description, quite misleading. Asked for a refund.",1,2024-10-07,Yes,0,match description quite misleading asked refund,Negative,-0.4576,Negative,2024-10
REV001413,ELE1582,Electronics,Bluetooth Speaker,"excellent build quality, arrived quickly and works great. Five stars from me.",5,2024-11-26,Yes,6,excellent build quality arrived quickly works great five stars me,Positive,0.8316,Positive,2024-11
REV001628,BEA1512,Beauty,Lip Balm Set,"very disappointed, stopped working after a few days. Asked for a refund.",1,2024-08-12,Yes,1,disappointed stopped working after few days asked refund,Negative,-0.6779,Negative,2024-08
REV001478,ELE1111,Electronics,Bluetooth Speaker,"amazing value for the price, very happy with this purchase.",5,2024-05-09,Yes,2,amazing value price happy purchase,Positive,0.8805,Positive,2024-05
REV003803,SPO1175,Sports & Outdoors,Camping Tent,"amazing value for the price, very happy with this purchase.",5,2023-10-24,No,0,amazing value price happy purchase,Positive,0.8805,Positive,2023-10
REV000978,SPO1626,Sports & Outdoors,Hiking Backpack,"not bad, not great, just an average item. Might update this review later.",3,2023-03-07,No,0,bad great average item might update review later,Positive,0.6754,Neutral,2023-03
REV002389,BEA1422,Beauty,Hair Dryer,"amazing value for the price, very happy with this purchase. My whole family loves it.",4,2024-01-30,No,4,amazing value price happy purchase whole family loves,Positive,0.9312,Positive,2024-01
REV001504,SPO1406,Sports & Outdoors,Yoga Mat,perfect fit and great customer service too. Would buy again.,4,2024-06-04,Yes,4,perfect fit great customer service too buy again,Positive,0.8834,Positive,2024-06
REV003395,BOO1924,Books,Business Book,"excellent build quality, arrived quickly and works great. Five stars from me.",4,2024-02-03,Yes,4,excellent build quality arrived quickly works great five stars me,Positive,0.8316,Positive,2024-02
REV003441,BEA1145,Beauty,Shampoo,"this is fantastic, exactly what I needed. Five stars from me.",5,2024-01-04,Yes,5,fantastic exactly what needed five stars me,Positive,0.5574,Positive,2024-01
REV000214,ELE1910,Electronics,Smartwatch,"it's okay, does the job but nothing special. We'll see how it holds up.",3,2023-02-12,Yes,0,okay job nothing special ll see how holds up,Negative,-0.3479,Neutral,2023-02
REV001032,HOM1103,Home & Kitchen,Blender,perfect fit and great customer service too. Five stars from me.,5,2024-10-11,Yes,1,perfect fit great customer service too five stars me,Positive,0.8834,Positive,2024-10
REV000803,ELE1122,Electronics,Wireless Earbuds,"decent for the price, but not amazing.",3,2024-08-04,No,1,decent price amazing,Negative,-0.6259,Neutral,2024-08
REV002146,BOO1875,Books,Cookbook,"gets the job done, nothing more nothing less. Still testing it out.",3,2024-01-13,Yes,0,gets job done nothing more nothing less still testing out,Neutral,0.0,Neutral,2024-01
REV001517,HOM1812,Home & Kitchen,Vacuum Cleaner,cheaply made and feels flimsy. Asked for a refund.,2,2023-04-24,Yes,3,cheaply made feels flimsy asked refund,Neutral,0.0,Negative,2023-04
REV000560,SPO1276,Sports & Outdoors,Yoga Mat,perfect fit and great customer service too.,5,2024-08-05,Yes,2,perfect fit great customer service too,Positive,0.8834,Positive,2024-08
REV001638,ELE1236,Electronics,Laptop Stand,"does what it says, no major complaints. Might update this review later.",3,2024-01-26,Yes,0,what says major complaints might update review later,Positive,0.0903,Neutral,2024-01
REV002045,BOO1822,Books,Mystery Novel,"absolutely love this product, exceeded my expectations. My whole family loves it.",5,2023-07-02,Yes,0,absolutely love product exceeded expectations whole family loves,Positive,0.8479,Positive,2023-07
REV000697,SPO1055,Sports & Outdoors,Hiking Backpack,"not bad, not great, just an average item. Still testing it out.",3,2023-08-20,Yes,0,bad great average item still testing out,Positive,0.6754,Neutral,2023-08
REV002919,BEA1358,Beauty,Hair Dryer,"it's okay, does the job but nothing special. Still testing it out.",3,2024-12-28,Yes,0,okay job nothing special still testing out,Negative,-0.3479,Neutral,2024-12
REV001970,CLO1553,Clothing,Denim Jeans,"average product, met basic expectations. Still testing it out.",3,2023-07-04,Yes,0,average product met basic expectations still testing out,Neutral,0.0,Neutral,2023-07
REV003478,HOM1156,Home & Kitchen,Blender,"terrible experience, item arrived damaged.",2,2024-12-09,Yes,8,terrible experience item arrived damaged,Negative,-0.7184,Negative,2024-12
REV000237,HOM1712,Home & Kitchen,Air Fryer,"outstanding performance, worth every penny. My whole family loves it.",4,2024-08-11,Yes,3,outstanding performance worth every penny whole family loves,Positive,0.8625,Positive,2024-08
REV001528,CLO1671,Clothing,Yoga Pants,"it's okay, does the job but nothing special. Might update this review later.",3,2024-10-26,Yes,0,okay job nothing special might update review later,Negative,-0.3479,Neutral,2024-10
REV000774,SPO1255,Sports & Outdoors,Water Bottle,"very disappointed, stopped working after a few days. Very frustrating.",1,2023-09-30,Yes,1,disappointed stopped working after few days frustrating,Negative,-0.83,Negative,2023-09
REV001715,HOM1904,Home & Kitchen,Vacuum Cleaner,"decent for the price, but not amazing. We'll see how it holds up.",3,2024-02-09,Yes,0,decent price amazing ll see how holds up,Negative,-0.6259,Neutral,2024-02
REV003462,SPO1528,Sports & Outdoors,Water Bottle,"gets the job done, nothing more nothing less. Still testing it out.",3,2023-12-20,Yes,0,gets job done nothing more nothing less still testing out,Neutral,0.0,Neutral,2023-12
REV003161,CLO1426,Clothing,Yoga Pants,"outstanding performance, worth every penny. My whole family loves it.",5,2023-07-17,Yes,3,outstanding performance worth every penny whole family loves,Positive,0.8625,Positive,2023-07
REV001708,SPO1972,Sports & Outdoors,Camping Tent,"amazing value for the price, very happy with this purchase. Would buy again.",4,2023-06-21,Yes,0,amazing value price happy purchase buy again,Positive,0.8805,Positive,2023-06
REV002981,ELE1260,Electronics,Smartwatch,"amazing value for the price, very happy with this purchase. Fast shipping too!",4,2023-10-31,Yes,2,amazing value price happy purchase fast shipping too,Positive,0.8881,Positive,2023-10
REV000407,CLO1332,Clothing,Yoga Pants,"gets the job done, nothing more nothing less. Still testing it out.   <br>  ",3,2024-04-29,Yes,0,gets job done nothing more nothing less still testing out,Neutral,0.0,Neutral,2024-04
REV003854,CLO1275,Clothing,Yoga Pants,"absolutely love this product, exceeded my expectations. Five stars from me.   <br>  ",5,2023-07-30,Yes,5,absolutely love product exceeded expectations five stars me,Positive,0.6697,Positive,2023-07
REV000180,HOM1484,Home & Kitchen,Vacuum Cleaner,perfect fit and great customer service too. My whole family loves it.,5,2024-10-17,Yes,1,perfect fit great customer service too whole family loves,Positive,0.9325,Positive,2024-10
REV000579,SPO1704,Sports & Outdoors,Camping Tent,arrived defective and customer support was unhelpful. Asked for a refund.,1,2023-07-06,Yes,0,arrived defective customer support unhelpful asked refund,Negative,-0.0516,Negative,2023-07
REV001133,CLO1778,Clothing,Running Shoes,"not as advertised, very frustrating purchase. Asked for a refund.",1,2023-09-07,Yes,6,advertised frustrating purchase asked refund,Negative,-0.4927,Negative,2023-09
REV000819,ELE1619,Electronics,Smartwatch,"poor quality, not worth the money at all. Wish I'd read reviews first.",2,2023-04-09,Yes,5,poor quality worth money all wish read reviews first,Negative,-0.2654,Negative,2023-04
REV003439,BEA1561,Beauty,Lip Balm Set,"broke within a week, waste of money. Very frustrating.",2,2023-09-07,Yes,4,broke within week waste money frustrating,Negative,-0.8313,Negative,2023-09
REV000368,SPO1072,Sports & Outdoors,Yoga Mat,"outstanding performance, worth every penny. Would buy again.",5,2023-03-25,Yes,1,outstanding performance worth every penny buy again,Positive,0.7096,Positive,2023-03
REV002808,ELE1656,Electronics,Wireless Earbuds,"outstanding performance, worth every penny. My whole family loves it.",5,2023-08-06,Yes,2,outstanding performance worth every penny whole family loves,Positive,0.8625,Positive,2023-08
REV002348,BEA1946,Beauty,Sunscreen SPF50,works flawlessly and looks even better in person. Fast shipping too!,5,2023-04-14,Yes,1,works flawlessly looks even better person fast shipping too,Positive,0.6114,Positive,2023-04
REV000537,BEA1102,Beauty,Hair Dryer,"great quality and works perfectly, highly recommend. Would buy again.",4,2024-12-29,No,12,great quality works perfectly highly recommend buy again,Positive,0.902,Positive,2024-12
REV000148,BOO1835,Books,Business Book,acceptable quality for casual use.,3,2024-10-22,Yes,0,acceptable quality casual use,Positive,0.4767,Neutral,2024-10
REV000647,CLO1027,Clothing,Running Shoes,"excellent build quality, arrived quickly and works great. Fast shipping too!",5,2023-02-09,Yes,6,excellent build quality arrived quickly works great fast shipping too,Positive,0.8439,Positive,2023-02
REV000744,BOO1800,Books,Sci-Fi Trilogy,"amazing value for the price, very happy with this purchase. My whole family loves it.",5,2023-12-02,Yes,1,amazing value price happy purchase whole family loves,Positive,0.9312,Positive,2023-12
REV002001,BEA1571,Beauty,Face Moisturizer,"regret buying this, quality is really bad. Very frustrating.",2,2023-05-13,No,1,regret buying quality bad frustrating,Negative,-0.8764,Negative,2023-05
REV002427,CLO1512,Clothing,Running Shoes,cheaply made and feels flimsy. Very frustrating.,2,2024-08-12,No,4,cheaply made feels flimsy frustrating,Negative,-0.4927,Negative,2024-08
REV000651,BOO1643,Books,Cookbook,"this is fantastic, exactly what I needed. Five stars from me.",5,2024-06-22,Yes,1,fantastic exactly what needed five stars me,Positive,0.5574,Positive,2024-06
REV003713,ELE1981,Electronics,Laptop Stand,"it's fine, though the packaging could be better. Still testing it out.",3,2024-08-09,Yes,0,fine though packaging better still testing out,Positive,0.5719,Neutral,2024-08
REV000194,CLO1788,Clothing,Denim Jeans,"terrible experience, item arrived damaged. Would not recommend to anyone.",2,2024-04-16,Yes,4,terrible experience item arrived damaged recommend anyone,Negative,-0.797,Negative,2024-04
REV003857,BOO1377,Books,Cookbook,"works fine so far, will update if anything changes. Might update this review later.",3,2023-02-28,No,1,works fine far update anything changes might update review later,Positive,0.2023,Neutral,2023-02
REV000939,HOM1564,Home & Kitchen,Coffee Maker,works flawlessly and looks even better in person. Five stars from me.,5,2024-05-01,Yes,0,works flawlessly looks even better person five stars me,Positive,0.5719,Positive,2024-05
REV000167,BOO1486,Books,Mystery Novel,"very disappointed, stopped working after a few days. Asked for a refund.",2,2024-04-17,Yes,0,disappointed stopped working after few days asked refund,Negative,-0.6779,Negative,2024-04
REV000543,BOO1398,Books,Sci-Fi Trilogy,"excellent build quality, arrived quickly and works great. Five stars from me.",4,2023-06-05,Yes,6,excellent build quality arrived quickly works great five stars me,Positive,0.8316,Positive,2023-06
REV000649,BEA1654,Beauty,Lip Balm Set,works flawlessly and looks even better in person. Fast shipping too!,5,2023-09-24,No,0,works flawlessly looks even better person fast shipping too,Positive,0.6114,Positive,2023-09
REV000905,CLO1128,Clothing,Winter Jacket,"not bad, not great, just an average item. We'll see how it holds up.",3,2024-08-03,Yes,1,bad great average item ll see how holds up,Positive,0.6754,Neutral,2024-08
REV000628,ELE1648,Electronics,Wireless Earbuds,"this is fantastic, exactly what I needed. Would buy again.",4,2024-05-15,Yes,3,fantastic exactly what needed buy again,Positive,0.5574,Positive,2024-05
REV001967,CLO1024,Clothing,Denim Jeans,"excellent build quality, arrived quickly and works great. My whole family loves it.",5,2024-05-31,Yes,1,excellent build quality arrived quickly works great whole family loves,Positive,0.91,Positive,2024-05
REV003153,ELE1624,Electronics,Laptop Stand,"great quality and works perfectly, highly recommend. Five stars from me.",5,2023-01-28,Yes,7,great quality works perfectly highly recommend five stars me,Positive,0.902,Positive,2023-01
REV003849,SPO1457,Sports & Outdoors,Hiking Backpack,"decent for the price, but not amazing.",3,2024-11-17,Yes,1,decent price amazing,Negative,-0.6259,Neutral,2024-11
REV002466,HOM1581,Home & Kitchen,Non-Stick Pan Set,"outstanding performance, worth every penny.",5,2023-01-12,Yes,5,outstanding performance worth every penny,Positive,0.7096,Positive,2023-01
REV000440,BOO1115,Books,Self-Help Guide,"it's okay, does the job but nothing special. We'll see how it holds up.",3,2023-08-22,Yes,0,okay job nothing special ll see how holds up,Negative,-0.3479,Neutral,2023-08
REV001102,CLO1604,Clothing,Cotton T-Shirt,cheaply made and feels flimsy. Would not recommend to anyone.,1,2024-06-10,No,5,cheaply made feels flimsy recommend anyone,Negative,-0.2755,Negative,2024-06
REV002380,BOO1941,Books,Mystery Novel,"not bad, not great, just an average item. Still testing it out.",3,2023-08-01,No,0,bad great average item still testing out,Positive,0.6754,Neutral,2023-08
REV003662,ELE1478,Electronics,Bluetooth Speaker,"it's fine, though the packaging could be better. Might update this review later.",3,2024-04-09,No,4,fine though packaging better might update review later,Positive,0.5719,Neutral,2024-04
REV002678,BOO1273,Books,Business Book,"average product, met basic expectations. We'll see how it holds up.",3,2024-07-24,Yes,0,average product met basic expectations ll see how holds up,Neutral,0.0,Neutral,2024-07
REV000586,ELE1550,Electronics,Wireless Earbuds,"absolutely love this product, exceeded my expectations. Would buy again.",5,2023-03-26,Yes,6,absolutely love product exceeded expectations buy again,Positive,0.6697,Positive,2023-03
REV002766,BOO1706,Books,Sci-Fi Trilogy,"regret buying this, quality is really bad. Wish I'd read reviews first.",1,2024-07-08,Yes,4,regret buying quality bad wish read reviews first,Negative,-0.5595,Negative,2024-07
REV001281,HOM1210,Home & Kitchen,Non-Stick Pan Set,"broke within a week, waste of money.",2,2024-09-27,Yes,2,broke within week waste money,Negative,-0.6808,Negative,2024-09
REV000372,ELE1877,Electronics,Wireless Earbuds,"superb product, will definitely buy again. Five stars from me.",4,2023-02-17,Yes,0,superb product definitely buy again five stars me,Positive,0.7783,Positive,2023-02
REV001561,SPO1076,Sports & Outdoors,Resistance Bands,"reasonable quality, similar to other products in this range. Might update this review later.",3,2024-02-27,Yes,2,reasonable quality similar other products range might update review later,Neutral,0.0,Neutral,2024-02
REV003017,ELE1496,Electronics,Smartwatch,"regret buying this, quality is really bad. Wish I'd read reviews first.",1,2023-06-29,Yes,7,regret buying quality bad wish read reviews first,Negative,-0.5595,Negative,2023-06
REV001553,CLO1627,Clothing,Denim Jeans,"it's fine, though the packaging could be better. Still testing it out.",3,2023-02-03,No,0,fine though packaging better still testing out,Positive,0.5719,Neutral,2023-02
REV003011,ELE1005,Electronics,Smartwatch,perfect fit and great customer service too.   <br>  ,5,2023-12-06,No,0,perfect fit great customer service too,Positive,0.8834,Positive,2023-12
REV001754,BOO1600,Books,Sci-Fi Trilogy,"very satisfied, the quality exceeded what I paid for.",5,2024-06-04,Yes,6,satisfied quality exceeded what paid,Positive,0.4754,Positive,2024-06
REV001272,SPO1981,Sports & Outdoors,Resistance Bands,"excellent build quality, arrived quickly and works great. Fast shipping too!",5,2024-02-05,No,4,excellent build quality arrived quickly works great fast shipping too,Positive,0.8439,Positive,2024-02
REV001165,SPO1730,Sports & Outdoors,Camping Tent,"outstanding performance, worth every penny. Five stars from me.",4,2023-01-15,Yes,1,outstanding performance worth every penny five stars me,Positive,0.7096,Positive,2023-01
REV003312,BOO1602,Books,Cookbook,cheaply made and feels flimsy. Would not recommend to anyone.,1,2024-01-25,Yes,0,cheaply made feels flimsy recommend anyone,Negative,-0.2755,Negative,2024-01
REV000290,BEA1306,Beauty,Lip Balm Set,"it's okay, does the job but nothing special. We'll see how it holds up.",3,2024-03-05,Yes,1,okay job nothing special ll see how holds up,Negative,-0.3479,Neutral,2024-03
REV002514,CLO1324,Clothing,Running Shoes,"does what it says, no major complaints.",3,2023-07-08,Yes,0,what says major complaints,Positive,0.0903,Neutral,2023-07
REV003875,HOM1430,Home & Kitchen,Non-Stick Pan Set,"excellent build quality, arrived quickly and works great. My whole family loves it.",4,2023-05-13,Yes,7,excellent build quality arrived quickly works great whole family loves,Positive,0.91,Positive,2023-05
REV002661,SPO1181,Sports & Outdoors,Water Bottle,works flawlessly and looks even better in person. Five stars from me.,5,2024-06-22,Yes,3,works flawlessly looks even better person five stars me,Positive,0.5719,Positive,2024-06
REV002211,HOM1886,Home & Kitchen,Vacuum Cleaner,"amazing value for the price, very happy with this purchase. Five stars from me.",5,2024-08-16,Yes,0,amazing value price happy purchase five stars me,Positive,0.8805,Positive,2024-08
REV002526,BEA1532,Beauty,Lip Balm Set,"reasonable quality, similar to other products in this range.",3,2023-05-05,Yes,0,reasonable quality similar other products range,Neutral,0.0,Neutral,2023-05
REV002768,HOM1959,Home & Kitchen,Non-Stick Pan Set,"worst purchase I've made this year, do not recommend. Wish I'd read reviews first.",1,2023-05-29,Yes,0,worst purchase ve made year recommend wish read reviews first,Negative,-0.816,Negative,2023-05
REV000904,ELE1823,Electronics,Smartwatch,perfect fit and great customer service too. My whole family loves it.,5,2023-02-04,Yes,3,perfect fit great customer service too whole family loves,Positive,0.9325,Positive,2023-02
REV000326,ELE1425,Electronics,Wireless Earbuds,"this is fantastic, exactly what I needed. Five stars from me.",5,2023-11-18,Yes,0,fantastic exactly what needed five stars me,Positive,0.5574,Positive,2023-11
REV001635,BEA1119,Beauty,Sunscreen SPF50,"great quality and works perfectly, highly recommend. Fast shipping too!   <br>  ",5,2024-11-22,Yes,0,great quality works perfectly highly recommend fast shipping too,Positive,0.9078,Positive,2024-11
REV000556,SPO1698,Sports & Outdoors,Resistance Bands,"this is fantastic, exactly what I needed. My whole family loves it.",4,2023-09-17,Yes,1,fantastic exactly what needed whole family loves,Positive,0.8074,Positive,2023-09
REV003149,SPO1089,Sports & Outdoors,Camping Tent,"broke within a week, waste of money. Asked for a refund.",1,2023-11-16,No,1,broke within week waste money asked refund,Negative,-0.6808,Negative,2023-11
REV003457,ELE1312,Electronics,Smartwatch,"superb product, will definitely buy again. Fast shipping too!   <br>  ",5,2024-10-07,Yes,2,superb product definitely buy again fast shipping too,Positive,0.7959,Positive,2024-10
REV002479,ELE1294,Electronics,Power Bank,"not bad, not great, just an average item. We'll see how it holds up.",3,2023-08-19,Yes,1,bad great average item ll see how holds up,Positive,0.6754,Neutral,2023-08
REV001854,ELE1178,Electronics,Bluetooth Speaker,"absolutely love this product, exceeded my expectations. My whole family loves it.",5,2023-11-13,Yes,8,absolutely love product exceeded expectations whole family loves,Positive,0.8479,Positive,2023-11
REV003626,BEA1958,Beauty,Lip Balm Set,"does what it says, no major complaints.",3,2024-08-16,No,0,what says major complaints,Positive,0.0903,Neutral,2024-08
REV001650,HOM1103,Home & Kitchen,Coffee Maker,"poor quality, not worth the money at all. Would not recommend to anyone.",1,2023-06-17,Yes,7,poor quality worth money all recommend anyone,Negative,-0.7074,Negative,2023-06
REV000284,BOO1190,Books,Mystery Novel,"great quality and works perfectly, highly recommend. My whole family loves it.",4,2024-10-24,Yes,2,great quality works perfectly highly recommend whole family loves,Positive,0.9412,Positive,2024-10
REV000006,BOO1162,Books,Business Book,"great quality and works perfectly, highly recommend.",5,2023-05-25,No,4,great quality works perfectly highly recommend,Positive,0.902,Positive,2023-05
REV002374,HOM1470,Home & Kitchen,Non-Stick Pan Set,"excellent build quality, arrived quickly and works great. Fast shipping too!",5,2024-11-11,Yes,5,excellent build quality arrived quickly works great fast shipping too,Positive,0.8439,Positive,2024-11
REV001445,BOO1164,Books,Cookbook,"excellent build quality, arrived quickly and works great. Fast shipping too!",4,2024-01-02,Yes,3,excellent build quality arrived quickly works great fast shipping too,Positive,0.8439,Positive,2024-01
REV002660,BEA1193,Beauty,Sunscreen SPF50,"decent for the price, but not amazing. Still testing it out.",3,2023-11-11,Yes,0,decent price amazing still testing out,Negative,-0.6259,Neutral,2023-11
REV003974,BOO1214,Books,Business Book,"outstanding performance, worth every penny. Fast shipping too!",5,2024-01-19,No,0,outstanding performance worth every penny fast shipping too,Positive,0.7345,Positive,2024-01
REV002017,SPO1021,Sports & Outdoors,Resistance Bands,"worst purchase I've made this year, do not recommend. Would not recommend to anyone.",2,2023-01-26,Yes,3,worst purchase ve made year recommend recommend anyone,Negative,-0.8085,Negative,2023-01
REV001394,ELE1255,Electronics,Smartwatch,"it's okay, does the job but nothing special.   <br>  ",3,2023-04-23,No,1,okay job nothing special,Negative,-0.3479,Neutral,2023-04
REV000676,BEA1119,Beauty,Hair Dryer,"this is fantastic, exactly what I needed.   <br>  ",5,2023-12-12,Yes,2,fantastic exactly what needed,Positive,0.5574,Positive,2023-12
REV003858,BOO1059,Books,Sci-Fi Trilogy,"amazing value for the price, very happy with this purchase.",5,2024-10-08,Yes,2,amazing value price happy purchase,Positive,0.8805,Positive,2024-10
REV002151,HOM1256,Home & Kitchen,Coffee Maker,"excellent build quality, arrived quickly and works great. Fast shipping too!",5,2024-09-14,No,3,excellent build quality arrived quickly works great fast shipping too,Positive,0.8439,Positive,2024-09
REV001294,ELE1073,Electronics,Bluetooth Speaker,"terrible experience, item arrived damaged. Wish I'd read reviews first.",2,2024-12-15,Yes,6,terrible experience item arrived damaged wish read reviews first,Negative,-0.5106,Negative,2024-12
REV001378,ELE1405,Electronics,Power Bank,"poor quality, not worth the money at all.",2,2023-06-16,No,0,poor quality worth money all,Negative,-0.5812,Negative,2023-06
REV001948,SPO1474,Sports & Outdoors,Yoga Mat,"broke within a week, waste of money. Wish I'd read reviews first.",2,2024-02-19,Yes,0,broke within week waste money wish read reviews first,Negative,-0.4404,Negative,2024-02
REV001350,ELE1839,Electronics,Laptop Stand,perfect fit and great customer service too.,4,2024-10-17,Yes,0,perfect fit great customer service too,Positive,0.8834,Positive,2024-10
REV003827,ELE1293,Electronics,Power Bank,"not bad, not great, just an average item. We'll see how it holds up.",3,2023-02-02,No,2,bad great average item ll see how holds up,Positive,0.6754,Neutral,2023-02
REV000843,ELE1901,Electronics,Smartwatch,"reasonable quality, similar to other products in this range. Still testing it out.",3,2023-03-16,Yes,0,reasonable quality similar other products range still testing out,Neutral,0.0,Neutral,2023-03
REV001969,CLO1144,Clothing,Running Shoes,"superb product, will definitely buy again.",5,2023-12-16,Yes,3,superb product definitely buy again,Positive,0.7783,Positive,2023-12
REV000071,ELE1010,Electronics,Wireless Earbuds,works flawlessly and looks even better in person. Fast shipping too!,5,2024-04-08,Yes,5,works flawlessly looks even better person fast shipping too,Positive,0.6114,Positive,2024-04
REV000467,BOO1658,Books,Self-Help Guide,"outstanding performance, worth every penny. My whole family loves it.   <br>  ",5,2023-06-26,Yes,0,outstanding performance worth every penny whole family loves,Positive,0.8625,Positive,2023-06
REV001664,BEA1186,Beauty,Face Moisturizer,"not bad, not great, just an average item. Might update this review later.",3,2024-12-30,Yes,0,bad great average item might update review later,Positive,0.6754,Neutral,2024-12
REV000047,HOM1169,Home & Kitchen,Air Fryer,"poor quality, not worth the money at all. Asked for a refund.",1,2024-11-20,Yes,0,poor quality worth money all asked refund,Negative,-0.5812,Negative,2024-11
REV001164,BEA1749,Beauty,Lip Balm Set,"excellent build quality, arrived quickly and works great. My whole family loves it.",5,2024-05-19,Yes,1,excellent build quality arrived quickly works great whole family loves,Positive,0.91,Positive,2024-05
REV000398,CLO1627,Clothing,Denim Jeans,"worst purchase I've made this year, do not recommend.",2,2023-07-27,Yes,0,worst purchase ve made year recommend,Negative,-0.7359,Negative,2023-07
REV001668,ELE1283,Electronics,Smartwatch,"outstanding performance, worth every penny.",5,2024-01-05,Yes,4,outstanding performance worth every penny,Positive,0.7096,Positive,2024-01
REV000785,BOO1346,Books,Sci-Fi Trilogy,acceptable quality for casual use.,3,2023-01-24,Yes,3,acceptable quality casual use,Positive,0.4767,Neutral,2023-01
REV001564,BOO1947,Books,Cookbook,"this is fantastic, exactly what I needed. Five stars from me.",5,2024-05-11,No,2,fantastic exactly what needed five stars me,Positive,0.5574,Positive,2024-05
REV003991,CLO1653,Clothing,Winter Jacket,cheaply made and feels flimsy.,1,2024-12-07,Yes,0,cheaply made feels flimsy,Neutral,0.0,Negative,2024-12
REV001176,BEA1946,Beauty,Hair Dryer,"superb product, will definitely buy again. Five stars from me.",4,2023-02-25,No,0,superb product definitely buy again five stars me,Positive,0.7783,Positive,2023-02
REV000925,BOO1811,Books,Cookbook,"superb product, will definitely buy again.",5,2023-12-09,Yes,3,superb product definitely buy again,Positive,0.7783,Positive,2023-12
REV003507,SPO1553,Sports & Outdoors,Yoga Mat,"works fine so far, will update if anything changes.",3,2023-02-13,Yes,1,works fine far update anything changes,Positive,0.2023,Neutral,2023-02
REV001695,BEA1797,Beauty,Shampoo,"it's fine, though the packaging could be better.",3,2024-05-01,Yes,0,fine though packaging better,Positive,0.5719,Neutral,2024-05
REV000817,ELE1866,Electronics,Smartwatch,"absolutely love this product, exceeded my expectations. Five stars from me.",4,2023-05-04,No,5,absolutely love product exceeded expectations five stars me,Positive,0.6697,Positive,2023-05
REV000518,BEA1145,Beauty,Hair Dryer,"it's fine, though the packaging could be better.",3,2024-09-16,No,2,fine though packaging better,Positive,0.5719,Neutral,2024-09
REV003429,BOO1759,Books,Mystery Novel,"outstanding performance, worth every penny. Fast shipping too!",4,2023-01-25,No,11,outstanding performance worth every penny fast shipping too,Positive,0.7345,Positive,2023-01
REV002109,SPO1118,Sports & Outdoors,Yoga Mat,works flawlessly and looks even better in person.,4,2024-10-26,Yes,8,works flawlessly looks even better person,Positive,0.5719,Positive,2024-10
REV002955,CLO1474,Clothing,Running Shoes,"it's okay, does the job but nothing special.",3,2023-12-11,Yes,1,okay job nothing special,Negative,-0.3479,Neutral,2023-12
REV003243,HOM1106,Home & Kitchen,Coffee Maker,"this is fantastic, exactly what I needed. Fast shipping too!",5,2023-09-25,No,2,fantastic exactly what needed fast shipping too,Positive,0.5983,Positive,2023-09
REV002743,HOM1661,Home & Kitchen,Coffee Maker,"excellent build quality, arrived quickly and works great. Five stars from me.",5,2023-05-04,Yes,2,excellent build quality arrived quickly works great five stars me,Positive,0.8316,Positive,2023-05
REV002121,BOO1986,Books,Cookbook,"superb product, will definitely buy again. Five stars from me.",4,2023-08-05,No,9,superb product definitely buy again five stars me,Positive,0.7783,Positive,2023-08
REV002523,BOO1042,Books,Self-Help Guide,"absolutely love this product, exceeded my expectations. Five stars from me.",5,2023-10-28,Yes,4,absolutely love product exceeded expectations five stars me,Positive,0.6697,Positive,2023-10
REV001598,BOO1685,Books,Mystery Novel,works flawlessly and looks even better in person. Would buy again.,5,2023-08-29,Yes,3,works flawlessly looks even better person buy again,Positive,0.5719,Positive,2023-08
REV001100,CLO1400,Clothing,Yoga Pants,"excellent build quality, arrived quickly and works great. Fast shipping too!",5,2024-11-07,Yes,0,excellent build quality arrived quickly works great fast shipping too,Positive,0.8439,Positive,2024-11
REV002084,BOO1545,Books,Cookbook,"it's fine, though the packaging could be better. We'll see how it holds up.",3,2023-04-19,Yes,2,fine though packaging better ll see how holds up,Positive,0.5719,Neutral,2023-04
REV002407,SPO1785,Sports & Outdoors,Hiking Backpack,"superb product, will definitely buy again. Would buy again.",5,2023-08-12,Yes,1,superb product definitely buy again buy again,Positive,0.7783,Positive,2023-08
REV003079,CLO1118,Clothing,Yoga Pants,"excellent build quality, arrived quickly and works great. My whole family loves it.",5,2023-05-10,Yes,0,excellent build quality arrived quickly works great whole family loves,Positive,0.91,Positive,2023-05
REV001459,SPO1213,Sports & Outdoors,Water Bottle,"this is fantastic, exactly what I needed.   <br>  ",5,2023-07-09,Yes,0,fantastic exactly what needed,Positive,0.5574,Positive,2023-07
REV001717,HOM1760,Home & Kitchen,Non-Stick Pan Set,"it's fine, though the packaging could be better. We'll see how it holds up.",3,2023-06-18,Yes,0,fine though packaging better ll see how holds up,Positive,0.5719,Neutral,2023-06
REV000989,BEA1214,Beauty,Hair Dryer,works flawlessly and looks even better in person. Five stars from me.,5,2023-03-21,No,10,works flawlessly looks even better person five stars me,Positive,0.5719,Positive,2023-03
REV001118,CLO1248,Clothing,Running Shoes,"worst purchase I've made this year, do not recommend. Asked for a refund.",2,2023-03-11,Yes,0,worst purchase ve made year recommend asked refund,Negative,-0.7359,Negative,2023-03
REV002078,CLO1544,Clothing,Running Shoes,"does not match the description, quite misleading. Wish I'd read reviews first.",1,2023-09-08,Yes,0,match description quite misleading wish read reviews first,Neutral,-0.0038,Negative,2023-09
REV003260,HOM1018,Home & Kitchen,Non-Stick Pan Set,"poor quality, not worth the money at all. Very frustrating.",1,2024-01-17,Yes,2,poor quality worth money all frustrating,Negative,-0.7881,Negative,2024-01
REV003234,ELE1544,Electronics,Smartwatch,"great quality and works perfectly, highly recommend.",5,2023-04-22,No,5,great quality works perfectly highly recommend,Positive,0.902,Positive,2023-04
REV003293,CLO1040,Clothing,Cotton T-Shirt,"amazing value for the price, very happy with this purchase. Five stars from me.",5,2023-11-17,Yes,0,amazing value price happy purchase five stars me,Positive,0.8805,Positive,2023-11
REV001484,BOO1565,Books,Mystery Novel,works flawlessly and looks even better in person.,4,2024-12-23,Yes,7,works flawlessly looks even better person,Positive,0.5719,Positive,2024-12
REV003252,SPO1135,Sports & Outdoors,Camping Tent,cheaply made and feels flimsy. Very frustrating.,2,2023-02-28,Yes,7,cheaply made feels flimsy frustrating,Negative,-0.4927,Negative,2023-02
REV003249,BOO1743,Books,Sci-Fi Trilogy,"regret buying this, quality is really bad. Asked for a refund.",1,2024-10-03,Yes,0,regret buying quality bad asked refund,Negative,-0.7645,Negative,2024-10
REV000189,BOO1502,Books,Cookbook,"amazing value for the price, very happy with this purchase. Five stars from me.",5,2023-10-01,Yes,0,amazing value price happy purchase five stars me,Positive,0.8805,Positive,2023-10
REV002905,BEA1867,Beauty,Face Moisturizer,"regret buying this, quality is really bad. Wish I'd read reviews first.",1,2023-11-29,Yes,7,regret buying quality bad wish read reviews first,Negative,-0.5595,Negative,2023-11
REV003947,CLO1492,Clothing,Cotton T-Shirt,"it's fine, though the packaging could be better. We'll see how it holds up.",3,2023-02-16,Yes,1,fine though packaging better ll see how holds up,Positive,0.5719,Neutral,2023-02
REV003926,BEA1275,Beauty,Face Moisturizer,"very satisfied, the quality exceeded what I paid for. Would buy again.",5,2024-07-20,Yes,1,satisfied quality exceeded what paid buy again,Positive,0.4754,Positive,2024-07
REV000344,ELE1879,Electronics,Bluetooth Speaker,"worst purchase I've made this year, do not recommend. Very frustrating.",1,2023-01-19,No,8,worst purchase ve made year recommend frustrating,Negative,-0.5555,Negative,2023-01
REV000008,ELE1035,Electronics,Smartwatch,"superb product, will definitely buy again. Five stars from me.",4,2023-11-02,Yes,12,superb product definitely buy again five stars me,Positive,0.7783,Positive,2023-11
REV000760,CLO1300,Clothing,Denim Jeans,works flawlessly and looks even better in person. Fast shipping too!,4,2024-07-02,No,3,works flawlessly looks even better person fast shipping too,Positive,0.6114,Positive,2024-07
REV002062,ELE1125,Electronics,Wireless Earbuds,"superb product, will definitely buy again. Five stars from me.",5,2023-09-07,No,1,superb product definitely buy again five stars me,Positive,0.7783,Positive,2023-09
REV003372,BOO1112,Books,Mystery Novel,"absolutely love this product, exceeded my expectations. My whole family loves it.",4,2023-03-01,No,3,absolutely love product exceeded expectations whole family loves,Positive,0.8479,Positive,2023-03
REV002264,ELE1881,Electronics,Smartwatch,"outstanding performance, worth every penny.",4,2023-08-30,Yes,1,outstanding performance worth every penny,Positive,0.7096,Positive,2023-08
REV002158,HOM1009,Home & Kitchen,Coffee Maker,"average product, met basic expectations. Still testing it out.",3,2024-01-16,Yes,2,average product met basic expectations still testing out,Neutral,0.0,Neutral,2024-01
REV001097,BOO1941,Books,Cookbook,"poor quality, not worth the money at all. Would not recommend to anyone.",1,2024-09-14,Yes,0,poor quality worth money all recommend anyone,Negative,-0.7074,Negative,2024-09
REV000055,ELE1597,Electronics,Smartwatch,"works fine so far, will update if anything changes. We'll see how it holds up.",3,2023-07-31,No,0,works fine far update anything changes ll see how holds up,Positive,0.2023,Neutral,2023-07
REV003021,SPO1233,Sports & Outdoors,Yoga Mat,"reasonable quality, similar to other products in this range. Might update this review later.",3,2023-11-26,Yes,1,reasonable quality similar other products range might update review later,Neutral,0.0,Neutral,2023-11
REV003711,ELE1092,Electronics,Bluetooth Speaker,"amazing value for the price, very happy with this purchase. Five stars from me.",5,2023-07-16,Yes,0,amazing value price happy purchase five stars me,Positive,0.8805,Positive,2023-07
REV001946,HOM1176,Home & Kitchen,Vacuum Cleaner,"great quality and works perfectly, highly recommend. Would buy again.",5,2023-11-26,Yes,0,great quality works perfectly highly recommend buy again,Positive,0.902,Positive,2023-11
REV003481,ELE1042,Electronics,Laptop Stand,"outstanding performance, worth every penny. Five stars from me.",4,2023-11-26,Yes,1,outstanding performance worth every penny five stars me,Positive,0.7096,Positive,2023-11
REV001052,BEA1519,Beauty,Lip Balm Set,cheaply made and feels flimsy. Would not recommend to anyone.,2,2024-04-27,Yes,8,cheaply made feels flimsy recommend anyone,Negative,-0.2755,Negative,2024-04
REV003062,ELE1755,Electronics,Power Bank,"terrible experience, item arrived damaged.",1,2023-09-14,Yes,1,terrible experience item arrived damaged,Negative,-0.7184,Negative,2023-09
REV002279,SPO1090,Sports & Outdoors,Resistance Bands,"superb product, will definitely buy again. Five stars from me.",5,2023-10-25,Yes,2,superb product definitely buy again five stars me,Positive,0.7783,Positive,2023-10
REV002655,CLO1821,Clothing,Running Shoes,"very satisfied, the quality exceeded what I paid for.",4,2024-09-19,Yes,2,satisfied quality exceeded what paid,Positive,0.4754,Positive,2024-09
REV002555,BOO1153,Books,Mystery Novel,"amazing value for the price, very happy with this purchase.",5,2024-07-28,Yes,1,amazing value price happy purchase,Positive,0.8805,Positive,2024-07
REV002464,BOO1055,Books,Sci-Fi Trilogy,perfect fit and great customer service too. My whole family loves it.,5,2024-08-15,No,1,perfect fit great customer service too whole family loves,Positive,0.9325,Positive,2024-08
REV002541,SPO1258,Sports & Outdoors,Water Bottle,perfect fit and great customer service too. Five stars from me.,5,2024-11-21,Yes,1,perfect fit great customer service too five stars me,Positive,0.8834,Positive,2024-11
REV002857,BEA1811,Beauty,Sunscreen SPF50,acceptable quality for casual use.,3,2023-12-19,No,0,acceptable quality casual use,Positive,0.4767,Neutral,2023-12
REV001648,CLO1795,Clothing,Running Shoes,"absolutely love this product, exceeded my expectations. Five stars from me.",5,2024-07-11,Yes,0,absolutely love product exceeded expectations five stars me,Positive,0.6697,Positive,2024-07
REV000882,ELE1983,Electronics,Smartwatch,"this is fantastic, exactly what I needed. Fast shipping too!",5,2023-02-06,No,8,fantastic exactly what needed fast shipping too,Positive,0.5983,Positive,2023-02
REV001780,HOM1117,Home & Kitchen,Coffee Maker,"amazing value for the price, very happy with this purchase. Would buy again.",5,2024-10-02,Yes,10,amazing value price happy purchase buy again,Positive,0.8805,Positive,2024-10
REV001611,CLO1959,Clothing,Running Shoes,perfect fit and great customer service too. Five stars from me.,4,2024-11-18,Yes,5,perfect fit great customer service too five stars me,Positive,0.8834,Positive,2024-11
REV003187,BOO1010,Books,Business Book,works flawlessly and looks even better in person. Fast shipping too!,5,2023-07-14,Yes,0,works flawlessly looks even better person fast shipping too,Positive,0.6114,Positive,2023-07
REV002012,BOO1172,Books,Self-Help Guide,"amazing value for the price, very happy with this purchase.",5,2023-05-20,Yes,0,amazing value price happy purchase,Positive,0.8805,Positive,2023-05
REV000376,SPO1723,Sports & Outdoors,Hiking Backpack,works flawlessly and looks even better in person. Five stars from me.,5,2024-11-19,No,1,works flawlessly looks even better person five stars me,Positive,0.5719,Positive,2024-11
REV002245,SPO1566,Sports & Outdoors,Yoga Mat,"great quality and works perfectly, highly recommend. My whole family loves it.",5,2023-01-01,Yes,1,great quality works perfectly highly recommend whole family loves,Positive,0.9412,Positive,2023-01
REV001802,ELE1833,Electronics,Wireless Earbuds,"it's okay, does the job but nothing special. We'll see how it holds up.",3,2023-05-11,Yes,0,okay job nothing special ll see how holds up,Negative,-0.3479,Neutral,2023-05
REV003397,SPO1867,Sports & Outdoors,Hiking Backpack,"worst purchase I've made this year, do not recommend. Very frustrating.",1,2023-07-12,Yes,3,worst purchase ve made year recommend frustrating,Negative,-0.5555,Negative,2023-07
REV001337,BOO1434,Books,Cookbook,perfect fit and great customer service too. Would buy again.,5,2024-05-02,No,0,perfect fit great customer service too buy again,Positive,0.8834,Positive,2024-05
REV002032,HOM1324,Home & Kitchen,Non-Stick Pan Set,perfect fit and great customer service too.   <br>  ,4,2023-09-29,Yes,1,perfect fit great customer service too,Positive,0.8834,Positive,2023-09
REV001663,HOM1193,Home & Kitchen,Vacuum Cleaner,"amazing value for the price, very happy with this purchase. My whole family loves it.",5,2023-08-23,Yes,0,amazing value price happy purchase whole family loves,Positive,0.9312,Positive,2023-08
REV003043,CLO1417,Clothing,Denim Jeans,"works fine so far, will update if anything changes. We'll see how it holds up.",3,2023-06-25,Yes,2,works fine far update anything changes ll see how holds up,Positive,0.2023,Neutral,2023-06
REV000065,ELE1049,Electronics,Laptop Stand,"great quality and works perfectly, highly recommend. My whole family loves it.",4,2023-08-07,Yes,11,great quality works perfectly highly recommend whole family loves,Positive,0.9412,Positive,2023-08
REV001211,CLO1581,Clothing,Winter Jacket,"reasonable quality, similar to other products in this range. Still testing it out.",3,2023-11-19,Yes,1,reasonable quality similar other products range still testing out,Neutral,0.0,Neutral,2023-11
REV003621,ELE1252,Electronics,Smartwatch,"outstanding performance, worth every penny. Would buy again.   <br>  ",5,2024-01-08,Yes,0,outstanding performance worth every penny buy again,Positive,0.7096,Positive,2024-01
REV002377,BOO1063,Books,Cookbook,works flawlessly and looks even better in person. Would buy again.,5,2024-02-16,Yes,3,works flawlessly looks even better person buy again,Positive,0.5719,Positive,2024-02
REV000848,BEA1352,Beauty,Face Moisturizer,"excellent build quality, arrived quickly and works great.",5,2024-08-16,Yes,11,excellent build quality arrived quickly works great,Positive,0.8316,Positive,2024-08
REV002428,SPO1420,Sports & Outdoors,Hiking Backpack,"this is fantastic, exactly what I needed. Fast shipping too!",5,2024-04-26,Yes,2,fantastic exactly what needed fast shipping too,Positive,0.5983,Positive,2024-04
REV003577,SPO1201,Sports & Outdoors,Water Bottle,"gets the job done, nothing more nothing less. Still testing it out.",3,2023-02-18,Yes,0,gets job done nothing more nothing less still testing out,Neutral,0.0,Neutral,2023-02
REV001487,BOO1947,Books,Business Book,"amazing value for the price, very happy with this purchase. My whole family loves it.",4,2024-01-18,Yes,1,amazing value price happy purchase whole family loves,Positive,0.9312,Positive,2024-01
REV000683,CLO1549,Clothing,Running Shoes,"great quality and works perfectly, highly recommend. Five stars from me.",4,2024-07-21,Yes,2,great quality works perfectly highly recommend five stars me,Positive,0.902,Positive,2024-07
REV000553,BOO1702,Books,Mystery Novel,works flawlessly and looks even better in person. Would buy again.,5,2023-07-10,Yes,5,works flawlessly looks even better person buy again,Positive,0.5719,Positive,2023-07
REV000139,BEA1649,Beauty,Face Moisturizer,"excellent build quality, arrived quickly and works great. Fast shipping too!",4,2023-02-16,No,17,excellent build quality arrived quickly works great fast shipping too,Positive,0.8439,Positive,2023-02
REV001462,BEA1163,Beauty,Hair Dryer,acceptable quality for casual use.,3,2023-03-04,Yes,0,acceptable quality casual use,Positive,0.4767,Neutral,2023-03
REV002406,HOM1987,Home & Kitchen,Blender,"regret buying this, quality is really bad. Very frustrating.",1,2023-02-14,Yes,3,regret buying quality bad frustrating,Negative,-0.8764,Negative,2023-02
REV000484,BEA1870,Beauty,Hair Dryer,perfect fit and great customer service too. Fast shipping too!,5,2024-04-21,Yes,0,perfect fit great customer service too fast shipping too,Positive,0.8908,Positive,2024-04
REV000236,BOO1313,Books,Mystery Novel,"this is fantastic, exactly what I needed. My whole family loves it.",5,2023-06-05,Yes,4,fantastic exactly what needed whole family loves,Positive,0.8074,Positive,2023-06
REV002214,SPO1549,Sports & Outdoors,Yoga Mat,"outstanding performance, worth every penny. Would buy again.",5,2024-12-16,Yes,0,outstanding performance worth every penny buy again,Positive,0.7096,Positive,2024-12
REV001812,SPO1902,Sports & Outdoors,Camping Tent,"not bad, not great, just an average item. Still testing it out.",3,2024-05-06,No,0,bad great average item still testing out,Positive,0.6754,Neutral,2024-05
REV002835,CLO1121,Clothing,Denim Jeans,"works fine so far, will update if anything changes. We'll see how it holds up.   <br>  ",3,2024-01-25,Yes,0,works fine far update anything changes ll see how holds up,Positive,0.2023,Neutral,2024-01
REV002005,HOM1906,Home & Kitchen,Coffee Maker,"it's okay, does the job but nothing special.",3,2024-03-08,Yes,0,okay job nothing special,Negative,-0.3479,Neutral,2024-03
REV003344,ELE1065,Electronics,Bluetooth Speaker,"not bad, not great, just an average item.",3,2023-10-24,Yes,0,bad great average item,Positive,0.6754,Neutral,2023-10
REV002395,BEA1762,Beauty,Lip Balm Set,"excellent build quality, arrived quickly and works great. Would buy again.",5,2023-09-07,Yes,10,excellent build quality arrived quickly works great buy again,Positive,0.8316,Positive,2023-09
REV003244,BOO1544,Books,Business Book,works flawlessly and looks even better in person.,5,2024-12-05,Yes,2,works flawlessly looks even better person,Positive,0.5719,Positive,2024-12
REV002433,CLO1943,Clothing,Running Shoes,"gets the job done, nothing more nothing less. We'll see how it holds up.",3,2023-09-24,No,0,gets job done nothing more nothing less ll see how holds up,Neutral,0.0,Neutral,2023-09
REV002752,BOO1984,Books,Self-Help Guide,"amazing value for the price, very happy with this purchase. My whole family loves it.   <br>  ",5,2024-05-26,Yes,0,amazing value price happy purchase whole family loves,Positive,0.9312,Positive,2024-05
REV001125,BOO1452,Books,Mystery Novel,"great quality and works perfectly, highly recommend.",4,2023-03-29,Yes,2,great quality works perfectly highly recommend,Positive,0.902,Positive,2023-03
REV002639,SPO1132,Sports & Outdoors,Camping Tent,"it's okay, does the job but nothing special. Might update this review later.",3,2023-08-26,Yes,1,okay job nothing special might update review later,Negative,-0.3479,Neutral,2023-08
REV003412,ELE1329,Electronics,Power Bank,works flawlessly and looks even better in person.,5,2024-03-08,Yes,7,works flawlessly looks even better person,Positive,0.5719,Positive,2024-03
REV000945,BOO1665,Books,Self-Help Guide,arrived defective and customer support was unhelpful. Very frustrating.,1,2024-12-23,No,0,arrived defective customer support unhelpful frustrating,Negative,-0.5256,Negative,2024-12
REV001357,BOO1227,Books,Sci-Fi Trilogy,perfect fit and great customer service too.,5,2024-08-14,No,7,perfect fit great customer service too,Positive,0.8834,Positive,2024-08
REV001631,HOM1664,Home & Kitchen,Blender,"amazing value for the price, very happy with this purchase. Five stars from me.",5,2023-02-05,Yes,3,amazing value price happy purchase five stars me,Positive,0.8805,Positive,2023-02
REV003317,HOM1946,Home & Kitchen,Coffee Maker,"great quality and works perfectly, highly recommend. Would buy again.",4,2024-09-09,Yes,0,great quality works perfectly highly recommend buy again,Positive,0.902,Positive,2024-09
REV002484,BEA1225,Beauty,Shampoo,"superb product, will definitely buy again. Five stars from me.",4,2023-12-05,No,0,superb product definitely buy again five stars me,Positive,0.7783,Positive,2023-12
REV000823,CLO1278,Clothing,Running Shoes,"decent for the price, but not amazing.",3,2024-08-05,Yes,0,decent price amazing,Negative,-0.6259,Neutral,2024-08
REV001283,BOO1096,Books,Sci-Fi Trilogy,"absolutely love this product, exceeded my expectations. Five stars from me.",5,2023-05-09,No,0,absolutely love product exceeded expectations five stars me,Positive,0.6697,Positive,2023-05
REV000375,BEA1686,Beauty,Sunscreen SPF50,"amazing value for the price, very happy with this purchase. Fast shipping too!",5,2024-11-03,Yes,0,amazing value price happy purchase fast shipping too,Positive,0.8881,Positive,2024-11
REV003665,CLO1986,Clothing,Yoga Pants,"gets the job done, nothing more nothing less. We'll see how it holds up.",3,2024-11-15,Yes,1,gets job done nothing more nothing less ll see how holds up,Neutral,0.0,Neutral,2024-11
REV002851,HOM1722,Home & Kitchen,Non-Stick Pan Set,"reasonable quality, similar to other products in this range. We'll see how it holds up.",3,2024-03-07,Yes,0,reasonable quality similar other products range ll see how holds up,Neutral,0.0,Neutral,2024-03
REV003094,BEA1540,Beauty,Hair Dryer,cheaply made and feels flimsy. Would not recommend to anyone.,1,2024-03-04,Yes,4,cheaply made feels flimsy recommend anyone,Negative,-0.2755,Negative,2024-03
REV000083,CLO1431,Clothing,Denim Jeans,"superb product, will definitely buy again. Fast shipping too!",5,2024-02-01,Yes,2,superb product definitely buy again fast shipping too,Positive,0.7959,Positive,2024-02
REV001086,CLO1528,Clothing,Yoga Pants,"works fine so far, will update if anything changes. Might update this review later.",3,2023-11-08,Yes,0,works fine far update anything changes might update review later,Positive,0.2023,Neutral,2023-11
REV000438,CLO1943,Clothing,Cotton T-Shirt,works flawlessly and looks even better in person. Five stars from me.,4,2023-06-20,Yes,0,works flawlessly looks even better person five stars me,Positive,0.5719,Positive,2023-06
REV002601,HOM1810,Home & Kitchen,Blender,"this is fantastic, exactly what I needed. My whole family loves it.",5,2024-05-18,Yes,0,fantastic exactly what needed whole family loves,Positive,0.8074,Positive,2024-05
REV003215,SPO1571,Sports & Outdoors,Yoga Mat,"very satisfied, the quality exceeded what I paid for. Five stars from me.",5,2023-09-08,No,5,satisfied quality exceeded what paid five stars me,Positive,0.4754,Positive,2023-09
REV002854,BOO1928,Books,Business Book,"amazing value for the price, very happy with this purchase. My whole family loves it.",4,2023-03-13,Yes,0,amazing value price happy purchase whole family loves,Positive,0.9312,Positive,2023-03
REV003930,CLO1018,Clothing,Denim Jeans,"it's okay, does the job but nothing special.",3,2023-05-22,Yes,1,okay job nothing special,Negative,-0.3479,Neutral,2023-05
REV003132,HOM1497,Home & Kitchen,Vacuum Cleaner,acceptable quality for casual use. Might update this review later.,3,2024-08-25,Yes,3,acceptable quality casual use might update review later,Positive,0.4767,Neutral,2024-08
REV001109,BEA1491,Beauty,Lip Balm Set,"reasonable quality, similar to other products in this range.",3,2024-06-05,Yes,1,reasonable quality similar other products range,Neutral,0.0,Neutral,2024-06
REV001569,SPO1661,Sports & Outdoors,Resistance Bands,"excellent build quality, arrived quickly and works great. Fast shipping too!",5,2023-01-18,Yes,1,excellent build quality arrived quickly works great fast shipping too,Positive,0.8439,Positive,2023-01
REV001845,HOM1488,Home & Kitchen,Coffee Maker,"great quality and works perfectly, highly recommend. Fast shipping too!",5,2023-02-25,No,0,great quality works perfectly highly recommend fast shipping too,Positive,0.9078,Positive,2023-02
REV001396,HOM1078,Home & Kitchen,Coffee Maker,works flawlessly and looks even better in person. Would buy again.,5,2023-07-13,No,5,works flawlessly looks even better person buy again,Positive,0.5719,Positive,2023-07
REV001252,HOM1839,Home & Kitchen,Coffee Maker,"absolutely love this product, exceeded my expectations. Fast shipping too!",5,2023-01-19,Yes,3,absolutely love product exceeded expectations fast shipping too,Positive,0.6989,Positive,2023-01
REV000211,BOO1335,Books,Self-Help Guide,"very disappointed, stopped working after a few days. Would not recommend to anyone.",1,2023-05-16,No,8,disappointed stopped working after few days recommend anyone,Negative,-0.7705,Negative,2023-05
REV001532,SPO1452,Sports & Outdoors,Yoga Mat,"it's fine, though the packaging could be better. We'll see how it holds up.",3,2023-05-12,Yes,0,fine though packaging better ll see how holds up,Positive,0.5719,Neutral,2023-05
REV001616,SPO1108,Sports & Outdoors,Camping Tent,"absolutely love this product, exceeded my expectations. Would buy again.",5,2024-06-02,Yes,0,absolutely love product exceeded expectations buy again,Positive,0.6697,Positive,2024-06
REV000156,BEA1773,Beauty,Lip Balm Set,works flawlessly and looks even better in person. Fast shipping too!,5,2024-10-24,Yes,5,works flawlessly looks even better person fast shipping too,Positive,0.6114,Positive,2024-10
REV003843,SPO1567,Sports & Outdoors,Hiking Backpack,"superb product, will definitely buy again. My whole family loves it.",5,2024-05-15,Yes,7,superb product definitely buy again whole family loves,Positive,0.8885,Positive,2024-05
REV000187,BOO1206,Books,Cookbook,"very satisfied, the quality exceeded what I paid for.",5,2023-01-18,Yes,0,satisfied quality exceeded what paid,Positive,0.4754,Positive,2023-01
REV002417,BOO1066,Books,Cookbook,"reasonable quality, similar to other products in this range. Might update this review later.",3,2023-06-03,No,1,reasonable quality similar other products range might update review later,Neutral,0.0,Neutral,2023-06
REV002499,CLO1683,Clothing,Winter Jacket,"average product, met basic expectations. Still testing it out.",3,2024-01-12,Yes,2,average product met basic expectations still testing out,Neutral,0.0,Neutral,2024-01
REV002326,SPO1353,Sports & Outdoors,Water Bottle,"reasonable quality, similar to other products in this range. We'll see how it holds up.",3,2024-02-13,Yes,0,reasonable quality similar other products range ll see how holds up,Neutral,0.0,Neutral,2024-02
REV003474,BOO1567,Books,Self-Help Guide,"amazing value for the price, very happy with this purchase. Fast shipping too!",5,2023-07-24,No,4,amazing value price happy purchase fast shipping too,Positive,0.8881,Positive,2023-07
REV003047,ELE1395,Electronics,Bluetooth Speaker,"superb product, will definitely buy again. My whole family loves it.",5,2023-08-09,Yes,2,superb product definitely buy again whole family loves,Positive,0.8885,Positive,2023-08
REV002620,CLO1017,Clothing,Winter Jacket,"does not match the description, quite misleading.   <br>  ",1,2023-05-04,Yes,0,match description quite misleading,Negative,-0.4576,Negative,2023-05
REV002725,SPO1205,Sports & Outdoors,Resistance Bands,"absolutely love this product, exceeded my expectations. Fast shipping too!",4,2024-06-09,No,1,absolutely love product exceeded expectations fast shipping too,Positive,0.6989,Positive,2024-06
REV003176,ELE1119,Electronics,Wireless Earbuds,"superb product, will definitely buy again. Five stars from me.",5,2024-12-28,No,0,superb product definitely buy again five stars me,Positive,0.7783,Positive,2024-12
REV000872,ELE1552,Electronics,Smartwatch,perfect fit and great customer service too.,5,2023-12-21,Yes,1,perfect fit great customer service too,Positive,0.8834,Positive,2023-12
REV001739,BEA1216,Beauty,Lip Balm Set,"reasonable quality, similar to other products in this range.",3,2024-09-19,Yes,1,reasonable quality similar other products range,Neutral,0.0,Neutral,2024-09
REV002015,BEA1328,Beauty,Hair Dryer,"it's okay, does the job but nothing special. Still testing it out.",3,2024-08-26,No,0,okay job nothing special still testing out,Negative,-0.3479,Neutral,2024-08
REV000715,ELE1348,Electronics,Wireless Earbuds,"not bad, not great, just an average item. We'll see how it holds up.",3,2024-06-14,Yes,2,bad great average item ll see how holds up,Positive,0.6754,Neutral,2024-06
REV001157,BEA1584,Beauty,Face Moisturizer,"not as advertised, very frustrating purchase.",1,2023-01-10,Yes,0,advertised frustrating purchase,Negative,-0.4927,Negative,2023-01
REV001759,SPO1291,Sports & Outdoors,Camping Tent,"great quality and works perfectly, highly recommend. Would buy again.",5,2024-02-12,No,3,great quality works perfectly highly recommend buy again,Positive,0.902,Positive,2024-02
REV002010,CLO1871,Clothing,Cotton T-Shirt,"decent for the price, but not amazing. We'll see how it holds up.",3,2023-11-18,No,2,decent price amazing ll see how holds up,Negative,-0.6259,Neutral,2023-11
REV002016,SPO1009,Sports & Outdoors,Water Bottle,"amazing value for the price, very happy with this purchase. My whole family loves it.",5,2024-02-12,Yes,2,amazing value price happy purchase whole family loves,Positive,0.9312,Positive,2024-02
REV003668,BEA1513,Beauty,Lip Balm Set,"average product, met basic expectations. Still testing it out.",3,2023-12-13,Yes,0,average product met basic expectations still testing out,Neutral,0.0,Neutral,2023-12
REV000594,SPO1616,Sports & Outdoors,Water Bottle,"absolutely love this product, exceeded my expectations. My whole family loves it.",5,2024-07-17,Yes,1,absolutely love product exceeded expectations whole family loves,Positive,0.8479,Positive,2024-07
REV002883,SPO1782,Sports & Outdoors,Hiking Backpack,"amazing value for the price, very happy with this purchase. Fast shipping too!",5,2024-12-03,Yes,3,amazing value price happy purchase fast shipping too,Positive,0.8881,Positive,2024-12
REV002676,ELE1851,Electronics,Power Bank,"not bad, not great, just an average item. We'll see how it holds up.",3,2023-07-28,Yes,1,bad great average item ll see how holds up,Positive,0.6754,Neutral,2023-07
REV002477,BEA1400,Beauty,Sunscreen SPF50,"does not match the description, quite misleading. Asked for a refund.",1,2023-12-05,Yes,1,match description quite misleading asked refund,Negative,-0.4576,Negative,2023-12
REV003037,CLO1441,Clothing,Running Shoes,perfect fit and great customer service too. Fast shipping too!,5,2023-09-07,No,3,perfect fit great customer service too fast shipping too,Positive,0.8908,Positive,2023-09
REV001033,BEA1933,Beauty,Sunscreen SPF50,"very satisfied, the quality exceeded what I paid for. My whole family loves it.",5,2023-08-01,Yes,2,satisfied quality exceeded what paid whole family loves,Positive,0.7778,Positive,2023-08
REV002769,BEA1587,Beauty,Hair Dryer,"excellent build quality, arrived quickly and works great.",5,2024-09-28,Yes,1,excellent build quality arrived quickly works great,Positive,0.8316,Positive,2024-09
REV000345,SPO1811,Sports & Outdoors,Camping Tent,"it's okay, does the job but nothing special. We'll see how it holds up.",3,2024-05-09,No,1,okay job nothing special ll see how holds up,Negative,-0.3479,Neutral,2024-05
REV003364,SPO1353,Sports & Outdoors,Resistance Bands,"superb product, will definitely buy again. Would buy again.",5,2024-04-11,No,2,superb product definitely buy again buy again,Positive,0.7783,Positive,2024-04
REV003741,BEA1806,Beauty,Lip Balm Set,"very satisfied, the quality exceeded what I paid for.",5,2023-06-20,Yes,3,satisfied quality exceeded what paid,Positive,0.4754,Positive,2023-06
REV002474,SPO1345,Sports & Outdoors,Water Bottle,"superb product, will definitely buy again. Fast shipping too!",4,2024-04-23,Yes,4,superb product definitely buy again fast shipping too,Positive,0.7959,Positive,2024-04
REV001085,SPO1604,Sports & Outdoors,Camping Tent,"superb product, will definitely buy again. Fast shipping too!",5,2023-06-20,Yes,11,superb product definitely buy again fast shipping too,Positive,0.7959,Positive,2023-06
REV000052,CLO1291,Clothing,Winter Jacket,"worst purchase I've made this year, do not recommend. Wish I'd read reviews first.",1,2024-04-30,No,2,worst purchase ve made year recommend wish read reviews first,Negative,-0.816,Negative,2024-04
REV001864,HOM1504,Home & Kitchen,Air Fryer,"reasonable quality, similar to other products in this range. Might update this review later.",3,2023-05-15,No,0,reasonable quality similar other products range might update review later,Neutral,0.0,Neutral,2023-05
REV003408,SPO1292,Sports & Outdoors,Hiking Backpack,"excellent build quality, arrived quickly and works great. Five stars from me.",4,2024-08-16,Yes,5,excellent build quality arrived quickly works great five stars me,Positive,0.8316,Positive,2024-08
REV000974,ELE1162,Electronics,Laptop Stand,arrived defective and customer support was unhelpful.,1,2023-06-05,Yes,0,arrived defective customer support unhelpful,Negative,-0.0516,Negative,2023-06
REV003957,CLO1471,Clothing,Cotton T-Shirt,"decent for the price, but not amazing.",3,2023-02-18,Yes,1,decent price amazing,Negative,-0.6259,Neutral,2023-02
REV002872,BEA1654,Beauty,Lip Balm Set,arrived defective and customer support was unhelpful.,1,2023-03-31,Yes,0,arrived defective customer support unhelpful,Negative,-0.0516,Negative,2023-03
REV000519,BOO1061,Books,Self-Help Guide,perfect fit and great customer service too.,5,2023-11-14,No,0,perfect fit great customer service too,Positive,0.8834,Positive,2023-11
REV003100,BEA1288,Beauty,Shampoo,"very satisfied, the quality exceeded what I paid for. Five stars from me.",4,2024-10-04,No,2,satisfied quality exceeded what paid five stars me,Positive,0.4754,Positive,2024-10
REV000880,BOO1121,Books,Sci-Fi Trilogy,"superb product, will definitely buy again. Fast shipping too!",5,2023-03-19,Yes,3,superb product definitely buy again fast shipping too,Positive,0.7959,Positive,2023-03
REV001651,BEA1132,Beauty,Face Moisturizer,"this is fantastic, exactly what I needed. Fast shipping too!",5,2024-10-29,No,1,fantastic exactly what needed fast shipping too,Positive,0.5983,Positive,2024-10
REV002265,BEA1634,Beauty,Shampoo,cheaply made and feels flimsy. Very frustrating.,1,2023-01-24,Yes,0,cheaply made feels flimsy frustrating,Negative,-0.4927,Negative,2023-01
REV003759,CLO1166,Clothing,Yoga Pants,"does what it says, no major complaints. We'll see how it holds up.",3,2024-07-07,Yes,1,what says major complaints ll see how holds up,Positive,0.0903,Neutral,2024-07
REV000953,HOM1609,Home & Kitchen,Coffee Maker,"superb product, will definitely buy again. Five stars from me.",5,2023-11-23,Yes,1,superb product definitely buy again five stars me,Positive,0.7783,Positive,2023-11
REV000958,SPO1590,Sports & Outdoors,Camping Tent,"excellent build quality, arrived quickly and works great. My whole family loves it.   <br>  ",5,2024-07-06,Yes,2,excellent build quality arrived quickly works great whole family loves,Positive,0.91,Positive,2024-07
REV001810,BOO1818,Books,Sci-Fi Trilogy,"superb product, will definitely buy again. Fast shipping too!   <br>  ",5,2024-04-20,Yes,0,superb product definitely buy again fast shipping too,Positive,0.7959,Positive,2024-04
REV002910,SPO1899,Sports & Outdoors,Camping Tent,"great quality and works perfectly, highly recommend.",5,2024-05-06,Yes,3,great quality works perfectly highly recommend,Positive,0.902,Positive,2024-05
REV001190,BEA1870,Beauty,Hair Dryer,"outstanding performance, worth every penny.",5,2023-10-16,Yes,3,outstanding performance worth every penny,Positive,0.7096,Positive,2023-10
REV001054,BEA1647,Beauty,Face Moisturizer,perfect fit and great customer service too. My whole family loves it.,5,2024-11-05,Yes,6,perfect fit great customer service too whole family loves,Positive,0.9325,Positive,2024-11
REV003723,ELE1990,Electronics,Laptop Stand,"average product, met basic expectations. Might update this review later.",3,2023-05-04,Yes,0,average product met basic expectations might update review later,Neutral,0.0,Neutral,2023-05
REV002394,SPO1109,Sports & Outdoors,Water Bottle,"very satisfied, the quality exceeded what I paid for.",4,2023-09-05,No,2,satisfied quality exceeded what paid,Positive,0.4754,Positive,2023-09
REV000998,SPO1206,Sports & Outdoors,Water Bottle,"this is fantastic, exactly what I needed. My whole family loves it.",5,2023-03-26,Yes,1,fantastic exactly what needed whole family loves,Positive,0.8074,Positive,2023-03
REV001257,BEA1944,Beauty,Hair Dryer,"broke within a week, waste of money. Would not recommend to anyone.",1,2023-09-02,Yes,5,broke within week waste money recommend anyone,Negative,-0.7724,Negative,2023-09
REV001359,HOM1733,Home & Kitchen,Coffee Maker,"great quality and works perfectly, highly recommend.",5,2024-04-04,No,3,great quality works perfectly highly recommend,Positive,0.902,Positive,2024-04
REV001565,BEA1440,Beauty,Face Moisturizer,"gets the job done, nothing more nothing less. Might update this review later.",3,2023-07-22,Yes,1,gets job done nothing more nothing less might update review later,Neutral,0.0,Neutral,2023-07
REV002744,HOM1812,Home & Kitchen,Coffee Maker,"amazing value for the price, very happy with this purchase. Would buy again.",5,2023-01-19,No,3,amazing value price happy purchase buy again,Positive,0.8805,Positive,2023-01
REV003634,HOM1513,Home & Kitchen,Non-Stick Pan Set,"very satisfied, the quality exceeded what I paid for. Fast shipping too!",5,2023-12-06,Yes,5,satisfied quality exceeded what paid fast shipping too,Positive,0.5244,Positive,2023-12
REV002396,BEA1775,Beauty,Lip Balm Set,"does what it says, no major complaints. Might update this review later.",3,2023-02-01,Yes,0,what says major complaints might update review later,Positive,0.0903,Neutral,2023-02
REV000289,BOO1410,Books,Business Book,"broke within a week, waste of money. Would not recommend to anyone.",1,2024-03-16,Yes,0,broke within week waste money recommend anyone,Negative,-0.7724,Negative,2024-03
REV003389,HOM1490,Home & Kitchen,Non-Stick Pan Set,"it's okay, does the job but nothing special.",3,2023-05-03,No,0,okay job nothing special,Negative,-0.3479,Neutral,2023-05
REV001021,BEA1986,Beauty,Face Moisturizer,acceptable quality for casual use. Might update this review later.,3,2023-03-06,Yes,2,acceptable quality casual use might update review later,Positive,0.4767,Neutral,2023-03
REV002519,ELE1893,Electronics,Bluetooth Speaker,"absolutely love this product, exceeded my expectations. Would buy again.",5,2024-02-27,Yes,1,absolutely love product exceeded expectations buy again,Positive,0.6697,Positive,2024-02
REV003456,ELE1099,Electronics,Laptop Stand,"broke within a week, waste of money.",1,2024-08-23,Yes,1,broke within week waste money,Negative,-0.6808,Negative,2024-08
REV000126,HOM1926,Home & Kitchen,Non-Stick Pan Set,"broke within a week, waste of money. Very frustrating.",1,2023-08-16,Yes,1,broke within week waste money frustrating,Negative,-0.8313,Negative,2023-08
REV003430,CLO1729,Clothing,Running Shoes,"absolutely love this product, exceeded my expectations. My whole family loves it.",4,2024-06-03,Yes,6,absolutely love product exceeded expectations whole family loves,Positive,0.8479,Positive,2024-06
REV000986,HOM1586,Home & Kitchen,Blender,"gets the job done, nothing more nothing less.",3,2023-11-25,No,1,gets job done nothing more nothing less,Neutral,0.0,Neutral,2023-11
REV000877,CLO1367,Clothing,Winter Jacket,"works fine so far, will update if anything changes.",3,2024-06-09,Yes,0,works fine far update anything changes,Positive,0.2023,Neutral,2024-06
REV001103,HOM1772,Home & Kitchen,Coffee Maker,arrived defective and customer support was unhelpful.,1,2024-06-15,Yes,1,arrived defective customer support unhelpful,Negative,-0.0516,Negative,2024-06
REV003506,CLO1242,Clothing,Winter Jacket,perfect fit and great customer service too. Five stars from me.,4,2024-06-03,No,0,perfect fit great customer service too five stars me,Positive,0.8834,Positive,2024-06
REV001526,BOO1710,Books,Sci-Fi Trilogy,"terrible experience, item arrived damaged.",1,2023-10-31,Yes,7,terrible experience item arrived damaged,Negative,-0.7184,Negative,2023-10
REV002352,HOM1222,Home & Kitchen,Vacuum Cleaner,"this is fantastic, exactly what I needed. My whole family loves it.",4,2024-04-20,No,0,fantastic exactly what needed whole family loves,Positive,0.8074,Positive,2024-04
REV003953,ELE1616,Electronics,Power Bank,"works fine so far, will update if anything changes.   <br>  ",3,2024-08-06,Yes,0,works fine far update anything changes,Positive,0.2023,Neutral,2024-08
REV002576,CLO1524,Clothing,Cotton T-Shirt,"very disappointed, stopped working after a few days. Would not recommend to anyone.",1,2023-04-15,Yes,4,disappointed stopped working after few days recommend anyone,Negative,-0.7705,Negative,2023-04
REV001060,BEA1745,Beauty,Hair Dryer,"superb product, will definitely buy again.",4,2023-04-28,Yes,0,superb product definitely buy again,Positive,0.7783,Positive,2023-04
REV003719,SPO1970,Sports & Outdoors,Yoga Mat,"superb product, will definitely buy again. My whole family loves it.",5,2024-11-26,Yes,0,superb product definitely buy again whole family loves,Positive,0.8885,Positive,2024-11
REV000589,BOO1892,Books,Cookbook,"absolutely love this product, exceeded my expectations. Five stars from me.",5,2024-03-12,No,2,absolutely love product exceeded expectations five stars me,Positive,0.6697,Positive,2024-03
REV003975,BEA1247,Beauty,Face Moisturizer,"this is fantastic, exactly what I needed. Would buy again.",5,2023-08-11,Yes,3,fantastic exactly what needed buy again,Positive,0.5574,Positive,2023-08
REV002548,ELE1001,Electronics,Wireless Earbuds,"does what it says, no major complaints. Still testing it out.",3,2023-06-22,Yes,0,what says major complaints still testing out,Positive,0.0903,Neutral,2023-06
REV002013,ELE1316,Electronics,Power Bank,"very disappointed, stopped working after a few days. Very frustrating.",2,2024-12-06,Yes,0,disappointed stopped working after few days frustrating,Negative,-0.83,Negative,2024-12
REV001989,SPO1080,Sports & Outdoors,Resistance Bands,works flawlessly and looks even better in person.,5,2024-07-12,No,2,works flawlessly looks even better person,Positive,0.5719,Positive,2024-07
REV001306,CLO1199,Clothing,Denim Jeans,"great quality and works perfectly, highly recommend. Fast shipping too!",5,2024-05-19,Yes,0,great quality works perfectly highly recommend fast shipping too,Positive,0.9078,Positive,2024-05
REV001519,CLO1447,Clothing,Running Shoes,"absolutely love this product, exceeded my expectations. Five stars from me.",4,2023-01-22,Yes,3,absolutely love product exceeded expectations five stars me,Positive,0.6697,Positive,2023-01
REV001823,HOM1171,Home & Kitchen,Air Fryer,"great quality and works perfectly, highly recommend. Fast shipping too!",4,2024-08-03,No,5,great quality works perfectly highly recommend fast shipping too,Positive,0.9078,Positive,2024-08
REV002755,SPO1802,Sports & Outdoors,Water Bottle,"excellent build quality, arrived quickly and works great.",5,2023-04-21,Yes,3,excellent build quality arrived quickly works great,Positive,0.8316,Positive,2023-04
REV003678,CLO1720,Clothing,Cotton T-Shirt,"it's fine, though the packaging could be better. We'll see how it holds up.",3,2024-12-12,No,0,fine though packaging better ll see how holds up,Positive,0.5719,Neutral,2024-12
REV002695,CLO1201,Clothing,Running Shoes,"this is fantastic, exactly what I needed.",5,2023-02-13,Yes,3,fantastic exactly what needed,Positive,0.5574,Positive,2023-02
REV002782,CLO1648,Clothing,Cotton T-Shirt,"great quality and works perfectly, highly recommend. Five stars from me.",4,2024-08-30,No,0,great quality works perfectly highly recommend five stars me,Positive,0.902,Positive,2024-08
REV003725,BOO1701,Books,Self-Help Guide,works flawlessly and looks even better in person. Fast shipping too!,4,2023-09-21,No,7,works flawlessly looks even better person fast shipping too,Positive,0.6114,Positive,2023-09
REV001150,BOO1412,Books,Cookbook,"it's fine, though the packaging could be better. Still testing it out.",3,2023-11-23,Yes,0,fine though packaging better still testing out,Positive,0.5719,Neutral,2023-11
REV001578,HOM1235,Home & Kitchen,Non-Stick Pan Set,"it's fine, though the packaging could be better. Might update this review later.",3,2023-06-28,Yes,2,fine though packaging better might update review later,Positive,0.5719,Neutral,2023-06
REV000976,SPO1803,Sports & Outdoors,Camping Tent,"average product, met basic expectations. Still testing it out.",3,2023-12-12,No,0,average product met basic expectations still testing out,Neutral,0.0,Neutral,2023-12
REV003289,ELE1841,Electronics,Laptop Stand,"this is fantastic, exactly what I needed. Fast shipping too!",5,2024-12-12,Yes,1,fantastic exactly what needed fast shipping too,Positive,0.5983,Positive,2024-12
REV000385,CLO1260,Clothing,Running Shoes,"worst purchase I've made this year, do not recommend. Asked for a refund.",1,2024-04-20,Yes,0,worst purchase ve made year recommend asked refund,Negative,-0.7359,Negative,2024-04
REV000162,CLO1199,Clothing,Denim Jeans,"works fine so far, will update if anything changes. Might update this review later.",3,2023-04-02,Yes,2,works fine far update anything changes might update review later,Positive,0.2023,Neutral,2023-04
REV002908,HOM1147,Home & Kitchen,Air Fryer,"not bad, not great, just an average item.",3,2023-01-04,Yes,0,bad great average item,Positive,0.6754,Neutral,2023-01
REV003521,BOO1655,Books,Mystery Novel,"very satisfied, the quality exceeded what I paid for. Fast shipping too!",4,2024-07-27,Yes,1,satisfied quality exceeded what paid fast shipping too,Positive,0.5244,Positive,2024-07
REV002538,ELE1599,Electronics,Bluetooth Speaker,"very disappointed, stopped working after a few days. Would not recommend to anyone.",1,2023-02-23,Yes,2,disappointed stopped working after few days recommend anyone,Negative,-0.7705,Negative,2023-02
REV003059,CLO1612,Clothing,Yoga Pants,acceptable quality for casual use.,3,2024-11-29,Yes,0,acceptable quality casual use,Positive,0.4767,Neutral,2024-11
REV001736,CLO1714,Clothing,Denim Jeans,"this is fantastic, exactly what I needed.",4,2024-01-23,Yes,1,fantastic exactly what needed,Positive,0.5574,Positive,2024-01
REV000478,HOM1572,Home & Kitchen,Blender,"does not match the description, quite misleading. Would not recommend to anyone.",1,2024-11-06,Yes,9,match description quite misleading recommend anyone,Negative,-0.6253,Negative,2024-11
REV001798,SPO1458,Sports & Outdoors,Yoga Mat,"amazing value for the price, very happy with this purchase. My whole family loves it.",5,2024-09-15,Yes,0,amazing value price happy purchase whole family loves,Positive,0.9312,Positive,2024-09
REV001006,BEA1520,Beauty,Sunscreen SPF50,"this is fantastic, exactly what I needed. My whole family loves it.",5,2024-11-11,Yes,3,fantastic exactly what needed whole family loves,Positive,0.8074,Positive,2024-11
REV001398,HOM1609,Home & Kitchen,Air Fryer,"superb product, will definitely buy again. My whole family loves it.",5,2024-05-20,Yes,9,superb product definitely buy again whole family loves,Positive,0.8885,Positive,2024-05
REV002490,CLO1648,Clothing,Denim Jeans,"not as advertised, very frustrating purchase. Wish I'd read reviews first.",2,2023-03-30,No,5,advertised frustrating purchase wish read reviews first,Negative,-0.0591,Negative,2023-03
REV000632,BOO1609,Books,Sci-Fi Trilogy,"does what it says, no major complaints. Might update this review later.",3,2024-05-03,Yes,1,what says major complaints might update review later,Positive,0.0903,Neutral,2024-05
REV002026,BOO1795,Books,Mystery Novel,"reasonable quality, similar to other products in this range. Might update this review later.",3,2024-12-24,No,1,reasonable quality similar other products range might update review later,Neutral,0.0,Neutral,2024-12
REV003182,ELE1194,Electronics,Laptop Stand,"decent for the price, but not amazing.",3,2024-09-17,Yes,0,decent price amazing,Negative,-0.6259,Neutral,2024-09
REV003572,HOM1621,Home & Kitchen,Blender,works flawlessly and looks even better in person. Fast shipping too!   <br>  ,5,2023-10-05,Yes,9,works flawlessly looks even better person fast shipping too,Positive,0.6114,Positive,2023-10
REV000640,HOM1964,Home & Kitchen,Air Fryer,"outstanding performance, worth every penny. Five stars from me.",5,2023-05-08,Yes,3,outstanding performance worth every penny five stars me,Positive,0.7096,Positive,2023-05
REV001521,CLO1236,Clothing,Denim Jeans,perfect fit and great customer service too. Would buy again.,4,2023-11-05,Yes,1,perfect fit great customer service too buy again,Positive,0.8834,Positive,2023-11
REV003532,HOM1881,Home & Kitchen,Coffee Maker,perfect fit and great customer service too. My whole family loves it.,5,2024-02-02,Yes,4,perfect fit great customer service too whole family loves,Positive,0.9325,Positive,2024-02
REV001399,BOO1459,Books,Cookbook,"does what it says, no major complaints. Might update this review later.",3,2023-01-06,No,0,what says major complaints might update review later,Positive,0.0903,Neutral,2023-01
REV002772,SPO1088,Sports & Outdoors,Hiking Backpack,"great quality and works perfectly, highly recommend. Would buy again.",4,2024-06-09,Yes,8,great quality works perfectly highly recommend buy again,Positive,0.902,Positive,2024-06
REV003737,SPO1062,Sports & Outdoors,Yoga Mat,"it's fine, though the packaging could be better. Might update this review later.",3,2023-12-14,No,3,fine though packaging better might update review later,Positive,0.5719,Neutral,2023-12
REV000494,BOO1367,Books,Sci-Fi Trilogy,"very satisfied, the quality exceeded what I paid for. My whole family loves it.",5,2024-01-01,Yes,4,satisfied quality exceeded what paid whole family loves,Positive,0.7778,Positive,2024-01
REV003127,CLO1868,Clothing,Cotton T-Shirt,"very satisfied, the quality exceeded what I paid for. Five stars from me.",4,2023-07-28,Yes,1,satisfied quality exceeded what paid five stars me,Positive,0.4754,Positive,2023-07
REV003337,BEA1012,Beauty,Shampoo,"great quality and works perfectly, highly recommend. Fast shipping too!",5,2024-07-31,Yes,1,great quality works perfectly highly recommend fast shipping too,Positive,0.9078,Positive,2024-07
REV000119,CLO1036,Clothing,Running Shoes,"decent for the price, but not amazing. Might update this review later.",3,2024-10-16,Yes,1,decent price amazing might update review later,Negative,-0.6259,Neutral,2024-10
REV002329,BEA1878,Beauty,Face Moisturizer,"excellent build quality, arrived quickly and works great.",5,2024-06-27,Yes,0,excellent build quality arrived quickly works great,Positive,0.8316,Positive,2024-06
REV003171,CLO1058,Clothing,Running Shoes,"regret buying this, quality is really bad. Very frustrating.",1,2024-11-03,Yes,3,regret buying quality bad frustrating,Negative,-0.8764,Negative,2024-11
REV001091,HOM1430,Home & Kitchen,Vacuum Cleaner,"worst purchase I've made this year, do not recommend.",1,2023-01-16,Yes,2,worst purchase ve made year recommend,Negative,-0.7359,Negative,2023-01
REV002938,CLO1127,Clothing,Yoga Pants,"works fine so far, will update if anything changes.",3,2023-05-14,Yes,0,works fine far update anything changes,Positive,0.2023,Neutral,2023-05
REV003253,SPO1428,Sports & Outdoors,Camping Tent,"excellent build quality, arrived quickly and works great.",5,2023-06-27,Yes,0,excellent build quality arrived quickly works great,Positive,0.8316,Positive,2023-06
REV002463,BOO1051,Books,Business Book,perfect fit and great customer service too. Fast shipping too!,4,2023-06-23,Yes,1,perfect fit great customer service too fast shipping too,Positive,0.8908,Positive,2023-06
REV002275,HOM1572,Home & Kitchen,Coffee Maker,"amazing value for the price, very happy with this purchase. Would buy again.",4,2024-10-02,Yes,2,amazing value price happy purchase buy again,Positive,0.8805,Positive,2024-10
REV003174,SPO1726,Sports & Outdoors,Water Bottle,works flawlessly and looks even better in person. My whole family loves it.,5,2024-12-12,Yes,3,works flawlessly looks even better person whole family loves,Positive,0.8126,Positive,2024-12
REV000771,ELE1259,Electronics,Wireless Earbuds,"worst purchase I've made this year, do not recommend.",1,2023-01-24,Yes,1,worst purchase ve made year recommend,Negative,-0.7359,Negative,2023-01
REV002853,HOM1384,Home & Kitchen,Non-Stick Pan Set,"broke within a week, waste of money. Asked for a refund.   <br>  ",1,2024-08-18,No,2,broke within week waste money asked refund,Negative,-0.6808,Negative,2024-08
REV003882,HOM1728,Home & Kitchen,Vacuum Cleaner,"excellent build quality, arrived quickly and works great. Would buy again.",5,2024-04-21,Yes,5,excellent build quality arrived quickly works great buy again,Positive,0.8316,Positive,2024-04
REV002997,HOM1625,Home & Kitchen,Coffee Maker,works flawlessly and looks even better in person.,5,2023-08-25,Yes,0,works flawlessly looks even better person,Positive,0.5719,Positive,2023-08
REV002918,ELE1116,Electronics,Bluetooth Speaker,"works fine so far, will update if anything changes. Might update this review later.",3,2024-03-16,No,3,works fine far update anything changes might update review later,Positive,0.2023,Neutral,2024-03
REV002621,ELE1431,Electronics,Power Bank,"very disappointed, stopped working after a few days. Asked for a refund.",1,2023-02-20,Yes,4,disappointed stopped working after few days asked refund,Negative,-0.6779,Negative,2023-02
REV001998,SPO1849,Sports & Outdoors,Yoga Mat,"superb product, will definitely buy again. Five stars from me.",4,2024-03-15,Yes,4,superb product definitely buy again five stars me,Positive,0.7783,Positive,2024-03
REV000206,SPO1531,Sports & Outdoors,Water Bottle,"decent for the price, but not amazing. We'll see how it holds up.",3,2024-12-15,Yes,0,decent price amazing ll see how holds up,Negative,-0.6259,Neutral,2024-12
REV001001,BOO1243,Books,Business Book,arrived defective and customer support was unhelpful. Very frustrating.,1,2024-08-29,Yes,4,arrived defective customer support unhelpful frustrating,Negative,-0.5256,Negative,2024-08
REV004000,BEA1110,Beauty,Sunscreen SPF50,"absolutely love this product, exceeded my expectations. Would buy again.   <br>  ",4,2023-02-13,Yes,0,absolutely love product exceeded expectations buy again,Positive,0.6697,Positive,2023-02
REV002721,CLO1387,Clothing,Yoga Pants,"absolutely love this product, exceeded my expectations. Would buy again.",5,2024-02-25,No,1,absolutely love product exceeded expectations buy again,Positive,0.6697,Positive,2024-02
REV003834,HOM1695,Home & Kitchen,Blender,"outstanding performance, worth every penny. My whole family loves it.   <br>  ",5,2023-11-24,Yes,0,outstanding performance worth every penny whole family loves,Positive,0.8625,Positive,2023-11
REV000400,BOO1950,Books,Cookbook,"poor quality, not worth the money at all. Asked for a refund.",1,2023-11-24,No,6,poor quality worth money all asked refund,Negative,-0.5812,Negative,2023-11
REV001990,HOM1894,Home & Kitchen,Coffee Maker,"outstanding performance, worth every penny. Fast shipping too!",4,2023-10-28,Yes,2,outstanding performance worth every penny fast shipping too,Positive,0.7345,Positive,2023-10
REV001576,BEA1399,Beauty,Hair Dryer,"it's fine, though the packaging could be better. We'll see how it holds up.",3,2024-11-07,Yes,0,fine though packaging better ll see how holds up,Positive,0.5719,Neutral,2024-11
REV002600,CLO1987,Clothing,Winter Jacket,works flawlessly and looks even better in person. Would buy again.,4,2023-05-13,Yes,1,works flawlessly looks even better person buy again,Positive,0.5719,Positive,2023-05
REV001199,BOO1158,Books,Sci-Fi Trilogy,"excellent build quality, arrived quickly and works great. Would buy again.",5,2024-05-18,Yes,9,excellent build quality arrived quickly works great buy again,Positive,0.8316,Positive,2024-05
REV002369,ELE1049,Electronics,Power Bank,"outstanding performance, worth every penny. My whole family loves it.",5,2023-10-21,Yes,3,outstanding performance worth every penny whole family loves,Positive,0.8625,Positive,2023-10
REV000470,SPO1865,Sports & Outdoors,Resistance Bands,"this is fantastic, exactly what I needed. Would buy again.",5,2023-10-01,Yes,8,fantastic exactly what needed buy again,Positive,0.5574,Positive,2023-10
REV003417,BEA1228,Beauty,Sunscreen SPF50,"outstanding performance, worth every penny. Would buy again.",5,2024-07-21,Yes,0,outstanding performance worth every penny buy again,Positive,0.7096,Positive,2024-07
REV003955,SPO1156,Sports & Outdoors,Water Bottle,"does what it says, no major complaints. Might update this review later.",3,2023-10-15,Yes,0,what says major complaints might update review later,Positive,0.0903,Neutral,2023-10
REV000861,SPO1756,Sports & Outdoors,Resistance Bands,"very satisfied, the quality exceeded what I paid for. Five stars from me.",4,2024-06-24,Yes,3,satisfied quality exceeded what paid five stars me,Positive,0.4754,Positive,2024-06
REV000867,CLO1194,Clothing,Denim Jeans,"great quality and works perfectly, highly recommend. My whole family loves it.",4,2023-01-30,Yes,0,great quality works perfectly highly recommend whole family loves,Positive,0.9412,Positive,2023-01
REV002592,BEA1838,Beauty,Lip Balm Set,perfect fit and great customer service too.,5,2023-02-19,Yes,0,perfect fit great customer service too,Positive,0.8834,Positive,2023-02
REV000080,BOO1431,Books,Self-Help Guide,"absolutely love this product, exceeded my expectations. Five stars from me.",5,2024-05-17,Yes,4,absolutely love product exceeded expectations five stars me,Positive,0.6697,Positive,2024-05
REV000534,CLO1891,Clothing,Yoga Pants,"excellent build quality, arrived quickly and works great. My whole family loves it.",4,2024-06-15,Yes,5,excellent build quality arrived quickly works great whole family loves,Positive,0.91,Positive,2024-06
REV003590,SPO1339,Sports & Outdoors,Water Bottle,acceptable quality for casual use.,3,2024-03-13,Yes,1,acceptable quality casual use,Positive,0.4767,Neutral,2024-03
REV002506,HOM1072,Home & Kitchen,Blender,"decent for the price, but not amazing. We'll see how it holds up.",3,2023-04-23,Yes,0,decent price amazing ll see how holds up,Negative,-0.6259,Neutral,2023-04
REV002339,HOM1000,Home & Kitchen,Vacuum Cleaner,"absolutely love this product, exceeded my expectations. My whole family loves it.",5,2024-05-04,Yes,3,absolutely love product exceeded expectations whole family loves,Positive,0.8479,Positive,2024-05
REV003508,ELE1943,Electronics,Smartwatch,perfect fit and great customer service too. Five stars from me.,5,2024-08-27,Yes,3,perfect fit great customer service too five stars me,Positive,0.8834,Positive,2024-08
REV000371,ELE1536,Electronics,Wireless Earbuds,"amazing value for the price, very happy with this purchase. My whole family loves it.",5,2023-10-26,No,8,amazing value price happy purchase whole family loves,Positive,0.9312,Positive,2023-10
REV000266,BOO1034,Books,Mystery Novel,"amazing value for the price, very happy with this purchase. Five stars from me.",5,2023-01-04,No,3,amazing value price happy purchase five stars me,Positive,0.8805,Positive,2023-01
REV001613,BOO1823,Books,Sci-Fi Trilogy,"not bad, not great, just an average item. We'll see how it holds up.",3,2024-02-04,Yes,1,bad great average item ll see how holds up,Positive,0.6754,Neutral,2024-02
REV001502,BEA1780,Beauty,Lip Balm Set,"excellent build quality, arrived quickly and works great. Fast shipping too!",5,2024-11-10,Yes,0,excellent build quality arrived quickly works great fast shipping too,Positive,0.8439,Positive,2024-11
REV003764,CLO1889,Clothing,Denim Jeans,"outstanding performance, worth every penny. Fast shipping too!",5,2024-06-22,Yes,3,outstanding performance worth every penny fast shipping too,Positive,0.7345,Positive,2024-06
REV000165,BEA1471,Beauty,Hair Dryer,perfect fit and great customer service too. Would buy again.,5,2024-03-31,No,0,perfect fit great customer service too buy again,Positive,0.8834,Positive,2024-03
REV003345,CLO1671,Clothing,Denim Jeans,arrived defective and customer support was unhelpful. Very frustrating.,1,2023-06-23,Yes,4,arrived defective customer support unhelpful frustrating,Negative,-0.5256,Negative,2023-06
REV003531,SPO1770,Sports & Outdoors,Yoga Mat,"superb product, will definitely buy again. Five stars from me.",4,2024-12-19,Yes,3,superb product definitely buy again five stars me,Positive,0.7783,Positive,2024-12
REV000474,HOM1324,Home & Kitchen,Air Fryer,"superb product, will definitely buy again. Fast shipping too!",4,2024-12-25,Yes,3,superb product definitely buy again fast shipping too,Positive,0.7959,Positive,2024-12
REV000876,BEA1435,Beauty,Hair Dryer,"superb product, will definitely buy again. Would buy again.",4,2024-10-24,Yes,0,superb product definitely buy again buy again,Positive,0.7783,Positive,2024-10
REV002246,BOO1114,Books,Sci-Fi Trilogy,"great quality and works perfectly, highly recommend. Would buy again.",5,2024-12-10,Yes,3,great quality works perfectly highly recommend buy again,Positive,0.902,Positive,2024-12
REV000186,ELE1495,Electronics,Laptop Stand,arrived defective and customer support was unhelpful. Asked for a refund.,1,2023-02-21,Yes,2,arrived defective customer support unhelpful asked refund,Negative,-0.0516,Negative,2023-02
REV002166,HOM1871,Home & Kitchen,Air Fryer,"amazing value for the price, very happy with this purchase. Five stars from me.",5,2023-11-20,Yes,3,amazing value price happy purchase five stars me,Positive,0.8805,Positive,2023-11
REV002470,HOM1261,Home & Kitchen,Blender,"amazing value for the price, very happy with this purchase.",5,2024-08-13,No,2,amazing value price happy purchase,Positive,0.8805,Positive,2024-08
REV001476,BEA1568,Beauty,Sunscreen SPF50,"very satisfied, the quality exceeded what I paid for. My whole family loves it.",5,2023-07-15,Yes,0,satisfied quality exceeded what paid whole family loves,Positive,0.7778,Positive,2023-07
REV002305,BEA1171,Beauty,Face Moisturizer,works flawlessly and looks even better in person.,5,2024-05-01,Yes,2,works flawlessly looks even better person,Positive,0.5719,Positive,2024-05
REV000136,ELE1318,Electronics,Smartwatch,"average product, met basic expectations. Still testing it out.",3,2023-05-09,Yes,1,average product met basic expectations still testing out,Neutral,0.0,Neutral,2023-05
REV003438,CLO1794,Clothing,Denim Jeans,"very disappointed, stopped working after a few days. Would not recommend to anyone.",2,2024-03-11,Yes,0,disappointed stopped working after few days recommend anyone,Negative,-0.7705,Negative,2024-03
REV003245,ELE1677,Electronics,Smartwatch,"absolutely love this product, exceeded my expectations. My whole family loves it.",4,2024-01-08,Yes,4,absolutely love product exceeded expectations whole family loves,Positive,0.8479,Positive,2024-01
REV003384,SPO1876,Sports & Outdoors,Water Bottle,"outstanding performance, worth every penny. My whole family loves it.",5,2023-10-14,Yes,0,outstanding performance worth every penny whole family loves,Positive,0.8625,Positive,2023-10
REV001855,BEA1691,Beauty,Face Moisturizer,works flawlessly and looks even better in person. Fast shipping too!,5,2023-07-23,Yes,0,works flawlessly looks even better person fast shipping too,Positive,0.6114,Positive,2023-07
REV000327,CLO1610,Clothing,Denim Jeans,"absolutely love this product, exceeded my expectations.",5,2023-05-28,Yes,0,absolutely love product exceeded expectations,Positive,0.6697,Positive,2023-05
REV002915,CLO1942,Clothing,Denim Jeans,"not as advertised, very frustrating purchase. Very frustrating.",2,2023-09-21,Yes,3,advertised frustrating purchase frustrating,Negative,-0.7496,Negative,2023-09
REV000319,BEA1427,Beauty,Sunscreen SPF50,"does not match the description, quite misleading. Asked for a refund.",1,2023-03-16,No,0,match description quite misleading asked refund,Negative,-0.4576,Negative,2023-03
REV003856,BOO1465,Books,Sci-Fi Trilogy,"amazing value for the price, very happy with this purchase. Would buy again.",5,2023-08-11,Yes,0,amazing value price happy purchase buy again,Positive,0.8805,Positive,2023-08
REV003086,HOM1701,Home & Kitchen,Coffee Maker,"does what it says, no major complaints. Might update this review later.",3,2023-01-21,Yes,0,what says major complaints might update review later,Positive,0.0903,Neutral,2023-01
REV002892,SPO1990,Sports & Outdoors,Camping Tent,"excellent build quality, arrived quickly and works great.",4,2023-08-09,No,2,excellent build quality arrived quickly works great,Positive,0.8316,Positive,2023-08
REV002098,HOM1387,Home & Kitchen,Non-Stick Pan Set,"it's okay, does the job but nothing special. Still testing it out.",3,2024-05-10,Yes,0,okay job nothing special still testing out,Negative,-0.3479,Neutral,2024-05
REV002575,ELE1986,Electronics,Power Bank,"broke within a week, waste of money. Wish I'd read reviews first.",2,2023-05-07,Yes,5,broke within week waste money wish read reviews first,Negative,-0.4404,Negative,2023-05
REV002501,HOM1979,Home & Kitchen,Air Fryer,"great quality and works perfectly, highly recommend.",5,2024-08-06,Yes,0,great quality works perfectly highly recommend,Positive,0.902,Positive,2024-08
REV003948,CLO1956,Clothing,Cotton T-Shirt,perfect fit and great customer service too. Five stars from me.,4,2023-06-21,Yes,12,perfect fit great customer service too five stars me,Positive,0.8834,Positive,2023-06
REV002731,SPO1816,Sports & Outdoors,Yoga Mat,"regret buying this, quality is really bad. Wish I'd read reviews first.",1,2024-11-03,Yes,1,regret buying quality bad wish read reviews first,Negative,-0.5595,Negative,2024-11
REV000463,BOO1942,Books,Business Book,arrived defective and customer support was unhelpful. Wish I'd read reviews first.,1,2024-03-19,Yes,0,arrived defective customer support unhelpful wish read reviews first,Positive,0.3612,Negative,2024-03
REV001229,SPO1303,Sports & Outdoors,Resistance Bands,"absolutely love this product, exceeded my expectations. Fast shipping too!",4,2024-09-19,Yes,6,absolutely love product exceeded expectations fast shipping too,Positive,0.6989,Positive,2024-09
REV002984,BEA1807,Beauty,Face Moisturizer,"very satisfied, the quality exceeded what I paid for. Would buy again.",4,2024-01-17,Yes,1,satisfied quality exceeded what paid buy again,Positive,0.4754,Positive,2024-01
REV003319,SPO1491,Sports & Outdoors,Yoga Mat,"very satisfied, the quality exceeded what I paid for.",5,2023-10-17,Yes,0,satisfied quality exceeded what paid,Positive,0.4754,Positive,2023-10
REV001372,ELE1907,Electronics,Wireless Earbuds,perfect fit and great customer service too. Five stars from me.,5,2023-08-27,No,1,perfect fit great customer service too five stars me,Positive,0.8834,Positive,2023-08
REV001493,BOO1874,Books,Business Book,"it's okay, does the job but nothing special. Might update this review later.",3,2023-06-28,Yes,1,okay job nothing special might update review later,Negative,-0.3479,Neutral,2023-06
REV000648,BEA1040,Beauty,Shampoo,perfect fit and great customer service too. My whole family loves it.,4,2023-12-27,Yes,0,perfect fit great customer service too whole family loves,Positive,0.9325,Positive,2023-12
REV003529,HOM1084,Home & Kitchen,Non-Stick Pan Set,"absolutely love this product, exceeded my expectations. Would buy again.",5,2024-06-02,Yes,1,absolutely love product exceeded expectations buy again,Positive,0.6697,Positive,2024-06
REV003106,CLO1594,Clothing,Winter Jacket,"very satisfied, the quality exceeded what I paid for.",4,2023-01-22,Yes,1,satisfied quality exceeded what paid,Positive,0.4754,Positive,2023-01
REV001834,ELE1804,Electronics,Smartwatch,"worst purchase I've made this year, do not recommend.",2,2023-06-25,No,1,worst purchase ve made year recommend,Negative,-0.7359,Negative,2023-06
REV000860,CLO1762,Clothing,Denim Jeans,"amazing value for the price, very happy with this purchase. My whole family loves it.",4,2023-09-11,Yes,0,amazing value price happy purchase whole family loves,Positive,0.9312,Positive,2023-09
REV002296,BEA1786,Beauty,Face Moisturizer,"excellent build quality, arrived quickly and works great. My whole family loves it.",5,2024-07-30,Yes,3,excellent build quality arrived quickly works great whole family loves,Positive,0.91,Positive,2024-07
REV003039,CLO1455,Clothing,Winter Jacket,"this is fantastic, exactly what I needed. Five stars from me.",4,2023-11-01,Yes,0,fantastic exactly what needed five stars me,Positive,0.5574,Positive,2023-11
REV003944,BEA1660,Beauty,Face Moisturizer,"regret buying this, quality is really bad. Asked for a refund.",1,2023-11-07,No,2,regret buying quality bad asked refund,Negative,-0.7645,Negative,2023-11
REV000692,CLO1271,Clothing,Cotton T-Shirt,cheaply made and feels flimsy. Wish I'd read reviews first.,1,2024-12-12,No,0,cheaply made feels flimsy wish read reviews first,Positive,0.4019,Negative,2024-12
REV001464,BEA1761,Beauty,Shampoo,"superb product, will definitely buy again. Fast shipping too!",5,2023-01-01,Yes,1,superb product definitely buy again fast shipping too,Positive,0.7959,Positive,2023-01
REV003837,SPO1966,Sports & Outdoors,Resistance Bands,"this is fantastic, exactly what I needed. My whole family loves it.",5,2023-08-02,Yes,5,fantastic exactly what needed whole family loves,Positive,0.8074,Positive,2023-08
REV001582,SPO1086,Sports & Outdoors,Camping Tent,perfect fit and great customer service too. My whole family loves it.,5,2024-01-02,No,1,perfect fit great customer service too whole family loves,Positive,0.9325,Positive,2024-01
REV002029,CLO1624,Clothing,Cotton T-Shirt,"excellent build quality, arrived quickly and works great. Five stars from me.",5,2024-05-18,Yes,2,excellent build quality arrived quickly works great five stars me,Positive,0.8316,Positive,2024-05
REV000217,ELE1381,Electronics,Wireless Earbuds,"very satisfied, the quality exceeded what I paid for. Fast shipping too!",5,2023-07-16,Yes,3,satisfied quality exceeded what paid fast shipping too,Positive,0.5244,Positive,2023-07
REV001277,BEA1088,Beauty,Sunscreen SPF50,"terrible experience, item arrived damaged. Very frustrating.",1,2024-11-23,Yes,4,terrible experience item arrived damaged frustrating,Negative,-0.8479,Negative,2024-11
REV000544,HOM1715,Home & Kitchen,Vacuum Cleaner,"poor quality, not worth the money at all. Very frustrating.",2,2023-08-01,Yes,1,poor quality worth money all frustrating,Negative,-0.7881,Negative,2023-08
REV002759,CLO1525,Clothing,Denim Jeans,"average product, met basic expectations. Might update this review later.",3,2024-06-26,Yes,1,average product met basic expectations might update review later,Neutral,0.0,Neutral,2024-06
REV002046,HOM1934,Home & Kitchen,Non-Stick Pan Set,acceptable quality for casual use. We'll see how it holds up.,3,2024-02-02,Yes,1,acceptable quality casual use ll see how holds up,Positive,0.4767,Neutral,2024-02
REV001489,ELE1605,Electronics,Wireless Earbuds,acceptable quality for casual use.,3,2024-08-02,Yes,0,acceptable quality casual use,Positive,0.4767,Neutral,2024-08
REV001683,CLO1252,Clothing,Cotton T-Shirt,"great quality and works perfectly, highly recommend.",5,2024-09-22,Yes,5,great quality works perfectly highly recommend,Positive,0.902,Positive,2024-09
REV002487,SPO1228,Sports & Outdoors,Water Bottle,acceptable quality for casual use.,3,2024-01-15,Yes,0,acceptable quality casual use,Positive,0.4767,Neutral,2024-01
REV003470,SPO1225,Sports & Outdoors,Camping Tent,"very satisfied, the quality exceeded what I paid for. Five stars from me.",5,2023-07-05,Yes,1,satisfied quality exceeded what paid five stars me,Positive,0.4754,Positive,2023-07
REV001986,ELE1938,Electronics,Laptop Stand,"regret buying this, quality is really bad. Wish I'd read reviews first.",1,2024-03-12,Yes,12,regret buying quality bad wish read reviews first,Negative,-0.5595,Negative,2024-03
REV001269,SPO1899,Sports & Outdoors,Hiking Backpack,"absolutely love this product, exceeded my expectations. Five stars from me.",4,2024-09-30,Yes,4,absolutely love product exceeded expectations five stars me,Positive,0.6697,Positive,2024-09
REV002909,HOM1090,Home & Kitchen,Vacuum Cleaner,"terrible experience, item arrived damaged. Very frustrating.",1,2024-10-21,Yes,0,terrible experience item arrived damaged frustrating,Negative,-0.8479,Negative,2024-10
REV002999,ELE1520,Electronics,Bluetooth Speaker,"superb product, will definitely buy again. Fast shipping too!",4,2024-11-19,Yes,2,superb product definitely buy again fast shipping too,Positive,0.7959,Positive,2024-11
REV002375,HOM1009,Home & Kitchen,Blender,"does what it says, no major complaints. We'll see how it holds up.   <br>  ",3,2023-09-04,Yes,0,what says major complaints ll see how holds up,Positive,0.0903,Neutral,2023-09
REV000227,BEA1819,Beauty,Lip Balm Set,"great quality and works perfectly, highly recommend. My whole family loves it.",5,2024-02-03,Yes,1,great quality works perfectly highly recommend whole family loves,Positive,0.9412,Positive,2024-02
REV003895,BEA1138,Beauty,Hair Dryer,"reasonable quality, similar to other products in this range. Might update this review later.",3,2023-12-21,Yes,0,reasonable quality similar other products range might update review later,Neutral,0.0,Neutral,2023-12
REV000554,CLO1216,Clothing,Winter Jacket,works flawlessly and looks even better in person. Five stars from me.,5,2024-11-24,No,1,works flawlessly looks even better person five stars me,Positive,0.5719,Positive,2024-11
REV000062,BEA1048,Beauty,Shampoo,"not bad, not great, just an average item. Still testing it out.",3,2024-03-10,Yes,0,bad great average item still testing out,Positive,0.6754,Neutral,2024-03
REV002933,CLO1020,Clothing,Yoga Pants,cheaply made and feels flimsy. Very frustrating.,1,2023-07-19,Yes,0,cheaply made feels flimsy frustrating,Negative,-0.4927,Negative,2023-07
REV001443,BOO1342,Books,Cookbook,"works fine so far, will update if anything changes.",3,2024-05-05,Yes,0,works fine far update anything changes,Positive,0.2023,Neutral,2024-05
REV003511,BOO1131,Books,Cookbook,"excellent build quality, arrived quickly and works great. Fast shipping too!",4,2024-11-15,Yes,1,excellent build quality arrived quickly works great fast shipping too,Positive,0.8439,Positive,2024-11
REV001733,BEA1376,Beauty,Sunscreen SPF50,"great quality and works perfectly, highly recommend. My whole family loves it.",4,2023-06-15,Yes,0,great quality works perfectly highly recommend whole family loves,Positive,0.9412,Positive,2023-06
REV002060,SPO1980,Sports & Outdoors,Resistance Bands,"outstanding performance, worth every penny. Fast shipping too!",5,2024-03-21,Yes,2,outstanding performance worth every penny fast shipping too,Positive,0.7345,Positive,2024-03
REV002021,ELE1804,Electronics,Power Bank,"great quality and works perfectly, highly recommend. My whole family loves it.",5,2023-10-08,Yes,9,great quality works perfectly highly recommend whole family loves,Positive,0.9412,Positive,2023-10
REV002204,ELE1738,Electronics,Power Bank,"great quality and works perfectly, highly recommend. Five stars from me.   <br>  ",4,2024-05-06,Yes,1,great quality works perfectly highly recommend five stars me,Positive,0.902,Positive,2024-05
REV003894,BOO1992,Books,Business Book,"regret buying this, quality is really bad. Would not recommend to anyone.",1,2023-07-12,Yes,2,regret buying quality bad recommend anyone,Negative,-0.8273,Negative,2023-07
REV003549,HOM1435,Home & Kitchen,Coffee Maker,"great quality and works perfectly, highly recommend. My whole family loves it.",5,2023-09-23,No,3,great quality works perfectly highly recommend whole family loves,Positive,0.9412,Positive,2023-09
REV001840,SPO1077,Sports & Outdoors,Water Bottle,"this is fantastic, exactly what I needed.",4,2023-10-04,Yes,4,fantastic exactly what needed,Positive,0.5574,Positive,2023-10
REV003661,HOM1318,Home & Kitchen,Vacuum Cleaner,arrived defective and customer support was unhelpful. Very frustrating.,2,2024-08-18,Yes,3,arrived defective customer support unhelpful frustrating,Negative,-0.5256,Negative,2024-08
REV003696,ELE1170,Electronics,Bluetooth Speaker,"excellent build quality, arrived quickly and works great.",4,2023-01-11,Yes,3,excellent build quality arrived quickly works great,Positive,0.8316,Positive,2023-01
REV003284,SPO1403,Sports & Outdoors,Hiking Backpack,"outstanding performance, worth every penny. My whole family loves it.   <br>  ",5,2024-03-18,Yes,0,outstanding performance worth every penny whole family loves,Positive,0.8625,Positive,2024-03
REV000662,CLO1029,Clothing,Cotton T-Shirt,works flawlessly and looks even better in person. My whole family loves it.,5,2024-09-30,Yes,6,works flawlessly looks even better person whole family loves,Positive,0.8126,Positive,2024-09
REV001636,BOO1263,Books,Sci-Fi Trilogy,works flawlessly and looks even better in person. Fast shipping too!,4,2024-03-07,Yes,1,works flawlessly looks even better person fast shipping too,Positive,0.6114,Positive,2024-03
REV000349,CLO1643,Clothing,Winter Jacket,works flawlessly and looks even better in person. Would buy again.,5,2023-12-03,Yes,2,works flawlessly looks even better person buy again,Positive,0.5719,Positive,2023-12
REV001575,CLO1875,Clothing,Denim Jeans,"not as advertised, very frustrating purchase. Would not recommend to anyone.",1,2024-12-09,Yes,0,advertised frustrating purchase recommend anyone,Negative,-0.6489,Negative,2024-12
REV000298,BOO1505,Books,Cookbook,"decent for the price, but not amazing. We'll see how it holds up.",3,2024-02-18,Yes,0,decent price amazing ll see how holds up,Negative,-0.6259,Neutral,2024-02
REV002215,HOM1290,Home & Kitchen,Blender,"it's okay, does the job but nothing special.",3,2024-07-10,Yes,0,okay job nothing special,Negative,-0.3479,Neutral,2024-07
REV001881,SPO1758,Sports & Outdoors,Hiking Backpack,"absolutely love this product, exceeded my expectations. Fast shipping too!",5,2023-09-16,Yes,0,absolutely love product exceeded expectations fast shipping too,Positive,0.6989,Positive,2023-09
REV003570,CLO1703,Clothing,Denim Jeans,"outstanding performance, worth every penny. Would buy again.",4,2023-10-18,Yes,3,outstanding performance worth every penny buy again,Positive,0.7096,Positive,2023-10
REV003954,ELE1244,Electronics,Bluetooth Speaker,"average product, met basic expectations. Still testing it out.",3,2024-03-18,Yes,1,average product met basic expectations still testing out,Neutral,0.0,Neutral,2024-03
REV000205,BOO1950,Books,Sci-Fi Trilogy,"does what it says, no major complaints. Might update this review later.",3,2023-10-05,Yes,0,what says major complaints might update review later,Positive,0.0903,Neutral,2023-10
REV001734,BOO1165,Books,Cookbook,"gets the job done, nothing more nothing less. We'll see how it holds up.",3,2023-01-03,Yes,1,gets job done nothing more nothing less ll see how holds up,Neutral,0.0,Neutral,2023-01
REV000907,HOM1677,Home & Kitchen,Coffee Maker,"superb product, will definitely buy again. Five stars from me.",5,2023-05-27,Yes,0,superb product definitely buy again five stars me,Positive,0.7783,Positive,2023-05
REV000914,BEA1207,Beauty,Face Moisturizer,"great quality and works perfectly, highly recommend. My whole family loves it.",4,2023-10-13,Yes,1,great quality works perfectly highly recommend whole family loves,Positive,0.9412,Positive,2023-10
REV002403,ELE1317,Electronics,Power Bank,"amazing value for the price, very happy with this purchase.   <br>  ",5,2023-04-14,No,1,amazing value price happy purchase,Positive,0.8805,Positive,2023-04
REV002235,CLO1618,Clothing,Winter Jacket,works flawlessly and looks even better in person. Would buy again.,5,2023-10-31,Yes,0,works flawlessly looks even better person buy again,Positive,0.5719,Positive,2023-10
REV002826,BOO1819,Books,Mystery Novel,"amazing value for the price, very happy with this purchase.",5,2024-04-16,Yes,1,amazing value price happy purchase,Positive,0.8805,Positive,2024-04
REV003826,BEA1076,Beauty,Lip Balm Set,"poor quality, not worth the money at all. Very frustrating.",1,2023-11-10,Yes,0,poor quality worth money all frustrating,Negative,-0.7881,Negative,2023-11
REV001034,CLO1010,Clothing,Cotton T-Shirt,"absolutely love this product, exceeded my expectations. My whole family loves it.",5,2023-07-25,Yes,4,absolutely love product exceeded expectations whole family loves,Positive,0.8479,Positive,2023-07
REV002059,BOO1873,Books,Self-Help Guide,arrived defective and customer support was unhelpful. Very frustrating.,1,2023-04-25,No,1,arrived defective customer support unhelpful frustrating,Negative,-0.5256,Negative,2023-04
REV003929,BEA1424,Beauty,Shampoo,"this is fantastic, exactly what I needed. Fast shipping too!",5,2023-02-16,Yes,4,fantastic exactly what needed fast shipping too,Positive,0.5983,Positive,2023-02
REV001305,HOM1227,Home & Kitchen,Coffee Maker,works flawlessly and looks even better in person. Five stars from me.,5,2023-09-16,Yes,1,works flawlessly looks even better person five stars me,Positive,0.5719,Positive,2023-09
REV001771,SPO1927,Sports & Outdoors,Hiking Backpack,"terrible experience, item arrived damaged. Would not recommend to anyone.",1,2023-07-02,Yes,0,terrible experience item arrived damaged recommend anyone,Negative,-0.797,Negative,2023-07
REV001234,ELE1152,Electronics,Smartwatch,"absolutely love this product, exceeded my expectations. Fast shipping too!",4,2023-04-18,Yes,7,absolutely love product exceeded expectations fast shipping too,Positive,0.6989,Positive,2023-04
REV003667,HOM1938,Home & Kitchen,Vacuum Cleaner,perfect fit and great customer service too. My whole family loves it.,5,2024-06-19,Yes,10,perfect fit great customer service too whole family loves,Positive,0.9325,Positive,2024-06
REV002604,BOO1001,Books,Cookbook,"amazing value for the price, very happy with this purchase.",5,2023-02-08,Yes,1,amazing value price happy purchase,Positive,0.8805,Positive,2023-02
REV002338,CLO1703,Clothing,Cotton T-Shirt,"worst purchase I've made this year, do not recommend. Would not recommend to anyone.",1,2023-09-12,No,5,worst purchase ve made year recommend recommend anyone,Negative,-0.8085,Negative,2023-09
REV002476,BEA1962,Beauty,Shampoo,"broke within a week, waste of money. Would not recommend to anyone.",1,2024-12-03,Yes,1,broke within week waste money recommend anyone,Negative,-0.7724,Negative,2024-12
REV001586,ELE1178,Electronics,Power Bank,"does not match the description, quite misleading. Asked for a refund.",1,2023-04-06,Yes,2,match description quite misleading asked refund,Negative,-0.4576,Negative,2023-04
REV001818,HOM1990,Home & Kitchen,Air Fryer,"not as advertised, very frustrating purchase. Very frustrating.",2,2024-05-01,Yes,10,advertised frustrating purchase frustrating,Negative,-0.7496,Negative,2024-05
REV002138,ELE1269,Electronics,Wireless Earbuds,"very satisfied, the quality exceeded what I paid for. Five stars from me.",5,2024-02-20,Yes,2,satisfied quality exceeded what paid five stars me,Positive,0.4754,Positive,2024-02
REV001592,BOO1811,Books,Sci-Fi Trilogy,"this is fantastic, exactly what I needed. Would buy again.",5,2023-10-07,No,6,fantastic exactly what needed buy again,Positive,0.5574,Positive,2023-10
REV000657,BEA1116,Beauty,Hair Dryer,cheaply made and feels flimsy. Very frustrating.,2,2023-11-30,Yes,0,cheaply made feels flimsy frustrating,Negative,-0.4927,Negative,2023-11
REV003409,HOM1427,Home & Kitchen,Vacuum Cleaner,"absolutely love this product, exceeded my expectations. Fast shipping too!   <br>  ",5,2024-04-12,No,0,absolutely love product exceeded expectations fast shipping too,Positive,0.6989,Positive,2024-04
REV001792,BOO1779,Books,Mystery Novel,cheaply made and feels flimsy. Very frustrating.,2,2023-02-17,Yes,3,cheaply made feels flimsy frustrating,Negative,-0.4927,Negative,2023-02
REV002200,HOM1204,Home & Kitchen,Blender,"does what it says, no major complaints. We'll see how it holds up.",3,2023-08-11,Yes,3,what says major complaints ll see how holds up,Positive,0.0903,Neutral,2023-08
REV003779,BOO1308,Books,Business Book,"outstanding performance, worth every penny. Five stars from me.",5,2024-08-21,No,0,outstanding performance worth every penny five stars me,Positive,0.7096,Positive,2024-08
REV003185,ELE1776,Electronics,Smartwatch,"very satisfied, the quality exceeded what I paid for. My whole family loves it.",4,2024-04-19,Yes,1,satisfied quality exceeded what paid whole family loves,Positive,0.7778,Positive,2024-04
REV002108,HOM1638,Home & Kitchen,Coffee Maker,"works fine so far, will update if anything changes.",3,2023-07-30,No,0,works fine far update anything changes,Positive,0.2023,Neutral,2023-07
REV001897,BEA1581,Beauty,Face Moisturizer,"this is fantastic, exactly what I needed. Would buy again.",5,2024-10-21,Yes,5,fantastic exactly what needed buy again,Positive,0.5574,Positive,2024-10
REV001939,ELE1064,Electronics,Bluetooth Speaker,"amazing value for the price, very happy with this purchase. Would buy again.   <br>  ",5,2023-06-14,Yes,2,amazing value price happy purchase buy again,Positive,0.8805,Positive,2023-06
REV000131,SPO1762,Sports & Outdoors,Yoga Mat,"terrible experience, item arrived damaged. Asked for a refund.",2,2024-06-18,Yes,6,terrible experience item arrived damaged asked refund,Negative,-0.7184,Negative,2024-06
REV001486,HOM1903,Home & Kitchen,Coffee Maker,"this is fantastic, exactly what I needed. My whole family loves it.",5,2023-04-20,Yes,0,fantastic exactly what needed whole family loves,Positive,0.8074,Positive,2023-04
REV001723,BEA1793,Beauty,Lip Balm Set,"absolutely love this product, exceeded my expectations. Fast shipping too!",5,2023-08-10,Yes,1,absolutely love product exceeded expectations fast shipping too,Positive,0.6989,Positive,2023-08
REV002899,BEA1301,Beauty,Face Moisturizer,perfect fit and great customer service too. My whole family loves it.,5,2023-09-08,No,3,perfect fit great customer service too whole family loves,Positive,0.9325,Positive,2023-09
REV000134,SPO1239,Sports & Outdoors,Water Bottle,"amazing value for the price, very happy with this purchase. Would buy again.",5,2024-01-08,No,6,amazing value price happy purchase buy again,Positive,0.8805,Positive,2024-01
REV000001,CLO1554,Clothing,Yoga Pants,"average product, met basic expectations. Still testing it out.",3,2023-06-23,Yes,0,average product met basic expectations still testing out,Neutral,0.0,Neutral,2023-06
REV002520,CLO1938,Clothing,Denim Jeans,"gets the job done, nothing more nothing less.",3,2023-10-01,Yes,0,gets job done nothing more nothing less,Neutral,0.0,Neutral,2023-10
REV000252,BEA1363,Beauty,Shampoo,"excellent build quality, arrived quickly and works great. Would buy again.",5,2023-07-27,Yes,2,excellent build quality arrived quickly works great buy again,Positive,0.8316,Positive,2023-07
REV001070,BEA1878,Beauty,Lip Balm Set,"broke within a week, waste of money. Very frustrating.",1,2023-03-04,Yes,0,broke within week waste money frustrating,Negative,-0.8313,Negative,2023-03
REV001888,CLO1292,Clothing,Running Shoes,"great quality and works perfectly, highly recommend. Fast shipping too!",5,2024-10-10,Yes,1,great quality works perfectly highly recommend fast shipping too,Positive,0.9078,Positive,2024-10
REV000700,BOO1108,Books,Sci-Fi Trilogy,"very satisfied, the quality exceeded what I paid for. My whole family loves it.",5,2024-07-07,Yes,1,satisfied quality exceeded what paid whole family loves,Positive,0.7778,Positive,2024-07
REV003413,ELE1930,Electronics,Bluetooth Speaker,"worst purchase I've made this year, do not recommend. Very frustrating.",1,2024-02-03,Yes,2,worst purchase ve made year recommend frustrating,Negative,-0.5555,Negative,2024-02
REV003338,HOM1811,Home & Kitchen,Coffee Maker,"very satisfied, the quality exceeded what I paid for. My whole family loves it.",5,2024-12-03,Yes,5,satisfied quality exceeded what paid whole family loves,Positive,0.7778,Positive,2024-12
REV003144,CLO1652,Clothing,Running Shoes,"terrible experience, item arrived damaged.   <br>  ",1,2024-11-05,Yes,1,terrible experience item arrived damaged,Negative,-0.7184,Negative,2024-11
REV000239,ELE1194,Electronics,Power Bank,"excellent build quality, arrived quickly and works great. Would buy again.",5,2023-03-14,No,0,excellent build quality arrived quickly works great buy again,Positive,0.8316,Positive,2023-03
REV002371,CLO1415,Clothing,Winter Jacket,"does what it says, no major complaints.",3,2024-07-12,Yes,1,what says major complaints,Positive,0.0903,Neutral,2024-07
REV002050,SPO1055,Sports & Outdoors,Hiking Backpack,"amazing value for the price, very happy with this purchase. My whole family loves it.",4,2024-01-09,Yes,2,amazing value price happy purchase whole family loves,Positive,0.9312,Positive,2024-01
REV003373,CLO1929,Clothing,Denim Jeans,"amazing value for the price, very happy with this purchase. Would buy again.",5,2024-08-14,Yes,1,amazing value price happy purchase buy again,Positive,0.8805,Positive,2024-08
REV000957,HOM1492,Home & Kitchen,Coffee Maker,"absolutely love this product, exceeded my expectations. Would buy again.",4,2023-09-15,Yes,0,absolutely love product exceeded expectations buy again,Positive,0.6697,Positive,2023-09
REV001477,CLO1170,Clothing,Cotton T-Shirt,"excellent build quality, arrived quickly and works great. Would buy again.",5,2024-11-28,Yes,0,excellent build quality arrived quickly works great buy again,Positive,0.8316,Positive,2024-11
REV001063,HOM1468,Home & Kitchen,Vacuum Cleaner,"it's okay, does the job but nothing special. Might update this review later.",3,2024-11-25,Yes,0,okay job nothing special might update review later,Negative,-0.3479,Neutral,2024-11
REV002232,BEA1794,Beauty,Face Moisturizer,"does what it says, no major complaints. Might update this review later.",3,2024-07-14,Yes,1,what says major complaints might update review later,Positive,0.0903,Neutral,2024-07
REV001954,HOM1446,Home & Kitchen,Non-Stick Pan Set,"very disappointed, stopped working after a few days. Would not recommend to anyone.",1,2023-08-13,Yes,4,disappointed stopped working after few days recommend anyone,Negative,-0.7705,Negative,2023-08
REV001904,BOO1567,Books,Sci-Fi Trilogy,"very satisfied, the quality exceeded what I paid for.",5,2024-03-14,Yes,9,satisfied quality exceeded what paid,Positive,0.4754,Positive,2024-03
REV003290,SPO1194,Sports & Outdoors,Resistance Bands,"terrible experience, item arrived damaged. Very frustrating.",1,2024-10-06,Yes,0,terrible experience item arrived damaged frustrating,Negative,-0.8479,Negative,2024-10
REV003551,HOM1625,Home & Kitchen,Blender,perfect fit and great customer service too.   <br>  ,5,2024-04-10,Yes,5,perfect fit great customer service too,Positive,0.8834,Positive,2024-04
REV001879,HOM1570,Home & Kitchen,Non-Stick Pan Set,"poor quality, not worth the money at all. Asked for a refund.",1,2023-01-13,Yes,8,poor quality worth money all asked refund,Negative,-0.5812,Negative,2023-01
REV002355,CLO1359,Clothing,Cotton T-Shirt,acceptable quality for casual use. We'll see how it holds up.,3,2023-05-30,Yes,0,acceptable quality casual use ll see how holds up,Positive,0.4767,Neutral,2023-05
REV000730,SPO1917,Sports & Outdoors,Yoga Mat,perfect fit and great customer service too. Would buy again.,5,2023-06-15,No,0,perfect fit great customer service too buy again,Positive,0.8834,Positive,2023-06
REV001465,HOM1140,Home & Kitchen,Vacuum Cleaner,"absolutely love this product, exceeded my expectations. My whole family loves it.",5,2024-09-17,Yes,7,absolutely love product exceeded expectations whole family loves,Positive,0.8479,Positive,2024-09
REV001010,CLO1253,Clothing,Denim Jeans,"this is fantastic, exactly what I needed. My whole family loves it.",5,2024-08-17,No,0,fantastic exactly what needed whole family loves,Positive,0.8074,Positive,2024-08
REV000550,BOO1824,Books,Cookbook,"outstanding performance, worth every penny. Would buy again.",5,2023-04-25,Yes,4,outstanding performance worth every penny buy again,Positive,0.7096,Positive,2023-04
REV001338,ELE1557,Electronics,Smartwatch,"works fine so far, will update if anything changes. We'll see how it holds up.",3,2023-02-18,No,1,works fine far update anything changes ll see how holds up,Positive,0.2023,Neutral,2023-02
REV000970,BEA1746,Beauty,Hair Dryer,"average product, met basic expectations.",3,2024-01-20,Yes,2,average product met basic expectations,Neutral,0.0,Neutral,2024-01
REV001725,BOO1737,Books,Sci-Fi Trilogy,"excellent build quality, arrived quickly and works great.",5,2023-12-20,Yes,0,excellent build quality arrived quickly works great,Positive,0.8316,Positive,2023-12
REV003109,CLO1238,Clothing,Yoga Pants,"decent for the price, but not amazing. Might update this review later.",3,2024-01-30,Yes,0,decent price amazing might update review later,Negative,-0.6259,Neutral,2024-01
REV000111,CLO1017,Clothing,Denim Jeans,arrived defective and customer support was unhelpful. Wish I'd read reviews first.,1,2024-03-26,Yes,2,arrived defective customer support unhelpful wish read reviews first,Positive,0.3612,Negative,2024-03
REV000160,ELE1704,Electronics,Wireless Earbuds,"average product, met basic expectations. Still testing it out.",3,2024-07-26,No,0,average product met basic expectations still testing out,Neutral,0.0,Neutral,2024-07
REV002937,BEA1043,Beauty,Lip Balm Set,"superb product, will definitely buy again. Would buy again.",4,2023-08-09,Yes,6,superb product definitely buy again buy again,Positive,0.7783,Positive,2023-08
REV000610,CLO1372,Clothing,Winter Jacket,"terrible experience, item arrived damaged. Very frustrating.",1,2024-02-13,Yes,0,terrible experience item arrived damaged frustrating,Negative,-0.8479,Negative,2024-02
REV000916,ELE1600,Electronics,Bluetooth Speaker,"outstanding performance, worth every penny. Fast shipping too!",5,2024-10-05,Yes,3,outstanding performance worth every penny fast shipping too,Positive,0.7345,Positive,2024-10
REV000292,BOO1207,Books,Cookbook,perfect fit and great customer service too.,4,2024-08-09,Yes,1,perfect fit great customer service too,Positive,0.8834,Positive,2024-08
REV002975,SPO1916,Sports & Outdoors,Camping Tent,"outstanding performance, worth every penny.",4,2023-09-28,No,0,outstanding performance worth every penny,Positive,0.7096,Positive,2023-09
REV003450,CLO1454,Clothing,Yoga Pants,acceptable quality for casual use. We'll see how it holds up.,3,2024-03-09,Yes,3,acceptable quality casual use ll see how holds up,Positive,0.4767,Neutral,2024-03
REV000776,CLO1176,Clothing,Cotton T-Shirt,arrived defective and customer support was unhelpful. Would not recommend to anyone.,1,2024-01-21,Yes,0,arrived defective customer support unhelpful recommend anyone,Negative,-0.3204,Negative,2024-01
REV003363,CLO1451,Clothing,Winter Jacket,works flawlessly and looks even better in person.,4,2024-12-25,No,0,works flawlessly looks even better person,Positive,0.5719,Positive,2024-12
REV003071,SPO1123,Sports & Outdoors,Yoga Mat,"regret buying this, quality is really bad. Wish I'd read reviews first.   <br>  ",1,2023-09-16,Yes,1,regret buying quality bad wish read reviews first,Negative,-0.5595,Negative,2023-09
REV000578,ELE1270,Electronics,Bluetooth Speaker,works flawlessly and looks even better in person. Five stars from me.,5,2023-06-11,Yes,0,works flawlessly looks even better person five stars me,Positive,0.5719,Positive,2023-06
REV001458,HOM1024,Home & Kitchen,Vacuum Cleaner,"excellent build quality, arrived quickly and works great.",5,2023-06-07,Yes,0,excellent build quality arrived quickly works great,Positive,0.8316,Positive,2023-06
REV003236,CLO1039,Clothing,Winter Jacket,"average product, met basic expectations. We'll see how it holds up.",3,2023-12-08,Yes,0,average product met basic expectations ll see how holds up,Neutral,0.0,Neutral,2023-12
REV000264,BOO1576,Books,Business Book,cheaply made and feels flimsy. Asked for a refund.,2,2024-11-24,Yes,8,cheaply made feels flimsy asked refund,Neutral,0.0,Negative,2024-11
REV001256,BOO1871,Books,Self-Help Guide,"excellent build quality, arrived quickly and works great.",5,2024-11-12,No,0,excellent build quality arrived quickly works great,Positive,0.8316,Positive,2024-11
REV000303,HOM1058,Home & Kitchen,Coffee Maker,works flawlessly and looks even better in person.,5,2023-01-21,Yes,3,works flawlessly looks even better person,Positive,0.5719,Positive,2023-01
REV001772,CLO1383,Clothing,Yoga Pants,perfect fit and great customer service too. Would buy again.,4,2024-08-10,Yes,11,perfect fit great customer service too buy again,Positive,0.8834,Positive,2024-08
REV002976,CLO1717,Clothing,Cotton T-Shirt,"excellent build quality, arrived quickly and works great. Five stars from me.",4,2023-04-17,No,2,excellent build quality arrived quickly works great five stars me,Positive,0.8316,Positive,2023-04
REV001200,BEA1775,Beauty,Hair Dryer,perfect fit and great customer service too. Five stars from me.,4,2024-02-15,Yes,0,perfect fit great customer service too five stars me,Positive,0.8834,Positive,2024-02
REV003554,ELE1713,Electronics,Laptop Stand,"terrible experience, item arrived damaged. Would not recommend to anyone.",1,2023-09-25,Yes,1,terrible experience item arrived damaged recommend anyone,Negative,-0.797,Negative,2023-09
REV000150,SPO1766,Sports & Outdoors,Resistance Bands,works flawlessly and looks even better in person. Five stars from me.,5,2023-11-29,Yes,2,works flawlessly looks even better person five stars me,Positive,0.5719,Positive,2023-11
REV000815,SPO1716,Sports & Outdoors,Water Bottle,"broke within a week, waste of money. Very frustrating.",1,2023-12-16,Yes,2,broke within week waste money frustrating,Negative,-0.8313,Negative,2023-12
REV000072,SPO1653,Sports & Outdoors,Hiking Backpack,"great quality and works perfectly, highly recommend. Fast shipping too!",5,2024-03-23,Yes,0,great quality works perfectly highly recommend fast shipping too,Positive,0.9078,Positive,2024-03
REV001857,HOM1257,Home & Kitchen,Coffee Maker,"amazing value for the price, very happy with this purchase. Five stars from me.",5,2023-04-14,No,0,amazing value price happy purchase five stars me,Positive,0.8805,Positive,2023-04
REV002504,BOO1306,Books,Self-Help Guide,"excellent build quality, arrived quickly and works great. Would buy again.",5,2024-07-01,No,6,excellent build quality arrived quickly works great buy again,Positive,0.8316,Positive,2024-07
REV000090,BOO1540,Books,Self-Help Guide,"does not match the description, quite misleading. Would not recommend to anyone.",1,2024-12-08,Yes,4,match description quite misleading recommend anyone,Negative,-0.6253,Negative,2024-12
REV000118,BEA1766,Beauty,Face Moisturizer,perfect fit and great customer service too. Would buy again.,5,2023-12-09,No,2,perfect fit great customer service too buy again,Positive,0.8834,Positive,2023-12
REV001512,CLO1494,Clothing,Yoga Pants,"very disappointed, stopped working after a few days. Wish I'd read reviews first.",1,2024-04-03,Yes,1,disappointed stopped working after few days wish read reviews first,Negative,-0.4351,Negative,2024-04
REV002370,BOO1748,Books,Business Book,perfect fit and great customer service too. Would buy again.,4,2023-11-02,Yes,7,perfect fit great customer service too buy again,Positive,0.8834,Positive,2023-11
REV003816,BEA1094,Beauty,Shampoo,works flawlessly and looks even better in person. Would buy again.,4,2024-12-22,Yes,0,works flawlessly looks even better person buy again,Positive,0.5719,Positive,2024-12
REV003629,BOO1635,Books,Business Book,"reasonable quality, similar to other products in this range. Might update this review later.",3,2024-05-10,Yes,1,reasonable quality similar other products range might update review later,Neutral,0.0,Neutral,2024-05
REV000460,ELE1644,Electronics,Smartwatch,"it's fine, though the packaging could be better. We'll see how it holds up.",3,2024-07-03,Yes,1,fine though packaging better ll see how holds up,Positive,0.5719,Neutral,2024-07
REV002218,ELE1322,Electronics,Smartwatch,"excellent build quality, arrived quickly and works great. Would buy again.",5,2024-10-30,Yes,3,excellent build quality arrived quickly works great buy again,Positive,0.8316,Positive,2024-10
REV003495,SPO1837,Sports & Outdoors,Camping Tent,"broke within a week, waste of money. Asked for a refund.",1,2023-09-22,Yes,2,broke within week waste money asked refund,Negative,-0.6808,Negative,2023-09
REV000242,ELE1593,Electronics,Bluetooth Speaker,"poor quality, not worth the money at all. Very frustrating.",2,2024-08-12,Yes,0,poor quality worth money all frustrating,Negative,-0.7881,Negative,2024-08
REV002747,HOM1833,Home & Kitchen,Blender,"this is fantastic, exactly what I needed. Would buy again.",4,2023-08-03,Yes,6,fantastic exactly what needed buy again,Positive,0.5574,Positive,2023-08
REV000842,HOM1091,Home & Kitchen,Air Fryer,"average product, met basic expectations. We'll see how it holds up.",3,2023-07-24,Yes,0,average product met basic expectations ll see how holds up,Neutral,0.0,Neutral,2023-07
REV001938,HOM1323,Home & Kitchen,Vacuum Cleaner,"average product, met basic expectations. Still testing it out.",3,2024-07-17,Yes,0,average product met basic expectations still testing out,Neutral,0.0,Neutral,2024-07
REV000745,HOM1002,Home & Kitchen,Vacuum Cleaner,works flawlessly and looks even better in person. Would buy again.,5,2024-12-29,No,1,works flawlessly looks even better person buy again,Positive,0.5719,Positive,2024-12
REV002751,BEA1765,Beauty,Hair Dryer,"excellent build quality, arrived quickly and works great.",4,2024-11-30,Yes,0,excellent build quality arrived quickly works great,Positive,0.8316,Positive,2024-11
REV003004,CLO1588,Clothing,Cotton T-Shirt,"absolutely love this product, exceeded my expectations.",5,2024-04-21,Yes,0,absolutely love product exceeded expectations,Positive,0.6697,Positive,2024-04
REV002633,HOM1183,Home & Kitchen,Vacuum Cleaner,"great quality and works perfectly, highly recommend. Five stars from me.",5,2024-07-08,No,4,great quality works perfectly highly recommend five stars me,Positive,0.902,Positive,2024-07
REV003028,SPO1242,Sports & Outdoors,Hiking Backpack,"terrible experience, item arrived damaged. Very frustrating.",1,2024-01-19,No,0,terrible experience item arrived damaged frustrating,Negative,-0.8479,Negative,2024-01
REV002741,BEA1390,Beauty,Lip Balm Set,"excellent build quality, arrived quickly and works great. My whole family loves it.",4,2023-06-17,Yes,3,excellent build quality arrived quickly works great whole family loves,Positive,0.91,Positive,2023-06
REV002319,ELE1731,Electronics,Power Bank,"does not match the description, quite misleading. Asked for a refund.",2,2024-09-03,Yes,7,match description quite misleading asked refund,Negative,-0.4576,Negative,2024-09
REV003184,CLO1635,Clothing,Yoga Pants,"this is fantastic, exactly what I needed. My whole family loves it.",5,2023-08-28,Yes,2,fantastic exactly what needed whole family loves,Positive,0.8074,Positive,2023-08
REV002644,BEA1976,Beauty,Shampoo,"absolutely love this product, exceeded my expectations. Five stars from me.",5,2024-05-04,Yes,2,absolutely love product exceeded expectations five stars me,Positive,0.6697,Positive,2024-05
REV000786,ELE1771,Electronics,Laptop Stand,"it's fine, though the packaging could be better. We'll see how it holds up.",3,2023-02-06,Yes,0,fine though packaging better ll see how holds up,Positive,0.5719,Neutral,2023-02
REV003299,BEA1813,Beauty,Hair Dryer,"very satisfied, the quality exceeded what I paid for. Fast shipping too!",5,2023-07-29,Yes,1,satisfied quality exceeded what paid fast shipping too,Positive,0.5244,Positive,2023-07
REV000497,BOO1167,Books,Self-Help Guide,"great quality and works perfectly, highly recommend. Five stars from me.",5,2024-08-29,No,0,great quality works perfectly highly recommend five stars me,Positive,0.902,Positive,2024-08
REV001866,BOO1644,Books,Business Book,"works fine so far, will update if anything changes.",3,2023-08-23,Yes,0,works fine far update anything changes,Positive,0.2023,Neutral,2023-08
REV001523,HOM1420,Home & Kitchen,Non-Stick Pan Set,"does not match the description, quite misleading. Would not recommend to anyone.",2,2024-05-17,No,1,match description quite misleading recommend anyone,Negative,-0.6253,Negative,2024-05
REV000221,BOO1047,Books,Sci-Fi Trilogy,acceptable quality for casual use.,3,2024-06-17,Yes,0,acceptable quality casual use,Positive,0.4767,Neutral,2024-06
REV000405,ELE1383,Electronics,Bluetooth Speaker,"absolutely love this product, exceeded my expectations.",5,2024-02-19,Yes,1,absolutely love product exceeded expectations,Positive,0.6697,Positive,2024-02
REV003268,HOM1718,Home & Kitchen,Vacuum Cleaner,"very satisfied, the quality exceeded what I paid for. Fast shipping too!",4,2024-10-20,Yes,4,satisfied quality exceeded what paid fast shipping too,Positive,0.5244,Positive,2024-10
REV001361,ELE1217,Electronics,Smartwatch,"absolutely love this product, exceeded my expectations. My whole family loves it.",5,2023-02-28,Yes,3,absolutely love product exceeded expectations whole family loves,Positive,0.8479,Positive,2023-02
REV002926,BOO1381,Books,Self-Help Guide,perfect fit and great customer service too.,4,2024-02-14,No,4,perfect fit great customer service too,Positive,0.8834,Positive,2024-02
REV000921,BOO1924,Books,Mystery Novel,"broke within a week, waste of money. Asked for a refund.",1,2023-01-07,Yes,0,broke within week waste money asked refund,Negative,-0.6808,Negative,2023-01
REV003546,BEA1024,Beauty,Hair Dryer,"does what it says, no major complaints. We'll see how it holds up.",3,2024-11-15,Yes,0,what says major complaints ll see how holds up,Positive,0.0903,Neutral,2024-11
REV000985,BOO1754,Books,Cookbook,acceptable quality for casual use.,3,2023-06-13,Yes,1,acceptable quality casual use,Positive,0.4767,Neutral,2023-06
REV003566,HOM1669,Home & Kitchen,Blender,"works fine so far, will update if anything changes. Might update this review later.",3,2023-02-10,No,0,works fine far update anything changes might update review later,Positive,0.2023,Neutral,2023-02
REV001334,ELE1874,Electronics,Bluetooth Speaker,"average product, met basic expectations. We'll see how it holds up.",3,2024-08-04,Yes,0,average product met basic expectations ll see how holds up,Neutral,0.0,Neutral,2024-08
REV001916,HOM1262,Home & Kitchen,Non-Stick Pan Set,"this is fantastic, exactly what I needed. Five stars from me.",5,2023-06-29,Yes,0,fantastic exactly what needed five stars me,Positive,0.5574,Positive,2023-06
REV003210,ELE1053,Electronics,Power Bank,"very satisfied, the quality exceeded what I paid for. Would buy again.",5,2023-09-09,Yes,1,satisfied quality exceeded what paid buy again,Positive,0.4754,Positive,2023-09
REV000313,ELE1754,Electronics,Power Bank,"reasonable quality, similar to other products in this range.",3,2024-10-20,Yes,1,reasonable quality similar other products range,Neutral,0.0,Neutral,2024-10
REV003796,CLO1878,Clothing,Winter Jacket,"this is fantastic, exactly what I needed.",5,2023-09-17,Yes,0,fantastic exactly what needed,Positive,0.5574,Positive,2023-09
REV002556,BOO1015,Books,Sci-Fi Trilogy,"not as advertised, very frustrating purchase. Would not recommend to anyone.",1,2024-07-13,Yes,4,advertised frustrating purchase recommend anyone,Negative,-0.6489,Negative,2024-07
REV003214,CLO1600,Clothing,Running Shoes,"amazing value for the price, very happy with this purchase. Five stars from me.",5,2023-08-14,Yes,0,amazing value price happy purchase five stars me,Positive,0.8805,Positive,2023-08
REV002442,HOM1334,Home & Kitchen,Non-Stick Pan Set,"does what it says, no major complaints. Still testing it out.",3,2024-10-31,Yes,1,what says major complaints still testing out,Positive,0.0903,Neutral,2024-10
REV003294,ELE1444,Electronics,Laptop Stand,"great quality and works perfectly, highly recommend. Five stars from me.",5,2023-07-17,Yes,13,great quality works perfectly highly recommend five stars me,Positive,0.902,Positive,2023-07
REV002458,CLO1040,Clothing,Running Shoes,"it's fine, though the packaging could be better. Still testing it out.",3,2023-09-29,Yes,0,fine though packaging better still testing out,Positive,0.5719,Neutral,2023-09
REV000678,HOM1541,Home & Kitchen,Blender,"poor quality, not worth the money at all. Very frustrating.",2,2024-09-27,Yes,0,poor quality worth money all frustrating,Negative,-0.7881,Negative,2024-09
REV003001,SPO1740,Sports & Outdoors,Resistance Bands,perfect fit and great customer service too. Would buy again.,4,2023-06-19,Yes,0,perfect fit great customer service too buy again,Positive,0.8834,Positive,2023-06
REV003951,HOM1856,Home & Kitchen,Vacuum Cleaner,"gets the job done, nothing more nothing less. We'll see how it holds up.",3,2023-09-01,Yes,1,gets job done nothing more nothing less ll see how holds up,Neutral,0.0,Neutral,2023-09
REV000329,ELE1013,Electronics,Power Bank,"very satisfied, the quality exceeded what I paid for. Fast shipping too!",5,2024-04-09,Yes,1,satisfied quality exceeded what paid fast shipping too,Positive,0.5244,Positive,2024-04
REV001037,BEA1370,Beauty,Shampoo,"superb product, will definitely buy again. My whole family loves it.",5,2024-11-27,Yes,0,superb product definitely buy again whole family loves,Positive,0.8885,Positive,2024-11
REV002134,BOO1262,Books,Mystery Novel,"absolutely love this product, exceeded my expectations. Would buy again.",4,2023-04-27,Yes,1,absolutely love product exceeded expectations buy again,Positive,0.6697,Positive,2023-04
REV002132,BOO1616,Books,Self-Help Guide,perfect fit and great customer service too. My whole family loves it.,5,2023-07-24,Yes,5,perfect fit great customer service too whole family loves,Positive,0.9325,Positive,2023-07
REV002255,CLO1197,Clothing,Running Shoes,perfect fit and great customer service too. My whole family loves it.,5,2023-02-14,Yes,1,perfect fit great customer service too whole family loves,Positive,0.9325,Positive,2023-02
REV000104,BOO1878,Books,Sci-Fi Trilogy,"not as advertised, very frustrating purchase. Would not recommend to anyone.",1,2024-12-21,Yes,1,advertised frustrating purchase recommend anyone,Negative,-0.6489,Negative,2024-12
REV003382,BOO1691,Books,Cookbook,"amazing value for the price, very happy with this purchase. Fast shipping too!",4,2023-10-07,No,0,amazing value price happy purchase fast shipping too,Positive,0.8881,Positive,2023-10
REV003267,BOO1495,Books,Sci-Fi Trilogy,"absolutely love this product, exceeded my expectations. Five stars from me.",5,2023-10-16,Yes,2,absolutely love product exceeded expectations five stars me,Positive,0.6697,Positive,2023-10
REV000735,BEA1668,Beauty,Hair Dryer,"this is fantastic, exactly what I needed. Fast shipping too!",4,2024-11-03,Yes,3,fantastic exactly what needed fast shipping too,Positive,0.5983,Positive,2024-11
REV001205,HOM1093,Home & Kitchen,Blender,"absolutely love this product, exceeded my expectations. Five stars from me.",5,2024-05-24,Yes,1,absolutely love product exceeded expectations five stars me,Positive,0.6697,Positive,2024-05
REV000695,ELE1311,Electronics,Bluetooth Speaker,acceptable quality for casual use. Still testing it out.,3,2024-12-05,Yes,1,acceptable quality casual use still testing out,Positive,0.4767,Neutral,2024-12
REV003238,HOM1098,Home & Kitchen,Blender,"this is fantastic, exactly what I needed. Fast shipping too!",5,2023-02-01,Yes,0,fantastic exactly what needed fast shipping too,Positive,0.5983,Positive,2023-02
REV000498,ELE1978,Electronics,Power Bank,"excellent build quality, arrived quickly and works great. Fast shipping too!",5,2023-07-26,Yes,0,excellent build quality arrived quickly works great fast shipping too,Positive,0.8439,Positive,2023-07
REV001341,SPO1021,Sports & Outdoors,Resistance Bands,"broke within a week, waste of money. Very frustrating.",1,2024-03-04,Yes,6,broke within week waste money frustrating,Negative,-0.8313,Negative,2024-03
REV001166,ELE1282,Electronics,Smartwatch,perfect fit and great customer service too. My whole family loves it.,5,2023-03-21,No,3,perfect fit great customer service too whole family loves,Positive,0.9325,Positive,2023-03
REV001349,ELE1148,Electronics,Wireless Earbuds,"outstanding performance, worth every penny. Fast shipping too!",5,2024-06-15,Yes,0,outstanding performance worth every penny fast shipping too,Positive,0.7345,Positive,2024-06
REV002376,CLO1306,Clothing,Winter Jacket,works flawlessly and looks even better in person. Five stars from me.,4,2023-01-27,Yes,1,works flawlessly looks even better person five stars me,Positive,0.5719,Positive,2023-01
REV002709,CLO1255,Clothing,Cotton T-Shirt,perfect fit and great customer service too. Five stars from me.,5,2023-01-08,Yes,0,perfect fit great customer service too five stars me,Positive,0.8834,Positive,2023-01
REV000347,HOM1693,Home & Kitchen,Blender,"amazing value for the price, very happy with this purchase. Five stars from me.",4,2024-01-28,No,0,amazing value price happy purchase five stars me,Positive,0.8805,Positive,2024-01
REV001853,SPO1089,Sports & Outdoors,Hiking Backpack,"great quality and works perfectly, highly recommend. Fast shipping too!",4,2023-12-31,Yes,0,great quality works perfectly highly recommend fast shipping too,Positive,0.9078,Positive,2023-12
REV002259,CLO1456,Clothing,Denim Jeans,"amazing value for the price, very happy with this purchase. Fast shipping too!",5,2023-12-16,No,2,amazing value price happy purchase fast shipping too,Positive,0.8881,Positive,2023-12
REV002616,BOO1796,Books,Self-Help Guide,perfect fit and great customer service too. Fast shipping too!,5,2023-04-18,Yes,1,perfect fit great customer service too fast shipping too,Positive,0.8908,Positive,2023-04
REV002191,SPO1857,Sports & Outdoors,Camping Tent,"great quality and works perfectly, highly recommend. Five stars from me.",5,2023-08-26,Yes,5,great quality works perfectly highly recommend five stars me,Positive,0.902,Positive,2023-08
REV001029,BEA1929,Beauty,Shampoo,works flawlessly and looks even better in person.,4,2023-12-10,Yes,3,works flawlessly looks even better person,Positive,0.5719,Positive,2023-12
REV003117,ELE1542,Electronics,Smartwatch,"average product, met basic expectations. We'll see how it holds up.",3,2024-07-21,No,0,average product met basic expectations ll see how holds up,Neutral,0.0,Neutral,2024-07
REV000865,BEA1043,Beauty,Hair Dryer,"terrible experience, item arrived damaged. Wish I'd read reviews first.",1,2023-12-13,Yes,1,terrible experience item arrived damaged wish read reviews first,Negative,-0.5106,Negative,2023-12
REV002940,SPO1876,Sports & Outdoors,Resistance Bands,"not bad, not great, just an average item. Still testing it out.",3,2023-09-02,Yes,0,bad great average item still testing out,Positive,0.6754,Neutral,2023-09
REV001227,HOM1455,Home & Kitchen,Vacuum Cleaner,"outstanding performance, worth every penny. Five stars from me.",5,2023-08-09,Yes,1,outstanding performance worth every penny five stars me,Positive,0.7096,Positive,2023-08
REV002863,CLO1240,Clothing,Winter Jacket,"does what it says, no major complaints. Might update this review later.",3,2024-10-04,Yes,0,what says major complaints might update review later,Positive,0.0903,Neutral,2024-10
REV003541,CLO1228,Clothing,Cotton T-Shirt,"it's okay, does the job but nothing special. Still testing it out.",3,2023-10-07,Yes,0,okay job nothing special still testing out,Negative,-0.3479,Neutral,2023-10
REV003431,HOM1625,Home & Kitchen,Coffee Maker,perfect fit and great customer service too. Would buy again.,5,2023-06-14,Yes,0,perfect fit great customer service too buy again,Positive,0.8834,Positive,2023-06
REV000564,CLO1955,Clothing,Winter Jacket,"terrible experience, item arrived damaged. Wish I'd read reviews first.   <br>  ",2,2024-04-02,No,0,terrible experience item arrived damaged wish read reviews first,Negative,-0.5106,Negative,2024-04
REV003463,HOM1953,Home & Kitchen,Non-Stick Pan Set,"gets the job done, nothing more nothing less. Still testing it out.   <br>  ",3,2024-12-24,Yes,0,gets job done nothing more nothing less still testing out,Neutral,0.0,Neutral,2024-12
REV002420,BOO1639,Books,Business Book,cheaply made and feels flimsy. Would not recommend to anyone.,1,2024-11-05,Yes,0,cheaply made feels flimsy recommend anyone,Negative,-0.2755,Negative,2024-11
REV003230,BOO1363,Books,Cookbook,"gets the job done, nothing more nothing less. Still testing it out.   <br>  ",3,2023-03-11,No,0,gets job done nothing more nothing less still testing out,Neutral,0.0,Neutral,2023-03
REV001012,BOO1421,Books,Business Book,"it's okay, does the job but nothing special.",3,2024-06-07,Yes,0,okay job nothing special,Negative,-0.3479,Neutral,2024-06
REV000891,SPO1878,Sports & Outdoors,Hiking Backpack,arrived defective and customer support was unhelpful. Very frustrating.,2,2023-10-19,Yes,6,arrived defective customer support unhelpful frustrating,Negative,-0.5256,Negative,2023-10
REV003687,BEA1463,Beauty,Face Moisturizer,"very disappointed, stopped working after a few days. Very frustrating.",1,2023-10-22,Yes,1,disappointed stopped working after few days frustrating,Negative,-0.83,Negative,2023-10
REV001262,BEA1041,Beauty,Lip Balm Set,"decent for the price, but not amazing. We'll see how it holds up.",3,2023-05-11,Yes,1,decent price amazing ll see how holds up,Negative,-0.6259,Neutral,2023-05
REV002732,BOO1159,Books,Mystery Novel,perfect fit and great customer service too.   <br>  ,5,2023-07-14,Yes,0,perfect fit great customer service too,Positive,0.8834,Positive,2023-07
REV003346,CLO1340,Clothing,Running Shoes,"excellent build quality, arrived quickly and works great. My whole family loves it.",5,2023-09-15,No,2,excellent build quality arrived quickly works great whole family loves,Positive,0.91,Positive,2023-09
REV000633,CLO1337,Clothing,Denim Jeans,"not as advertised, very frustrating purchase. Asked for a refund.",2,2024-12-26,No,6,advertised frustrating purchase asked refund,Negative,-0.4927,Negative,2024-12
REV000195,CLO1349,Clothing,Running Shoes,"very disappointed, stopped working after a few days. Very frustrating.   <br>  ",1,2024-01-03,Yes,0,disappointed stopped working after few days frustrating,Negative,-0.83,Negative,2024-01
REV000514,CLO1465,Clothing,Running Shoes,"it's fine, though the packaging could be better. We'll see how it holds up.",3,2023-12-12,No,0,fine though packaging better ll see how holds up,Positive,0.5719,Neutral,2023-12
REV001639,HOM1852,Home & Kitchen,Coffee Maker,"it's okay, does the job but nothing special. Still testing it out.",3,2024-02-20,Yes,0,okay job nothing special still testing out,Negative,-0.3479,Neutral,2024-02
REV001456,HOM1173,Home & Kitchen,Air Fryer,"absolutely love this product, exceeded my expectations. Fast shipping too!",5,2023-07-19,No,1,absolutely love product exceeded expectations fast shipping too,Positive,0.6989,Positive,2023-07
REV000210,SPO1427,Sports & Outdoors,Camping Tent,"it's okay, does the job but nothing special. Might update this review later.",3,2024-04-05,Yes,0,okay job nothing special might update review later,Negative,-0.3479,Neutral,2024-04
REV003049,BEA1823,Beauty,Hair Dryer,"very satisfied, the quality exceeded what I paid for. Fast shipping too!",5,2023-05-21,Yes,2,satisfied quality exceeded what paid fast shipping too,Positive,0.5244,Positive,2023-05
REV001187,BEA1793,Beauty,Sunscreen SPF50,"excellent build quality, arrived quickly and works great. Would buy again.",5,2024-10-05,No,1,excellent build quality arrived quickly works great buy again,Positive,0.8316,Positive,2024-10
REV000636,ELE1996,Electronics,Bluetooth Speaker,"average product, met basic expectations. Might update this review later.",3,2024-10-05,Yes,0,average product met basic expectations might update review later,Neutral,0.0,Neutral,2024-10
REV003563,CLO1197,Clothing,Running Shoes,"absolutely love this product, exceeded my expectations. My whole family loves it.",5,2024-01-09,Yes,2,absolutely love product exceeded expectations whole family loves,Positive,0.8479,Positive,2024-01
REV003684,ELE1246,Electronics,Power Bank,"regret buying this, quality is really bad. Very frustrating.",1,2024-08-19,Yes,0,regret buying quality bad frustrating,Negative,-0.8764,Negative,2024-08
REV000088,BEA1928,Beauty,Shampoo,"excellent build quality, arrived quickly and works great. Five stars from me.",5,2023-12-16,Yes,0,excellent build quality arrived quickly works great five stars me,Positive,0.8316,Positive,2023-12
REV003603,BEA1884,Beauty,Hair Dryer,"superb product, will definitely buy again. Fast shipping too!",5,2024-12-15,Yes,2,superb product definitely buy again fast shipping too,Positive,0.7959,Positive,2024-12
REV000191,ELE1007,Electronics,Laptop Stand,"very satisfied, the quality exceeded what I paid for.",4,2024-01-16,Yes,1,satisfied quality exceeded what paid,Positive,0.4754,Positive,2024-01
REV000179,ELE1207,Electronics,Wireless Earbuds,"very satisfied, the quality exceeded what I paid for.",5,2023-06-13,Yes,5,satisfied quality exceeded what paid,Positive,0.4754,Positive,2023-06
REV002605,HOM1345,Home & Kitchen,Blender,"amazing value for the price, very happy with this purchase.",5,2024-05-22,Yes,0,amazing value price happy purchase,Positive,0.8805,Positive,2024-05
REV002589,CLO1072,Clothing,Denim Jeans,"great quality and works perfectly, highly recommend. Would buy again.",4,2023-02-28,No,4,great quality works perfectly highly recommend buy again,Positive,0.902,Positive,2023-02
REV003465,SPO1133,Sports & Outdoors,Yoga Mat,"very satisfied, the quality exceeded what I paid for. My whole family loves it.",5,2024-10-04,Yes,1,satisfied quality exceeded what paid whole family loves,Positive,0.7778,Positive,2024-10
REV002024,ELE1327,Electronics,Bluetooth Speaker,"reasonable quality, similar to other products in this range. We'll see how it holds up.",3,2024-08-25,Yes,0,reasonable quality similar other products range ll see how holds up,Neutral,0.0,Neutral,2024-08
REV002104,BOO1402,Books,Self-Help Guide,"absolutely love this product, exceeded my expectations. My whole family loves it.",5,2023-06-15,No,8,absolutely love product exceeded expectations whole family loves,Positive,0.8479,Positive,2023-06
REV003845,HOM1327,Home & Kitchen,Vacuum Cleaner,"not as advertised, very frustrating purchase. Would not recommend to anyone.",2,2024-03-26,Yes,0,advertised frustrating purchase recommend anyone,Negative,-0.6489,Negative,2024-03
REV003523,ELE1139,Electronics,Laptop Stand,"decent for the price, but not amazing.",3,2023-12-31,Yes,0,decent price amazing,Negative,-0.6259,Neutral,2023-12
REV002793,SPO1651,Sports & Outdoors,Resistance Bands,works flawlessly and looks even better in person. Would buy again.,4,2024-04-20,Yes,2,works flawlessly looks even better person buy again,Positive,0.5719,Positive,2024-04
REV003322,ELE1372,Electronics,Bluetooth Speaker,"this is fantastic, exactly what I needed.",4,2023-12-01,Yes,1,fantastic exactly what needed,Positive,0.5574,Positive,2023-12
REV001129,SPO1568,Sports & Outdoors,Yoga Mat,"gets the job done, nothing more nothing less. We'll see how it holds up.",3,2024-08-29,Yes,1,gets job done nothing more nothing less ll see how holds up,Neutral,0.0,Neutral,2024-08
REV003068,HOM1785,Home & Kitchen,Air Fryer,"reasonable quality, similar to other products in this range. Might update this review later.",3,2023-01-03,Yes,1,reasonable quality similar other products range might update review later,Neutral,0.0,Neutral,2023-01
REV003146,BOO1739,Books,Cookbook,cheaply made and feels flimsy. Wish I'd read reviews first.,1,2023-08-04,Yes,0,cheaply made feels flimsy wish read reviews first,Positive,0.4019,Negative,2023-08
REV001813,HOM1637,Home & Kitchen,Non-Stick Pan Set,"decent for the price, but not amazing. Still testing it out.",3,2024-01-13,Yes,3,decent price amazing still testing out,Negative,-0.6259,Neutral,2024-01
REV002560,ELE1298,Electronics,Smartwatch,"it's okay, does the job but nothing special.",3,2023-03-22,Yes,0,okay job nothing special,Negative,-0.3479,Neutral,2023-03
REV003615,BEA1785,Beauty,Face Moisturizer,"does what it says, no major complaints. We'll see how it holds up.",3,2023-09-30,Yes,0,what says major complaints ll see how holds up,Positive,0.0903,Neutral,2023-09
REV003714,BEA1582,Beauty,Shampoo,"great quality and works perfectly, highly recommend. Fast shipping too!",5,2023-01-11,No,0,great quality works perfectly highly recommend fast shipping too,Positive,0.9078,Positive,2023-01
REV001753,CLO1668,Clothing,Running Shoes,"terrible experience, item arrived damaged.",1,2024-06-14,Yes,1,terrible experience item arrived damaged,Negative,-0.7184,Negative,2024-06
REV000472,BEA1980,Beauty,Lip Balm Set,perfect fit and great customer service too.,4,2023-01-08,Yes,4,perfect fit great customer service too,Positive,0.8834,Positive,2023-01
REV000399,ELE1257,Electronics,Wireless Earbuds,perfect fit and great customer service too.,5,2024-03-26,Yes,11,perfect fit great customer service too,Positive,0.8834,Positive,2024-03
REV000036,CLO1931,Clothing,Winter Jacket,"very disappointed, stopped working after a few days. Very frustrating.",1,2024-09-10,Yes,2,disappointed stopped working after few days frustrating,Negative,-0.83,Negative,2024-09
REV002254,CLO1053,Clothing,Running Shoes,"superb product, will definitely buy again. Five stars from me.",4,2023-11-17,Yes,3,superb product definitely buy again five stars me,Positive,0.7783,Positive,2023-11
REV002657,BEA1988,Beauty,Shampoo,"excellent build quality, arrived quickly and works great. Five stars from me.",5,2024-09-24,No,3,excellent build quality arrived quickly works great five stars me,Positive,0.8316,Positive,2024-09
REV000253,ELE1550,Electronics,Power Bank,"very satisfied, the quality exceeded what I paid for.",4,2023-11-15,Yes,1,satisfied quality exceeded what paid,Positive,0.4754,Positive,2023-11
REV002656,ELE1326,Electronics,Wireless Earbuds,"outstanding performance, worth every penny. Five stars from me.",5,2024-12-06,Yes,1,outstanding performance worth every penny five stars me,Positive,0.7096,Positive,2024-12
REV001068,SPO1342,Sports & Outdoors,Camping Tent,perfect fit and great customer service too. Fast shipping too!,4,2023-03-21,Yes,4,perfect fit great customer service too fast shipping too,Positive,0.8908,Positive,2023-03
REV001286,SPO1632,Sports & Outdoors,Resistance Bands,"it's okay, does the job but nothing special. Still testing it out.",3,2024-05-16,No,0,okay job nothing special still testing out,Negative,-0.3479,Neutral,2024-05
REV003221,CLO1581,Clothing,Cotton T-Shirt,"excellent build quality, arrived quickly and works great. Would buy again.",5,2024-08-18,Yes,0,excellent build quality arrived quickly works great buy again,Positive,0.8316,Positive,2024-08
REV002478,BOO1153,Books,Sci-Fi Trilogy,"this is fantastic, exactly what I needed. Would buy again.",5,2023-12-09,Yes,7,fantastic exactly what needed buy again,Positive,0.5574,Positive,2023-12
REV002941,HOM1149,Home & Kitchen,Vacuum Cleaner,"very satisfied, the quality exceeded what I paid for. Fast shipping too!",4,2023-04-18,No,1,satisfied quality exceeded what paid fast shipping too,Positive,0.5244,Positive,2023-04
REV001876,ELE1377,Electronics,Laptop Stand,"does what it says, no major complaints. We'll see how it holds up.",3,2023-09-08,Yes,1,what says major complaints ll see how holds up,Positive,0.0903,Neutral,2023-09
REV000229,BOO1910,Books,Cookbook,"gets the job done, nothing more nothing less. Still testing it out.   <br>  ",3,2024-05-18,Yes,0,gets job done nothing more nothing less still testing out,Neutral,0.0,Neutral,2024-05
REV003052,BOO1028,Books,Mystery Novel,"reasonable quality, similar to other products in this range. We'll see how it holds up.",3,2023-07-20,Yes,1,reasonable quality similar other products range ll see how holds up,Neutral,0.0,Neutral,2023-07
REV001749,HOM1875,Home & Kitchen,Vacuum Cleaner,"broke within a week, waste of money. Would not recommend to anyone.",1,2024-02-08,Yes,1,broke within week waste money recommend anyone,Negative,-0.7724,Negative,2024-02
REV003078,BOO1275,Books,Sci-Fi Trilogy,"excellent build quality, arrived quickly and works great. My whole family loves it.",5,2024-01-09,Yes,1,excellent build quality arrived quickly works great whole family loves,Positive,0.91,Positive,2024-01
REV003196,BEA1329,Beauty,Face Moisturizer,"not bad, not great, just an average item. Might update this review later.",3,2024-07-11,Yes,0,bad great average item might update review later,Positive,0.6754,Neutral,2024-07
REV001645,BEA1256,Beauty,Face Moisturizer,"regret buying this, quality is really bad. Asked for a refund.",1,2023-09-28,Yes,1,regret buying quality bad asked refund,Negative,-0.7645,Negative,2023-09
REV003863,CLO1928,Clothing,Yoga Pants,arrived defective and customer support was unhelpful. Would not recommend to anyone.,2,2023-09-30,Yes,1,arrived defective customer support unhelpful recommend anyone,Negative,-0.3204,Negative,2023-09
REV001610,CLO1581,Clothing,Denim Jeans,"excellent build quality, arrived quickly and works great. Fast shipping too!",5,2024-09-04,No,1,excellent build quality arrived quickly works great fast shipping too,Positive,0.8439,Positive,2024-09
REV002776,HOM1859,Home & Kitchen,Coffee Maker,"not bad, not great, just an average item. Still testing it out.",3,2024-10-30,Yes,0,bad great average item still testing out,Positive,0.6754,Neutral,2024-10
REV002367,HOM1650,Home & Kitchen,Air Fryer,"average product, met basic expectations. We'll see how it holds up.",3,2024-12-05,Yes,1,average product met basic expectations ll see how holds up,Neutral,0.0,Neutral,2024-12
REV000630,ELE1144,Electronics,Power Bank,"absolutely love this product, exceeded my expectations. My whole family loves it.",5,2023-03-01,Yes,4,absolutely love product exceeded expectations whole family loves,Positive,0.8479,Positive,2023-03
REV000926,BOO1828,Books,Business Book,"amazing value for the price, very happy with this purchase. Five stars from me.",4,2023-04-30,Yes,2,amazing value price happy purchase five stars me,Positive,0.8805,Positive,2023-04
REV002942,BEA1312,Beauty,Hair Dryer,perfect fit and great customer service too. Would buy again.,5,2023-04-30,No,3,perfect fit great customer service too buy again,Positive,0.8834,Positive,2023-04
REV001020,BOO1823,Books,Business Book,perfect fit and great customer service too. Would buy again.,5,2024-03-10,Yes,0,perfect fit great customer service too buy again,Positive,0.8834,Positive,2024-03
REV002083,BEA1042,Beauty,Lip Balm Set,"very satisfied, the quality exceeded what I paid for.",5,2024-06-19,Yes,1,satisfied quality exceeded what paid,Positive,0.4754,Positive,2024-06
REV003385,SPO1027,Sports & Outdoors,Water Bottle,"absolutely love this product, exceeded my expectations.",5,2023-05-01,Yes,0,absolutely love product exceeded expectations,Positive,0.6697,Positive,2023-05
REV001787,SPO1289,Sports & Outdoors,Resistance Bands,works flawlessly and looks even better in person.,4,2024-09-29,Yes,3,works flawlessly looks even better person,Positive,0.5719,Positive,2024-09
REV002124,HOM1457,Home & Kitchen,Air Fryer,"great quality and works perfectly, highly recommend. My whole family loves it.",4,2023-07-17,Yes,1,great quality works perfectly highly recommend whole family loves,Positive,0.9412,Positive,2023-07
REV002222,CLO1930,Clothing,Winter Jacket,"absolutely love this product, exceeded my expectations. My whole family loves it.",5,2023-06-03,Yes,1,absolutely love product exceeded expectations whole family loves,Positive,0.8479,Positive,2023-06
REV003892,CLO1625,Clothing,Cotton T-Shirt,"it's fine, though the packaging could be better. We'll see how it holds up.",3,2023-08-23,Yes,3,fine though packaging better ll see how holds up,Positive,0.5719,Neutral,2023-08
REV001076,BEA1869,Beauty,Shampoo,"excellent build quality, arrived quickly and works great. Five stars from me.",5,2024-12-21,Yes,2,excellent build quality arrived quickly works great five stars me,Positive,0.8316,Positive,2024-12
REV002950,BEA1280,Beauty,Face Moisturizer,"does what it says, no major complaints. Might update this review later.",3,2023-03-29,Yes,4,what says major complaints might update review later,Positive,0.0903,Neutral,2023-03
REV003835,BOO1216,Books,Self-Help Guide,"this is fantastic, exactly what I needed. My whole family loves it.",5,2024-06-29,No,1,fantastic exactly what needed whole family loves,Positive,0.8074,Positive,2024-06
REV003869,CLO1807,Clothing,Yoga Pants,"amazing value for the price, very happy with this purchase. Five stars from me.",4,2024-01-16,No,0,amazing value price happy purchase five stars me,Positive,0.8805,Positive,2024-01
REV003979,ELE1659,Electronics,Smartwatch,"this is fantastic, exactly what I needed. Five stars from me.",5,2024-02-14,Yes,3,fantastic exactly what needed five stars me,Positive,0.5574,Positive,2024-02
REV003971,SPO1467,Sports & Outdoors,Resistance Bands,"not bad, not great, just an average item. Still testing it out.   <br>  ",3,2024-07-12,Yes,0,bad great average item still testing out,Positive,0.6754,Neutral,2024-07
REV002796,BOO1738,Books,Self-Help Guide,perfect fit and great customer service too. Fast shipping too!,5,2024-08-08,Yes,4,perfect fit great customer service too fast shipping too,Positive,0.8908,Positive,2024-08
REV001245,CLO1538,Clothing,Cotton T-Shirt,cheaply made and feels flimsy.,2,2024-06-10,Yes,1,cheaply made feels flimsy,Neutral,0.0,Negative,2024-06
REV003913,SPO1387,Sports & Outdoors,Camping Tent,"does what it says, no major complaints. Still testing it out.",3,2024-02-09,Yes,0,what says major complaints still testing out,Positive,0.0903,Neutral,2024-02
REV000509,CLO1569,Clothing,Cotton T-Shirt,"very satisfied, the quality exceeded what I paid for. My whole family loves it.",4,2024-04-03,Yes,3,satisfied quality exceeded what paid whole family loves,Positive,0.7778,Positive,2024-04
REV000711,CLO1017,Clothing,Running Shoes,"absolutely love this product, exceeded my expectations. Would buy again.",4,2023-08-29,Yes,0,absolutely love product exceeded expectations buy again,Positive,0.6697,Positive,2023-08
REV003776,BOO1941,Books,Mystery Novel,"outstanding performance, worth every penny. My whole family loves it.",5,2024-05-15,Yes,3,outstanding performance worth every penny whole family loves,Positive,0.8625,Positive,2024-05
REV000608,BOO1485,Books,Business Book,"it's fine, though the packaging could be better. Still testing it out.   <br>  ",3,2024-01-08,Yes,0,fine though packaging better still testing out,Positive,0.5719,Neutral,2024-01
REV000388,BOO1996,Books,Sci-Fi Trilogy,"it's okay, does the job but nothing special. Still testing it out.",3,2024-02-20,Yes,1,okay job nothing special still testing out,Negative,-0.3479,Neutral,2024-02
REV003166,HOM1665,Home & Kitchen,Vacuum Cleaner,perfect fit and great customer service too. Fast shipping too!,4,2024-01-14,Yes,4,perfect fit great customer service too fast shipping too,Positive,0.8908,Positive,2024-01
REV000868,CLO1205,Clothing,Cotton T-Shirt,"very satisfied, the quality exceeded what I paid for. My whole family loves it.",5,2024-11-29,Yes,1,satisfied quality exceeded what paid whole family loves,Positive,0.7778,Positive,2024-11
REV002800,BOO1019,Books,Business Book,"does what it says, no major complaints.",3,2024-06-11,Yes,0,what says major complaints,Positive,0.0903,Neutral,2024-06
REV000912,ELE1739,Electronics,Power Bank,"absolutely love this product, exceeded my expectations.",5,2023-12-27,Yes,9,absolutely love product exceeded expectations,Positive,0.6697,Positive,2023-12
REV001922,HOM1924,Home & Kitchen,Vacuum Cleaner,"does not match the description, quite misleading. Would not recommend to anyone.",2,2024-03-13,Yes,1,match description quite misleading recommend anyone,Negative,-0.6253,Negative,2024-03
REV000149,ELE1058,Electronics,Laptop Stand,"reasonable quality, similar to other products in this range.   <br>  ",3,2024-04-27,No,1,reasonable quality similar other products range,Neutral,0.0,Neutral,2024-04
REV000754,ELE1181,Electronics,Bluetooth Speaker,"superb product, will definitely buy again. Fast shipping too!",5,2023-04-06,Yes,2,superb product definitely buy again fast shipping too,Positive,0.7959,Positive,2023-04
REV002451,CLO1215,Clothing,Yoga Pants,"great quality and works perfectly, highly recommend. Fast shipping too!",4,2024-06-15,Yes,1,great quality works perfectly highly recommend fast shipping too,Positive,0.9078,Positive,2024-06
REV001274,CLO1508,Clothing,Running Shoes,"excellent build quality, arrived quickly and works great. Fast shipping too!",4,2024-08-20,Yes,1,excellent build quality arrived quickly works great fast shipping too,Positive,0.8439,Positive,2024-08
REV000341,CLO1940,Clothing,Yoga Pants,"it's fine, though the packaging could be better. Might update this review later.",3,2023-09-23,No,0,fine though packaging better might update review later,Positive,0.5719,Neutral,2023-09
REV003700,CLO1964,Clothing,Running Shoes,"this is fantastic, exactly what I needed. Five stars from me.",4,2023-01-21,Yes,2,fantastic exactly what needed five stars me,Positive,0.5574,Positive,2023-01
REV003036,SPO1463,Sports & Outdoors,Yoga Mat,works flawlessly and looks even better in person.,5,2024-03-30,Yes,3,works flawlessly looks even better person,Positive,0.5719,Positive,2024-03
REV002249,BEA1780,Beauty,Hair Dryer,"excellent build quality, arrived quickly and works great. My whole family loves it.",5,2023-01-20,Yes,5,excellent build quality arrived quickly works great whole family loves,Positive,0.91,Positive,2023-01
REV001116,BOO1772,Books,Business Book,"this is fantastic, exactly what I needed. Would buy again.",5,2024-11-16,Yes,2,fantastic exactly what needed buy again,Positive,0.5574,Positive,2024-11
REV002781,BOO1874,Books,Mystery Novel,"worst purchase I've made this year, do not recommend. Wish I'd read reviews first.",1,2023-11-26,Yes,5,worst purchase ve made year recommend wish read reviews first,Negative,-0.816,Negative,2023-11
REV000541,SPO1651,Sports & Outdoors,Yoga Mat,cheaply made and feels flimsy. Wish I'd read reviews first.,2,2024-07-17,Yes,1,cheaply made feels flimsy wish read reviews first,Positive,0.4019,Negative,2024-07
REV002740,ELE1157,Electronics,Wireless Earbuds,works flawlessly and looks even better in person. Fast shipping too!,5,2024-11-05,Yes,3,works flawlessly looks even better person fast shipping too,Positive,0.6114,Positive,2024-11
REV001467,SPO1844,Sports & Outdoors,Hiking Backpack,perfect fit and great customer service too.,4,2024-09-28,Yes,6,perfect fit great customer service too,Positive,0.8834,Positive,2024-09
REV002658,HOM1356,Home & Kitchen,Blender,acceptable quality for casual use. We'll see how it holds up.,3,2023-06-26,Yes,0,acceptable quality casual use ll see how holds up,Positive,0.4767,Neutral,2023-06
REV002127,ELE1557,Electronics,Laptop Stand,arrived defective and customer support was unhelpful. Would not recommend to anyone.,1,2023-09-22,No,6,arrived defective customer support unhelpful recommend anyone,Negative,-0.3204,Negative,2023-09
REV000956,HOM1363,Home & Kitchen,Vacuum Cleaner,perfect fit and great customer service too. My whole family loves it.,5,2023-08-24,No,0,perfect fit great customer service too whole family loves,Positive,0.9325,Positive,2023-08
REV000281,BEA1458,Beauty,Sunscreen SPF50,"excellent build quality, arrived quickly and works great.",5,2023-12-30,Yes,2,excellent build quality arrived quickly works great,Positive,0.8316,Positive,2023-12
REV002459,BEA1441,Beauty,Face Moisturizer,"does not match the description, quite misleading. Would not recommend to anyone.",2,2024-07-24,Yes,10,match description quite misleading recommend anyone,Negative,-0.6253,Negative,2024-07
REV000511,SPO1678,Sports & Outdoors,Yoga Mat,"very satisfied, the quality exceeded what I paid for. Fast shipping too!",4,2023-03-02,No,0,satisfied quality exceeded what paid fast shipping too,Positive,0.5244,Positive,2023-03
REV002650,BEA1716,Beauty,Shampoo,"absolutely love this product, exceeded my expectations. Would buy again.",4,2023-02-24,Yes,1,absolutely love product exceeded expectations buy again,Positive,0.6697,Positive,2023-02
REV001593,HOM1431,Home & Kitchen,Non-Stick Pan Set,"not bad, not great, just an average item.",3,2024-11-23,Yes,0,bad great average item,Positive,0.6754,Neutral,2024-11
REV002606,CLO1754,Clothing,Cotton T-Shirt,"broke within a week, waste of money.",1,2023-08-09,Yes,5,broke within week waste money,Negative,-0.6808,Negative,2023-08
REV001515,ELE1363,Electronics,Smartwatch,"amazing value for the price, very happy with this purchase. Fast shipping too!",5,2024-10-19,No,1,amazing value price happy purchase fast shipping too,Positive,0.8881,Positive,2024-10
REV000688,BOO1254,Books,Business Book,"poor quality, not worth the money at all. Would not recommend to anyone.",1,2023-01-07,Yes,2,poor quality worth money all recommend anyone,Negative,-0.7074,Negative,2023-01
REV000336,BEA1854,Beauty,Shampoo,works flawlessly and looks even better in person. Would buy again.,4,2023-10-21,Yes,0,works flawlessly looks even better person buy again,Positive,0.5719,Positive,2023-10
REV000643,HOM1735,Home & Kitchen,Air Fryer,"works fine so far, will update if anything changes. We'll see how it holds up.",3,2024-11-23,Yes,0,works fine far update anything changes ll see how holds up,Positive,0.2023,Neutral,2024-11
REV002363,HOM1640,Home & Kitchen,Non-Stick Pan Set,"not as advertised, very frustrating purchase.",1,2023-02-01,Yes,1,advertised frustrating purchase,Negative,-0.4927,Negative,2023-02
REV002028,HOM1617,Home & Kitchen,Non-Stick Pan Set,acceptable quality for casual use. Still testing it out.,3,2023-01-03,Yes,1,acceptable quality casual use still testing out,Positive,0.4767,Neutral,2023-01
REV000783,CLO1164,Clothing,Yoga Pants,"very satisfied, the quality exceeded what I paid for.",5,2023-07-28,Yes,2,satisfied quality exceeded what paid,Positive,0.4754,Positive,2023-07
REV003613,HOM1289,Home & Kitchen,Vacuum Cleaner,"reasonable quality, similar to other products in this range. Might update this review later.",3,2023-04-14,Yes,1,reasonable quality similar other products range might update review later,Neutral,0.0,Neutral,2023-04
REV003983,BEA1215,Beauty,Sunscreen SPF50,"not as advertised, very frustrating purchase. Asked for a refund.",2,2023-02-28,Yes,4,advertised frustrating purchase asked refund,Negative,-0.4927,Negative,2023-02
REV000622,SPO1148,Sports & Outdoors,Camping Tent,"this is fantastic, exactly what I needed. My whole family loves it.",4,2024-10-28,Yes,1,fantastic exactly what needed whole family loves,Positive,0.8074,Positive,2024-10
REV003323,BEA1479,Beauty,Lip Balm Set,"terrible experience, item arrived damaged.",2,2023-11-15,Yes,6,terrible experience item arrived damaged,Negative,-0.7184,Negative,2023-11
REV003831,BOO1225,Books,Business Book,acceptable quality for casual use. Might update this review later.,3,2024-11-06,Yes,1,acceptable quality casual use might update review later,Positive,0.4767,Neutral,2024-11
REV002141,BOO1438,Books,Mystery Novel,"reasonable quality, similar to other products in this range. Still testing it out.",3,2024-04-19,Yes,0,reasonable quality similar other products range still testing out,Neutral,0.0,Neutral,2024-04
REV000835,BEA1241,Beauty,Hair Dryer,arrived defective and customer support was unhelpful. Would not recommend to anyone.   <br>  ,1,2023-03-06,Yes,1,arrived defective customer support unhelpful recommend anyone,Negative,-0.3204,Negative,2023-03
REV002641,CLO1810,Clothing,Winter Jacket,"outstanding performance, worth every penny.",5,2024-04-12,Yes,5,outstanding performance worth every penny,Positive,0.7096,Positive,2024-04
REV001433,BEA1960,Beauty,Hair Dryer,"absolutely love this product, exceeded my expectations. Would buy again.   <br>  ",5,2024-02-16,Yes,4,absolutely love product exceeded expectations buy again,Positive,0.6697,Positive,2024-02
REV002044,HOM1226,Home & Kitchen,Vacuum Cleaner,"very satisfied, the quality exceeded what I paid for.",5,2023-03-09,Yes,0,satisfied quality exceeded what paid,Positive,0.4754,Positive,2023-03
REV001451,CLO1281,Clothing,Cotton T-Shirt,"excellent build quality, arrived quickly and works great. Five stars from me.",5,2023-04-02,No,3,excellent build quality arrived quickly works great five stars me,Positive,0.8316,Positive,2023-04
REV000395,BEA1661,Beauty,Sunscreen SPF50,"great quality and works perfectly, highly recommend. My whole family loves it.",5,2024-10-12,Yes,2,great quality works perfectly highly recommend whole family loves,Positive,0.9412,Positive,2024-10
REV000846,BEA1859,Beauty,Sunscreen SPF50,"outstanding performance, worth every penny. Five stars from me.",5,2024-09-21,Yes,0,outstanding performance worth every penny five stars me,Positive,0.7096,Positive,2024-09
REV003118,ELE1949,Electronics,Power Bank,"worst purchase I've made this year, do not recommend. Asked for a refund.",1,2023-07-03,Yes,0,worst purchase ve made year recommend asked refund,Negative,-0.7359,Negative,2023-07
REV002624,SPO1060,Sports & Outdoors,Camping Tent,perfect fit and great customer service too. My whole family loves it.,4,2024-05-24,Yes,2,perfect fit great customer service too whole family loves,Positive,0.9325,Positive,2024-05
REV002622,SPO1367,Sports & Outdoors,Resistance Bands,"excellent build quality, arrived quickly and works great.",5,2023-01-24,Yes,6,excellent build quality arrived quickly works great,Positive,0.8316,Positive,2023-01
REV003907,BOO1326,Books,Sci-Fi Trilogy,"gets the job done, nothing more nothing less. Might update this review later.",3,2023-12-31,No,1,gets job done nothing more nothing less might update review later,Neutral,0.0,Neutral,2023-12
REV003351,SPO1832,Sports & Outdoors,Yoga Mat,"not as advertised, very frustrating purchase. Asked for a refund.",1,2023-10-11,Yes,6,advertised frustrating purchase asked refund,Negative,-0.4927,Negative,2023-10
REV002784,BEA1437,Beauty,Hair Dryer,"excellent build quality, arrived quickly and works great. Five stars from me.",4,2023-12-20,Yes,2,excellent build quality arrived quickly works great five stars me,Positive,0.8316,Positive,2023-12
REV003841,HOM1221,Home & Kitchen,Coffee Maker,"amazing value for the price, very happy with this purchase. Would buy again.",5,2024-02-20,Yes,0,amazing value price happy purchase buy again,Positive,0.8805,Positive,2024-02
REV001762,BOO1307,Books,Self-Help Guide,"poor quality, not worth the money at all. Would not recommend to anyone.",1,2023-03-23,Yes,12,poor quality worth money all recommend anyone,Negative,-0.7074,Negative,2023-03
REV002328,CLO1364,Clothing,Winter Jacket,"amazing value for the price, very happy with this purchase. Fast shipping too!",5,2023-02-04,Yes,1,amazing value price happy purchase fast shipping too,Positive,0.8881,Positive,2023-02
REV000338,BEA1626,Beauty,Lip Balm Set,"superb product, will definitely buy again. My whole family loves it.",4,2024-11-09,Yes,2,superb product definitely buy again whole family loves,Positive,0.8885,Positive,2024-11
REV002057,HOM1341,Home & Kitchen,Non-Stick Pan Set,"reasonable quality, similar to other products in this range. We'll see how it holds up.",3,2024-11-01,Yes,1,reasonable quality similar other products range ll see how holds up,Neutral,0.0,Neutral,2024-11
REV001110,HOM1247,Home & Kitchen,Air Fryer,"it's fine, though the packaging could be better. We'll see how it holds up.",3,2023-03-19,Yes,0,fine though packaging better ll see how holds up,Positive,0.5719,Neutral,2023-03
REV003780,CLO1676,Clothing,Yoga Pants,works flawlessly and looks even better in person. Five stars from me.,4,2024-05-17,Yes,2,works flawlessly looks even better person five stars me,Positive,0.5719,Positive,2024-05
REV000294,CLO1327,Clothing,Winter Jacket,"great quality and works perfectly, highly recommend. My whole family loves it.",4,2024-01-29,Yes,0,great quality works perfectly highly recommend whole family loves,Positive,0.9412,Positive,2024-01
REV002117,CLO1002,Clothing,Denim Jeans,"very satisfied, the quality exceeded what I paid for. Would buy again.",4,2024-10-18,Yes,4,satisfied quality exceeded what paid buy again,Positive,0.4754,Positive,2024-10
REV002206,HOM1466,Home & Kitchen,Non-Stick Pan Set,acceptable quality for casual use. We'll see how it holds up.,3,2024-09-11,No,2,acceptable quality casual use ll see how holds up,Positive,0.4767,Neutral,2024-09
REV003169,BEA1695,Beauty,Shampoo,"absolutely love this product, exceeded my expectations. Would buy again.",5,2023-08-22,Yes,0,absolutely love product exceeded expectations buy again,Positive,0.6697,Positive,2023-08
REV003414,BEA1485,Beauty,Face Moisturizer,"average product, met basic expectations. Still testing it out.",3,2024-03-23,Yes,0,average product met basic expectations still testing out,Neutral,0.0,Neutral,2024-03
REV003194,BEA1092,Beauty,Hair Dryer,works flawlessly and looks even better in person.,4,2024-05-17,Yes,0,works flawlessly looks even better person,Positive,0.5719,Positive,2024-05
REV003229,HOM1197,Home & Kitchen,Non-Stick Pan Set,"does what it says, no major complaints. Still testing it out.   <br>  ",3,2024-10-02,No,0,what says major complaints still testing out,Positive,0.0903,Neutral,2024-10
REV003783,CLO1434,Clothing,Winter Jacket,"not as advertised, very frustrating purchase. Wish I'd read reviews first.",1,2024-12-08,Yes,1,advertised frustrating purchase wish read reviews first,Negative,-0.0591,Negative,2024-12
REV003922,BOO1856,Books,Mystery Novel,"does what it says, no major complaints. Still testing it out.   <br>  ",3,2023-09-01,No,0,what says major complaints still testing out,Positive,0.0903,Neutral,2023-09
REV002073,SPO1778,Sports & Outdoors,Yoga Mat,"amazing value for the price, very happy with this purchase. Five stars from me.",5,2023-05-26,Yes,1,amazing value price happy purchase five stars me,Positive,0.8805,Positive,2023-05
REV002682,SPO1944,Sports & Outdoors,Yoga Mat,"superb product, will definitely buy again. Five stars from me.",5,2024-07-08,Yes,4,superb product definitely buy again five stars me,Positive,0.7783,Positive,2024-07
REV000471,HOM1969,Home & Kitchen,Air Fryer,"superb product, will definitely buy again. Fast shipping too!",5,2023-09-20,No,2,superb product definitely buy again fast shipping too,Positive,0.7959,Positive,2023-09
REV000558,CLO1033,Clothing,Running Shoes,"it's fine, though the packaging could be better.",3,2024-11-12,Yes,0,fine though packaging better,Positive,0.5719,Neutral,2024-11
REV002039,SPO1709,Sports & Outdoors,Hiking Backpack,"decent for the price, but not amazing. Might update this review later.",3,2023-12-19,Yes,0,decent price amazing might update review later,Negative,-0.6259,Neutral,2023-12
REV002342,HOM1284,Home & Kitchen,Air Fryer,"average product, met basic expectations. We'll see how it holds up.",3,2023-11-09,Yes,4,average product met basic expectations ll see how holds up,Neutral,0.0,Neutral,2023-11
REV002821,ELE1348,Electronics,Laptop Stand,"poor quality, not worth the money at all. Very frustrating.",2,2024-06-16,Yes,1,poor quality worth money all frustrating,Negative,-0.7881,Negative,2024-06
REV003866,HOM1794,Home & Kitchen,Coffee Maker,"not as advertised, very frustrating purchase.",2,2023-06-26,Yes,0,advertised frustrating purchase,Negative,-0.4927,Negative,2023-06
REV001263,ELE1087,Electronics,Power Bank,"amazing value for the price, very happy with this purchase. Five stars from me.",5,2024-10-16,Yes,1,amazing value price happy purchase five stars me,Positive,0.8805,Positive,2024-10
REV003962,SPO1390,Sports & Outdoors,Water Bottle,"decent for the price, but not amazing.",3,2024-02-01,Yes,0,decent price amazing,Negative,-0.6259,Neutral,2024-02
REV003237,HOM1071,Home & Kitchen,Blender,"does not match the description, quite misleading. Would not recommend to anyone.",1,2024-12-03,Yes,1,match description quite misleading recommend anyone,Negative,-0.6253,Negative,2024-12
REV001023,CLO1902,Clothing,Winter Jacket,arrived defective and customer support was unhelpful. Would not recommend to anyone.,1,2024-07-11,Yes,1,arrived defective customer support unhelpful recommend anyone,Negative,-0.3204,Negative,2024-07
REV000121,BOO1133,Books,Cookbook,"great quality and works perfectly, highly recommend. Five stars from me.",5,2023-07-10,No,0,great quality works perfectly highly recommend five stars me,Positive,0.902,Positive,2023-07
REV000906,ELE1361,Electronics,Power Bank,"average product, met basic expectations.",3,2023-08-12,No,2,average product met basic expectations,Neutral,0.0,Neutral,2023-08
REV001307,HOM1459,Home & Kitchen,Blender,"not bad, not great, just an average item.",3,2024-01-27,Yes,0,bad great average item,Positive,0.6754,Neutral,2024-01
REV001389,SPO1631,Sports & Outdoors,Water Bottle,"outstanding performance, worth every penny.",4,2023-10-11,Yes,0,outstanding performance worth every penny,Positive,0.7096,Positive,2023-10
REV001335,ELE1608,Electronics,Power Bank,"reasonable quality, similar to other products in this range. We'll see how it holds up.",3,2024-04-16,Yes,0,reasonable quality similar other products range ll see how holds up,Neutral,0.0,Neutral,2024-04
REV002559,ELE1650,Electronics,Bluetooth Speaker,"excellent build quality, arrived quickly and works great. Fast shipping too!",5,2024-03-27,Yes,2,excellent build quality arrived quickly works great fast shipping too,Positive,0.8439,Positive,2024-03
REV002228,BEA1899,Beauty,Sunscreen SPF50,"poor quality, not worth the money at all. Very frustrating.",2,2023-01-05,Yes,7,poor quality worth money all frustrating,Negative,-0.7881,Negative,2023-01
REV001936,CLO1847,Clothing,Yoga Pants,"average product, met basic expectations. Might update this review later.",3,2023-06-20,No,2,average product met basic expectations might update review later,Neutral,0.0,Neutral,2023-06
REV003995,CLO1296,Clothing,Denim Jeans,"worst purchase I've made this year, do not recommend. Asked for a refund.",1,2024-05-17,Yes,7,worst purchase ve made year recommend asked refund,Negative,-0.7359,Negative,2024-05
REV001560,BEA1647,Beauty,Face Moisturizer,"reasonable quality, similar to other products in this range. Still testing it out.   <br>  ",3,2023-03-28,Yes,1,reasonable quality similar other products range still testing out,Neutral,0.0,Neutral,2023-03
REV003232,BOO1763,Books,Cookbook,"great quality and works perfectly, highly recommend.",5,2023-09-07,Yes,3,great quality works perfectly highly recommend,Positive,0.902,Positive,2023-09
REV000816,SPO1445,Sports & Outdoors,Water Bottle,"poor quality, not worth the money at all. Asked for a refund.",2,2023-10-19,Yes,3,poor quality worth money all asked refund,Negative,-0.5812,Negative,2023-10
REV000864,SPO1417,Sports & Outdoors,Water Bottle,"excellent build quality, arrived quickly and works great.",5,2023-04-13,No,1,excellent build quality arrived quickly works great,Positive,0.8316,Positive,2023-04
REV001083,SPO1138,Sports & Outdoors,Hiking Backpack,"absolutely love this product, exceeded my expectations. My whole family loves it.",5,2023-04-30,Yes,5,absolutely love product exceeded expectations whole family loves,Positive,0.8479,Positive,2023-04
REV001209,CLO1708,Clothing,Winter Jacket,"terrible experience, item arrived damaged. Very frustrating.",1,2023-03-05,Yes,0,terrible experience item arrived damaged frustrating,Negative,-0.8479,Negative,2023-03
REV001290,CLO1799,Clothing,Running Shoes,"excellent build quality, arrived quickly and works great. Five stars from me.",5,2024-10-31,Yes,1,excellent build quality arrived quickly works great five stars me,Positive,0.8316,Positive,2024-10
REV001858,BOO1516,Books,Mystery Novel,"regret buying this, quality is really bad. Would not recommend to anyone.",1,2023-10-12,No,1,regret buying quality bad recommend anyone,Negative,-0.8273,Negative,2023-10
REV000096,CLO1532,Clothing,Denim Jeans,"it's okay, does the job but nothing special. We'll see how it holds up.",3,2024-08-28,Yes,0,okay job nothing special ll see how holds up,Negative,-0.3479,Neutral,2024-08
REV003839,CLO1476,Clothing,Running Shoes,"absolutely love this product, exceeded my expectations. My whole family loves it.",5,2024-07-29,Yes,1,absolutely love product exceeded expectations whole family loves,Positive,0.8479,Positive,2024-07
REV002429,BEA1015,Beauty,Sunscreen SPF50,"it's fine, though the packaging could be better. Still testing it out.",3,2023-07-16,Yes,0,fine though packaging better still testing out,Positive,0.5719,Neutral,2023-07
REV000605,ELE1776,Electronics,Wireless Earbuds,perfect fit and great customer service too.,5,2024-05-08,Yes,3,perfect fit great customer service too,Positive,0.8834,Positive,2024-05
REV003897,BOO1659,Books,Self-Help Guide,"poor quality, not worth the money at all. Wish I'd read reviews first.",1,2024-07-30,No,0,poor quality worth money all wish read reviews first,Negative,-0.2654,Negative,2024-07
REV002115,HOM1473,Home & Kitchen,Non-Stick Pan Set,"does not match the description, quite misleading. Very frustrating.",1,2023-09-15,Yes,0,match description quite misleading frustrating,Negative,-0.7543,Negative,2023-09
REV000551,BEA1270,Beauty,Face Moisturizer,"absolutely love this product, exceeded my expectations.",5,2024-09-02,Yes,1,absolutely love product exceeded expectations,Positive,0.6697,Positive,2024-09
REV003220,CLO1468,Clothing,Denim Jeans,"gets the job done, nothing more nothing less. Might update this review later.",3,2024-10-17,Yes,0,gets job done nothing more nothing less might update review later,Neutral,0.0,Neutral,2024-10
REV002300,BOO1082,Books,Business Book,"great quality and works perfectly, highly recommend. Five stars from me.",5,2024-12-22,No,2,great quality works perfectly highly recommend five stars me,Positive,0.902,Positive,2024-12
REV000476,CLO1006,Clothing,Cotton T-Shirt,"amazing value for the price, very happy with this purchase. My whole family loves it.",4,2024-03-26,Yes,2,amazing value price happy purchase whole family loves,Positive,0.9312,Positive,2024-03
REV001500,HOM1763,Home & Kitchen,Air Fryer,"great quality and works perfectly, highly recommend. Would buy again.   <br>  ",5,2024-10-22,No,12,great quality works perfectly highly recommend buy again,Positive,0.902,Positive,2024-10
REV000213,ELE1706,Electronics,Smartwatch,"amazing value for the price, very happy with this purchase.",5,2024-01-03,No,0,amazing value price happy purchase,Positive,0.8805,Positive,2024-01
REV003513,BEA1142,Beauty,Face Moisturizer,"broke within a week, waste of money.",1,2024-04-29,Yes,2,broke within week waste money,Negative,-0.6808,Negative,2024-04
REV003762,SPO1753,Sports & Outdoors,Water Bottle,"amazing value for the price, very happy with this purchase. Five stars from me.",5,2023-09-13,No,10,amazing value price happy purchase five stars me,Positive,0.8805,Positive,2023-09
REV001589,BEA1199,Beauty,Shampoo,acceptable quality for casual use. Still testing it out.,3,2023-06-21,Yes,0,acceptable quality casual use still testing out,Positive,0.4767,Neutral,2023-06
REV002025,SPO1923,Sports & Outdoors,Hiking Backpack,works flawlessly and looks even better in person. Five stars from me.,5,2023-04-23,Yes,0,works flawlessly looks even better person five stars me,Positive,0.5719,Positive,2023-04
REV002379,BOO1025,Books,Cookbook,"gets the job done, nothing more nothing less. Might update this review later.",3,2023-07-22,Yes,0,gets job done nothing more nothing less might update review later,Neutral,0.0,Neutral,2023-07
REV002481,BOO1542,Books,Self-Help Guide,"it's okay, does the job but nothing special.",3,2023-03-23,Yes,1,okay job nothing special,Negative,-0.3479,Neutral,2023-03
REV000277,SPO1182,Sports & Outdoors,Resistance Bands,"terrible experience, item arrived damaged. Asked for a refund.",2,2023-08-25,Yes,3,terrible experience item arrived damaged asked refund,Negative,-0.7184,Negative,2023-08
REV000506,SPO1565,Sports & Outdoors,Yoga Mat,"amazing value for the price, very happy with this purchase.",5,2024-02-29,Yes,0,amazing value price happy purchase,Positive,0.8805,Positive,2024-02
REV001336,BOO1651,Books,Sci-Fi Trilogy,"regret buying this, quality is really bad. Asked for a refund.",1,2024-04-28,Yes,0,regret buying quality bad asked refund,Negative,-0.7645,Negative,2024-04
REV003672,CLO1191,Clothing,Yoga Pants,"superb product, will definitely buy again. Fast shipping too!",5,2023-11-05,Yes,0,superb product definitely buy again fast shipping too,Positive,0.7959,Positive,2023-11
REV002340,ELE1554,Electronics,Bluetooth Speaker,"superb product, will definitely buy again. Five stars from me.",5,2023-12-11,Yes,0,superb product definitely buy again five stars me,Positive,0.7783,Positive,2023-12
REV000902,CLO1493,Clothing,Winter Jacket,"outstanding performance, worth every penny. My whole family loves it.",4,2024-04-30,Yes,11,outstanding performance worth every penny whole family loves,Positive,0.8625,Positive,2024-04
REV000449,ELE1937,Electronics,Wireless Earbuds,"broke within a week, waste of money. Asked for a refund.",1,2024-12-12,Yes,3,broke within week waste money asked refund,Negative,-0.6808,Negative,2024-12
REV001410,BEA1632,Beauty,Face Moisturizer,works flawlessly and looks even better in person.,5,2024-10-04,No,1,works flawlessly looks even better person,Positive,0.5719,Positive,2024-10
REV002535,SPO1921,Sports & Outdoors,Camping Tent,works flawlessly and looks even better in person.,5,2023-11-22,Yes,11,works flawlessly looks even better person,Positive,0.5719,Positive,2023-11
REV003597,BOO1033,Books,Mystery Novel,"very satisfied, the quality exceeded what I paid for. Would buy again.",5,2023-05-19,Yes,0,satisfied quality exceeded what paid buy again,Positive,0.4754,Positive,2023-05
REV000990,ELE1993,Electronics,Wireless Earbuds,"amazing value for the price, very happy with this purchase. Five stars from me.",5,2024-07-04,Yes,4,amazing value price happy purchase five stars me,Positive,0.8805,Positive,2024-07
REV000304,BEA1448,Beauty,Shampoo,"it's fine, though the packaging could be better. We'll see how it holds up.",3,2023-03-30,Yes,0,fine though packaging better ll see how holds up,Positive,0.5719,Neutral,2023-03
REV003560,SPO1013,Sports & Outdoors,Water Bottle,"outstanding performance, worth every penny. Five stars from me.",5,2024-10-13,Yes,6,outstanding performance worth every penny five stars me,Positive,0.7096,Positive,2024-10
REV003766,SPO1218,Sports & Outdoors,Camping Tent,"not as advertised, very frustrating purchase. Would not recommend to anyone.",1,2024-05-15,Yes,2,advertised frustrating purchase recommend anyone,Negative,-0.6489,Negative,2024-05
REV003940,ELE1431,Electronics,Wireless Earbuds,"this is fantastic, exactly what I needed.",4,2024-09-01,Yes,2,fantastic exactly what needed,Positive,0.5574,Positive,2024-09
REV002989,BEA1656,Beauty,Lip Balm Set,"great quality and works perfectly, highly recommend. My whole family loves it.",5,2024-07-27,Yes,0,great quality works perfectly highly recommend whole family loves,Positive,0.9412,Positive,2024-07
REV001997,BOO1573,Books,Business Book,"amazing value for the price, very happy with this purchase.",5,2023-03-19,Yes,1,amazing value price happy purchase,Positive,0.8805,Positive,2023-03
REV002116,HOM1244,Home & Kitchen,Non-Stick Pan Set,"does what it says, no major complaints.",3,2023-07-14,Yes,2,what says major complaints,Positive,0.0903,Neutral,2023-07
REV002068,CLO1823,Clothing,Yoga Pants,"absolutely love this product, exceeded my expectations. Would buy again.",5,2024-06-24,Yes,8,absolutely love product exceeded expectations buy again,Positive,0.6697,Positive,2024-06
REV001902,CLO1315,Clothing,Denim Jeans,"not bad, not great, just an average item. Might update this review later.",3,2023-02-24,Yes,0,bad great average item might update review later,Positive,0.6754,Neutral,2023-02
REV000325,SPO1703,Sports & Outdoors,Hiking Backpack,cheaply made and feels flimsy. Asked for a refund.,1,2023-03-18,Yes,2,cheaply made feels flimsy asked refund,Neutral,0.0,Negative,2023-03
REV003333,ELE1043,Electronics,Laptop Stand,works flawlessly and looks even better in person. Would buy again.,5,2023-06-08,No,0,works flawlessly looks even better person buy again,Positive,0.5719,Positive,2023-06
REV003898,BOO1707,Books,Self-Help Guide,"superb product, will definitely buy again.",5,2024-01-21,Yes,3,superb product definitely buy again,Positive,0.7783,Positive,2024-01
REV001434,SPO1087,Sports & Outdoors,Resistance Bands,"does not match the description, quite misleading.",2,2024-03-30,Yes,0,match description quite misleading,Negative,-0.4576,Negative,2024-03
REV003473,ELE1045,Electronics,Power Bank,acceptable quality for casual use. Still testing it out.,3,2024-04-14,Yes,1,acceptable quality casual use still testing out,Positive,0.4767,Neutral,2024-04
REV002103,SPO1108,Sports & Outdoors,Yoga Mat,"reasonable quality, similar to other products in this range. We'll see how it holds up.",3,2023-06-24,Yes,0,reasonable quality similar other products range ll see how holds up,Neutral,0.0,Neutral,2023-06
REV003012,BOO1444,Books,Cookbook,"very disappointed, stopped working after a few days. Wish I'd read reviews first.",2,2023-03-16,No,7,disappointed stopped working after few days wish read reviews first,Negative,-0.4351,Negative,2023-03
REV002980,CLO1183,Clothing,Running Shoes,"works fine so far, will update if anything changes. Might update this review later.",3,2024-12-22,Yes,1,works fine far update anything changes might update review later,Positive,0.2023,Neutral,2024-12
REV003945,BEA1596,Beauty,Hair Dryer,perfect fit and great customer service too. My whole family loves it.   <br>  ,4,2023-12-02,Yes,1,perfect fit great customer service too whole family loves,Positive,0.9325,Positive,2023-12
REV000151,CLO1243,Clothing,Cotton T-Shirt,"not as advertised, very frustrating purchase. Asked for a refund.",2,2024-05-24,Yes,0,advertised frustrating purchase asked refund,Negative,-0.4927,Negative,2024-05
REV003715,BEA1596,Beauty,Sunscreen SPF50,"does not match the description, quite misleading. Would not recommend to anyone.",1,2024-02-01,No,5,match description quite misleading recommend anyone,Negative,-0.6253,Negative,2024-02
REV003956,ELE1057,Electronics,Smartwatch,"amazing value for the price, very happy with this purchase.",5,2023-08-11,Yes,0,amazing value price happy purchase,Positive,0.8805,Positive,2023-08
REV001122,CLO1669,Clothing,Yoga Pants,"works fine so far, will update if anything changes. We'll see how it holds up.",3,2023-04-26,Yes,0,works fine far update anything changes ll see how holds up,Positive,0.2023,Neutral,2023-04
REV003724,SPO1008,Sports & Outdoors,Water Bottle,works flawlessly and looks even better in person. Fast shipping too!   <br>  ,5,2023-05-08,Yes,7,works flawlessly looks even better person fast shipping too,Positive,0.6114,Positive,2023-05
REV001131,ELE1875,Electronics,Bluetooth Speaker,"this is fantastic, exactly what I needed. My whole family loves it.",5,2023-06-29,No,0,fantastic exactly what needed whole family loves,Positive,0.8074,Positive,2023-06
REV002792,CLO1811,Clothing,Cotton T-Shirt,"superb product, will definitely buy again.",4,2024-05-17,Yes,0,superb product definitely buy again,Positive,0.7783,Positive,2024-05
REV003748,ELE1271,Electronics,Power Bank,"excellent build quality, arrived quickly and works great. Five stars from me.",4,2024-05-06,Yes,0,excellent build quality arrived quickly works great five stars me,Positive,0.8316,Positive,2024-05
REV002798,BOO1407,Books,Mystery Novel,"absolutely love this product, exceeded my expectations. Five stars from me.",5,2023-12-26,Yes,2,absolutely love product exceeded expectations five stars me,Positive,0.6697,Positive,2023-12
REV002804,BEA1613,Beauty,Shampoo,arrived defective and customer support was unhelpful. Very frustrating.   <br>  ,1,2024-12-20,Yes,4,arrived defective customer support unhelpful frustrating,Negative,-0.5256,Negative,2024-12
REV001049,BEA1544,Beauty,Shampoo,"absolutely love this product, exceeded my expectations.",5,2024-12-06,Yes,0,absolutely love product exceeded expectations,Positive,0.6697,Positive,2024-12
REV000812,ELE1454,Electronics,Power Bank,perfect fit and great customer service too. Would buy again.,5,2024-05-09,Yes,1,perfect fit great customer service too buy again,Positive,0.8834,Positive,2024-05
REV002710,CLO1138,Clothing,Yoga Pants,"superb product, will definitely buy again. Fast shipping too!",5,2023-11-07,Yes,0,superb product definitely buy again fast shipping too,Positive,0.7959,Positive,2023-11
REV001558,BEA1216,Beauty,Face Moisturizer,"outstanding performance, worth every penny. My whole family loves it.",5,2024-03-15,Yes,0,outstanding performance worth every penny whole family loves,Positive,0.8625,Positive,2024-03
REV001064,ELE1403,Electronics,Bluetooth Speaker,"this is fantastic, exactly what I needed. Five stars from me.",5,2024-05-22,No,0,fantastic exactly what needed five stars me,Positive,0.5574,Positive,2024-05
REV003155,ELE1207,Electronics,Power Bank,"excellent build quality, arrived quickly and works great. Five stars from me.",5,2024-08-30,Yes,5,excellent build quality arrived quickly works great five stars me,Positive,0.8316,Positive,2024-08
REV002304,HOM1889,Home & Kitchen,Vacuum Cleaner,"it's okay, does the job but nothing special. Might update this review later.",3,2024-05-30,No,1,okay job nothing special might update review later,Negative,-0.3479,Neutral,2024-05
REV002983,ELE1908,Electronics,Smartwatch,"decent for the price, but not amazing. Might update this review later.",3,2024-07-23,Yes,0,decent price amazing might update review later,Negative,-0.6259,Neutral,2024-07
REV000870,BOO1006,Books,Self-Help Guide,"outstanding performance, worth every penny.",5,2023-12-09,Yes,4,outstanding performance worth every penny,Positive,0.7096,Positive,2023-12
REV003914,ELE1585,Electronics,Wireless Earbuds,perfect fit and great customer service too. My whole family loves it.,4,2023-06-20,Yes,3,perfect fit great customer service too whole family loves,Positive,0.9325,Positive,2023-06
REV000893,BEA1672,Beauty,Hair Dryer,"does not match the description, quite misleading. Very frustrating.",2,2023-10-07,Yes,0,match description quite misleading frustrating,Negative,-0.7543,Negative,2023-10
REV002922,BEA1477,Beauty,Hair Dryer,"not bad, not great, just an average item.",3,2023-09-12,No,0,bad great average item,Positive,0.6754,Neutral,2023-09
REV002662,HOM1073,Home & Kitchen,Air Fryer,"absolutely love this product, exceeded my expectations.",4,2023-07-21,No,0,absolutely love product exceeded expectations,Positive,0.6697,Positive,2023-07
REV001404,BOO1829,Books,Sci-Fi Trilogy,works flawlessly and looks even better in person. Fast shipping too!,5,2024-01-10,Yes,0,works flawlessly looks even better person fast shipping too,Positive,0.6114,Positive,2024-01
REV001101,HOM1555,Home & Kitchen,Blender,"not bad, not great, just an average item. Still testing it out.",3,2023-01-14,No,4,bad great average item still testing out,Positive,0.6754,Neutral,2023-01
REV002437,HOM1666,Home & Kitchen,Blender,"poor quality, not worth the money at all. Would not recommend to anyone.",1,2024-01-30,Yes,4,poor quality worth money all recommend anyone,Negative,-0.7074,Negative,2024-01
REV002985,SPO1640,Sports & Outdoors,Yoga Mat,"not bad, not great, just an average item.",3,2023-05-26,Yes,0,bad great average item,Positive,0.6754,Neutral,2023-05
REV002455,BOO1502,Books,Self-Help Guide,"works fine so far, will update if anything changes. We'll see how it holds up.",3,2024-03-18,Yes,0,works fine far update anything changes ll see how holds up,Positive,0.2023,Neutral,2024-03
REV001316,HOM1249,Home & Kitchen,Coffee Maker,"absolutely love this product, exceeded my expectations. My whole family loves it.",5,2023-02-03,Yes,3,absolutely love product exceeded expectations whole family loves,Positive,0.8479,Positive,2023-02
REV002843,ELE1972,Electronics,Bluetooth Speaker,"very disappointed, stopped working after a few days. Wish I'd read reviews first.",1,2024-05-30,Yes,0,disappointed stopped working after few days wish read reviews first,Negative,-0.4351,Negative,2024-05
REV002764,SPO1953,Sports & Outdoors,Hiking Backpack,"superb product, will definitely buy again. Five stars from me.",5,2024-11-26,Yes,0,superb product definitely buy again five stars me,Positive,0.7783,Positive,2024-11
REV001135,CLO1035,Clothing,Denim Jeans,"worst purchase I've made this year, do not recommend. Wish I'd read reviews first.",1,2024-11-25,Yes,4,worst purchase ve made year recommend wish read reviews first,Negative,-0.816,Negative,2024-11
REV001649,HOM1421,Home & Kitchen,Vacuum Cleaner,"worst purchase I've made this year, do not recommend. Would not recommend to anyone.",2,2024-07-05,No,5,worst purchase ve made year recommend recommend anyone,Negative,-0.8085,Negative,2024-07
REV001024,HOM1586,Home & Kitchen,Air Fryer,"works fine so far, will update if anything changes. We'll see how it holds up.",3,2024-02-17,Yes,0,works fine far update anything changes ll see how holds up,Positive,0.2023,Neutral,2024-02
REV003104,ELE1968,Electronics,Smartwatch,"not as advertised, very frustrating purchase. Very frustrating.",1,2024-09-12,Yes,0,advertised frustrating purchase frustrating,Negative,-0.7496,Negative,2024-09
REV003809,HOM1222,Home & Kitchen,Air Fryer,"great quality and works perfectly, highly recommend. Would buy again.",5,2024-07-23,Yes,0,great quality works perfectly highly recommend buy again,Positive,0.902,Positive,2024-07
REV000247,SPO1407,Sports & Outdoors,Camping Tent,"superb product, will definitely buy again. My whole family loves it.",5,2023-04-20,Yes,0,superb product definitely buy again whole family loves,Positive,0.8885,Positive,2023-04
REV000146,BOO1993,Books,Mystery Novel,"reasonable quality, similar to other products in this range.",3,2023-05-30,Yes,1,reasonable quality similar other products range,Neutral,0.0,Neutral,2023-05
REV000796,BOO1674,Books,Cookbook,"regret buying this, quality is really bad. Very frustrating.",1,2024-05-08,No,2,regret buying quality bad frustrating,Negative,-0.8764,Negative,2024-05
REV003201,BEA1779,Beauty,Hair Dryer,"great quality and works perfectly, highly recommend. Would buy again.",5,2024-03-06,No,5,great quality works perfectly highly recommend buy again,Positive,0.902,Positive,2024-03
REV000590,ELE1296,Electronics,Laptop Stand,"works fine so far, will update if anything changes.   <br>  ",3,2024-02-12,No,0,works fine far update anything changes,Positive,0.2023,Neutral,2024-02
REV002671,SPO1097,Sports & Outdoors,Water Bottle,"very satisfied, the quality exceeded what I paid for.",5,2023-08-13,No,1,satisfied quality exceeded what paid,Positive,0.4754,Positive,2023-08
REV000074,BEA1571,Beauty,Lip Balm Set,"absolutely love this product, exceeded my expectations. Five stars from me.",4,2024-10-28,No,1,absolutely love product exceeded expectations five stars me,Positive,0.6697,Positive,2024-10
REV000461,HOM1135,Home & Kitchen,Non-Stick Pan Set,"not bad, not great, just an average item. Might update this review later.",3,2024-04-14,No,0,bad great average item might update review later,Positive,0.6754,Neutral,2024-04
REV000487,HOM1697,Home & Kitchen,Coffee Maker,acceptable quality for casual use. Might update this review later.,3,2024-06-28,Yes,0,acceptable quality casual use might update review later,Positive,0.4767,Neutral,2024-06
REV000447,ELE1211,Electronics,Bluetooth Speaker,"poor quality, not worth the money at all. Wish I'd read reviews first.",2,2023-02-20,Yes,2,poor quality worth money all wish read reviews first,Negative,-0.2654,Negative,2023-02
REV002139,ELE1811,Electronics,Smartwatch,"poor quality, not worth the money at all. Would not recommend to anyone.",2,2023-10-26,Yes,1,poor quality worth money all recommend anyone,Negative,-0.7074,Negative,2023-10
REV001230,CLO1638,Clothing,Cotton T-Shirt,cheaply made and feels flimsy. Would not recommend to anyone.,2,2024-12-07,Yes,4,cheaply made feels flimsy recommend anyone,Negative,-0.2755,Negative,2024-12
REV000493,HOM1765,Home & Kitchen,Vacuum Cleaner,"great quality and works perfectly, highly recommend.",5,2023-11-17,Yes,5,great quality works perfectly highly recommend,Positive,0.902,Positive,2023-11
REV000171,CLO1216,Clothing,Denim Jeans,"terrible experience, item arrived damaged. Wish I'd read reviews first.",2,2024-08-16,Yes,9,terrible experience item arrived damaged wish read reviews first,Negative,-0.5106,Negative,2024-08
REV003694,HOM1944,Home & Kitchen,Non-Stick Pan Set,perfect fit and great customer service too. Fast shipping too!,5,2024-03-07,Yes,0,perfect fit great customer service too fast shipping too,Positive,0.8908,Positive,2024-03
REV003931,CLO1387,Clothing,Denim Jeans,"this is fantastic, exactly what I needed. Fast shipping too!",5,2024-05-26,Yes,4,fantastic exactly what needed fast shipping too,Positive,0.5983,Positive,2024-05
REV002105,HOM1933,Home & Kitchen,Vacuum Cleaner,"outstanding performance, worth every penny.",4,2024-06-15,Yes,2,outstanding performance worth every penny,Positive,0.7096,Positive,2024-06
REV002453,BEA1410,Beauty,Face Moisturizer,"superb product, will definitely buy again. Fast shipping too!",5,2024-11-06,No,2,superb product definitely buy again fast shipping too,Positive,0.7959,Positive,2024-11
REV001266,BEA1071,Beauty,Lip Balm Set,"it's okay, does the job but nothing special. Still testing it out.",3,2024-05-09,No,0,okay job nothing special still testing out,Negative,-0.3479,Neutral,2024-05
REV002648,BEA1553,Beauty,Face Moisturizer,"this is fantastic, exactly what I needed. My whole family loves it.",5,2024-01-24,Yes,6,fantastic exactly what needed whole family loves,Positive,0.8074,Positive,2024-01
REV001016,BEA1103,Beauty,Shampoo,"broke within a week, waste of money. Very frustrating.   <br>  ",1,2023-05-28,Yes,1,broke within week waste money frustrating,Negative,-0.8313,Negative,2023-05
REV003419,BOO1670,Books,Cookbook,"it's okay, does the job but nothing special.",3,2023-07-19,Yes,3,okay job nothing special,Negative,-0.3479,Neutral,2023-07
REV000098,BOO1023,Books,Business Book,"reasonable quality, similar to other products in this range.   <br>  ",3,2023-03-01,Yes,1,reasonable quality similar other products range,Neutral,0.0,Neutral,2023-03
REV003189,BOO1704,Books,Cookbook,"this is fantastic, exactly what I needed. Fast shipping too!",5,2023-10-15,No,9,fantastic exactly what needed fast shipping too,Positive,0.5983,Positive,2023-10
REV003274,HOM1732,Home & Kitchen,Vacuum Cleaner,"very satisfied, the quality exceeded what I paid for. Five stars from me.   <br>  ",5,2024-01-25,No,6,satisfied quality exceeded what paid five stars me,Positive,0.4754,Positive,2024-01
REV003943,HOM1751,Home & Kitchen,Vacuum Cleaner,"very satisfied, the quality exceeded what I paid for. Would buy again.",5,2024-10-28,Yes,1,satisfied quality exceeded what paid buy again,Positive,0.4754,Positive,2024-10
REV002372,ELE1380,Electronics,Wireless Earbuds,"this is fantastic, exactly what I needed. My whole family loves it.",4,2024-03-23,Yes,1,fantastic exactly what needed whole family loves,Positive,0.8074,Positive,2024-03
REV001218,ELE1450,Electronics,Smartwatch,"superb product, will definitely buy again. Would buy again.",4,2024-01-08,Yes,0,superb product definitely buy again buy again,Positive,0.7783,Positive,2024-01
REV001773,CLO1308,Clothing,Running Shoes,"not as advertised, very frustrating purchase. Wish I'd read reviews first.",2,2024-08-19,Yes,0,advertised frustrating purchase wish read reviews first,Negative,-0.0591,Negative,2024-08
REV001468,HOM1493,Home & Kitchen,Coffee Maker,arrived defective and customer support was unhelpful. Wish I'd read reviews first.,1,2024-08-01,Yes,5,arrived defective customer support unhelpful wish read reviews first,Positive,0.3612,Negative,2024-08
REV001750,BEA1592,Beauty,Face Moisturizer,"outstanding performance, worth every penny. Would buy again.",5,2024-09-28,No,2,outstanding performance worth every penny buy again,Positive,0.7096,Positive,2024-09
REV003859,BEA1232,Beauty,Shampoo,"not as advertised, very frustrating purchase. Wish I'd read reviews first.",2,2023-09-23,Yes,1,advertised frustrating purchase wish read reviews first,Negative,-0.0591,Negative,2023-09
REV001479,SPO1068,Sports & Outdoors,Hiking Backpack,"absolutely love this product, exceeded my expectations. My whole family loves it.",5,2023-09-05,Yes,4,absolutely love product exceeded expectations whole family loves,Positive,0.8479,Positive,2023-09
REV003601,HOM1356,Home & Kitchen,Blender,"does not match the description, quite misleading. Wish I'd read reviews first.",1,2023-02-12,Yes,3,match description quite misleading wish read reviews first,Neutral,-0.0038,Negative,2023-02
REV003846,BEA1535,Beauty,Shampoo,"not bad, not great, just an average item. Still testing it out.",3,2023-06-01,Yes,1,bad great average item still testing out,Positive,0.6754,Neutral,2023-06
REV003623,HOM1408,Home & Kitchen,Vacuum Cleaner,"amazing value for the price, very happy with this purchase. Five stars from me.",4,2023-05-23,Yes,0,amazing value price happy purchase five stars me,Positive,0.8805,Positive,2023-05
REV001891,SPO1496,Sports & Outdoors,Camping Tent,"reasonable quality, similar to other products in this range. Still testing it out.",3,2024-09-15,Yes,0,reasonable quality similar other products range still testing out,Neutral,0.0,Neutral,2024-09
REV000099,BOO1011,Books,Self-Help Guide,"decent for the price, but not amazing. We'll see how it holds up.",3,2024-06-13,Yes,1,decent price amazing ll see how holds up,Negative,-0.6259,Neutral,2024-06
REV003141,HOM1549,Home & Kitchen,Coffee Maker,"amazing value for the price, very happy with this purchase. Would buy again.",5,2024-01-21,Yes,3,amazing value price happy purchase buy again,Positive,0.8805,Positive,2024-01
REV002473,SPO1714,Sports & Outdoors,Hiking Backpack,perfect fit and great customer service too.,5,2024-04-02,Yes,0,perfect fit great customer service too,Positive,0.8834,Positive,2024-04
REV002345,SPO1169,Sports & Outdoors,Resistance Bands,"excellent build quality, arrived quickly and works great.   <br>  ",4,2024-11-28,Yes,0,excellent build quality arrived quickly works great,Positive,0.8316,Positive,2024-11
REV002786,SPO1295,Sports & Outdoors,Hiking Backpack,"reasonable quality, similar to other products in this range. Might update this review later.",3,2024-12-22,Yes,0,reasonable quality similar other products range might update review later,Neutral,0.0,Neutral,2024-12
REV000348,SPO1792,Sports & Outdoors,Resistance Bands,"terrible experience, item arrived damaged. Would not recommend to anyone.",1,2023-11-29,No,1,terrible experience item arrived damaged recommend anyone,Negative,-0.797,Negative,2023-11
REV002951,ELE1666,Electronics,Smartwatch,perfect fit and great customer service too. My whole family loves it.,4,2024-10-28,Yes,0,perfect fit great customer service too whole family loves,Positive,0.9325,Positive,2024-10
REV000602,BEA1914,Beauty,Sunscreen SPF50,acceptable quality for casual use. Still testing it out.   <br>  ,3,2023-02-18,No,0,acceptable quality casual use still testing out,Positive,0.4767,Neutral,2023-02
REV003048,ELE1945,Electronics,Smartwatch,"absolutely love this product, exceeded my expectations.",5,2024-02-17,Yes,0,absolutely love product exceeded expectations,Positive,0.6697,Positive,2024-02
REV003222,CLO1626,Clothing,Cotton T-Shirt,arrived defective and customer support was unhelpful. Would not recommend to anyone.   <br>  ,2,2024-05-21,Yes,10,arrived defective customer support unhelpful recommend anyone,Negative,-0.3204,Negative,2024-05
REV000396,BOO1591,Books,Business Book,"poor quality, not worth the money at all. Asked for a refund.",2,2023-11-15,Yes,2,poor quality worth money all asked refund,Negative,-0.5812,Negative,2023-11
REV000427,ELE1912,Electronics,Smartwatch,"amazing value for the price, very happy with this purchase. Fast shipping too!",5,2023-03-17,Yes,2,amazing value price happy purchase fast shipping too,Positive,0.8881,Positive,2023-03
REV000022,ELE1445,Electronics,Wireless Earbuds,"this is fantastic, exactly what I needed. Would buy again.",5,2024-10-12,No,0,fantastic exactly what needed buy again,Positive,0.5574,Positive,2024-10
REV001584,BEA1002,Beauty,Shampoo,"this is fantastic, exactly what I needed. Five stars from me.",4,2024-07-06,Yes,1,fantastic exactly what needed five stars me,Positive,0.5574,Positive,2024-07
REV003598,SPO1923,Sports & Outdoors,Yoga Mat,"this is fantastic, exactly what I needed. Would buy again.",5,2024-12-30,Yes,5,fantastic exactly what needed buy again,Positive,0.5574,Positive,2024-12
REV003604,BOO1041,Books,Business Book,"amazing value for the price, very happy with this purchase. My whole family loves it.",5,2024-10-20,Yes,3,amazing value price happy purchase whole family loves,Positive,0.9312,Positive,2024-10
REV002301,HOM1090,Home & Kitchen,Blender,"outstanding performance, worth every penny. Fast shipping too!",4,2024-11-05,Yes,4,outstanding performance worth every penny fast shipping too,Positive,0.7345,Positive,2024-11
REV002287,HOM1295,Home & Kitchen,Vacuum Cleaner,"reasonable quality, similar to other products in this range. Still testing it out.",3,2024-07-18,Yes,3,reasonable quality similar other products range still testing out,Neutral,0.0,Neutral,2024-07
REV001865,ELE1422,Electronics,Wireless Earbuds,"broke within a week, waste of money.",2,2024-03-02,Yes,1,broke within week waste money,Negative,-0.6808,Negative,2024-03
REV000845,BOO1358,Books,Sci-Fi Trilogy,"worst purchase I've made this year, do not recommend. Asked for a refund.",1,2024-03-14,Yes,0,worst purchase ve made year recommend asked refund,Negative,-0.7359,Negative,2024-03
REV002894,SPO1016,Sports & Outdoors,Camping Tent,"excellent build quality, arrived quickly and works great. Fast shipping too!",4,2023-10-27,Yes,0,excellent build quality arrived quickly works great fast shipping too,Positive,0.8439,Positive,2023-10
REV002603,ELE1970,Electronics,Wireless Earbuds,"broke within a week, waste of money. Asked for a refund.",1,2024-06-21,Yes,0,broke within week waste money asked refund,Negative,-0.6808,Negative,2024-06
REV001221,ELE1051,Electronics,Wireless Earbuds,"it's fine, though the packaging could be better. We'll see how it holds up.   <br>  ",3,2023-12-12,No,0,fine though packaging better ll see how holds up,Positive,0.5719,Neutral,2023-12
REV003418,CLO1073,Clothing,Denim Jeans,"works fine so far, will update if anything changes. Might update this review later.",3,2023-11-20,Yes,0,works fine far update anything changes might update review later,Positive,0.2023,Neutral,2023-11
REV002594,CLO1920,Clothing,Yoga Pants,"this is fantastic, exactly what I needed.   <br>  ",4,2023-04-23,Yes,1,fantastic exactly what needed,Positive,0.5574,Positive,2023-04
REV000251,BEA1459,Beauty,Shampoo,"this is fantastic, exactly what I needed. Five stars from me.",5,2023-04-20,Yes,0,fantastic exactly what needed five stars me,Positive,0.5574,Positive,2023-04
REV000740,CLO1684,Clothing,Cotton T-Shirt,"superb product, will definitely buy again.",5,2023-10-03,Yes,0,superb product definitely buy again,Positive,0.7783,Positive,2023-10
REV002247,BOO1395,Books,Business Book,perfect fit and great customer service too. Five stars from me.,5,2024-03-03,No,16,perfect fit great customer service too five stars me,Positive,0.8834,Positive,2024-03
REV003485,BEA1484,Beauty,Sunscreen SPF50,"absolutely love this product, exceeded my expectations. Five stars from me.",5,2024-12-29,Yes,3,absolutely love product exceeded expectations five stars me,Positive,0.6697,Positive,2024-12
REV001510,BOO1841,Books,Business Book,"excellent build quality, arrived quickly and works great. Fast shipping too!",4,2023-07-21,Yes,1,excellent build quality arrived quickly works great fast shipping too,Positive,0.8439,Positive,2023-07
REV003503,CLO1191,Clothing,Cotton T-Shirt,"amazing value for the price, very happy with this purchase.",5,2023-11-20,Yes,0,amazing value price happy purchase,Positive,0.8805,Positive,2023-11
REV002946,ELE1033,Electronics,Smartwatch,"average product, met basic expectations. We'll see how it holds up.",3,2023-05-14,Yes,4,average product met basic expectations ll see how holds up,Neutral,0.0,Neutral,2023-05
REV003206,CLO1189,Clothing,Running Shoes,"it's fine, though the packaging could be better.",3,2023-01-28,Yes,1,fine though packaging better,Positive,0.5719,Neutral,2023-01
REV003802,CLO1913,Clothing,Denim Jeans,"absolutely love this product, exceeded my expectations.",5,2024-08-26,Yes,0,absolutely love product exceeded expectations,Positive,0.6697,Positive,2024-08
REV003038,BOO1921,Books,Sci-Fi Trilogy,"works fine so far, will update if anything changes. We'll see how it holds up.",3,2023-06-08,No,0,works fine far update anything changes ll see how holds up,Positive,0.2023,Neutral,2023-06
REV001847,ELE1500,Electronics,Smartwatch,"very satisfied, the quality exceeded what I paid for. Would buy again.",4,2024-09-18,Yes,0,satisfied quality exceeded what paid buy again,Positive,0.4754,Positive,2024-09
REV003089,BOO1432,Books,Cookbook,"this is fantastic, exactly what I needed. Would buy again.",5,2023-08-12,No,5,fantastic exactly what needed buy again,Positive,0.5574,Positive,2023-08
REV001183,SPO1842,Sports & Outdoors,Water Bottle,"very satisfied, the quality exceeded what I paid for. My whole family loves it.",5,2023-08-13,No,2,satisfied quality exceeded what paid whole family loves,Positive,0.7778,Positive,2023-08
REV000244,BEA1920,Beauty,Shampoo,cheaply made and feels flimsy. Very frustrating.,1,2023-05-08,Yes,9,cheaply made feels flimsy frustrating,Negative,-0.4927,Negative,2023-05
REV000067,ELE1543,Electronics,Bluetooth Speaker,"absolutely love this product, exceeded my expectations. My whole family loves it.",5,2024-12-30,No,10,absolutely love product exceeded expectations whole family loves,Positive,0.8479,Positive,2024-12
REV000659,ELE1902,Electronics,Smartwatch,"not bad, not great, just an average item. Might update this review later.",3,2024-06-28,No,0,bad great average item might update review later,Positive,0.6754,Neutral,2024-06
REV000934,ELE1978,Electronics,Wireless Earbuds,"absolutely love this product, exceeded my expectations. My whole family loves it.",4,2023-11-02,Yes,3,absolutely love product exceeded expectations whole family loves,Positive,0.8479,Positive,2023-11
REV002408,SPO1973,Sports & Outdoors,Water Bottle,"great quality and works perfectly, highly recommend. Five stars from me.",4,2023-08-21,Yes,4,great quality works perfectly highly recommend five stars me,Positive,0.902,Positive,2023-08
REV002144,ELE1846,Electronics,Smartwatch,"absolutely love this product, exceeded my expectations. My whole family loves it.",5,2024-11-19,Yes,1,absolutely love product exceeded expectations whole family loves,Positive,0.8479,Positive,2024-11
REV001656,BOO1383,Books,Cookbook,"does what it says, no major complaints.",3,2024-05-30,Yes,1,what says major complaints,Positive,0.0903,Neutral,2024-05
REV001529,BEA1424,Beauty,Lip Balm Set,"great quality and works perfectly, highly recommend. Would buy again.   <br>  ",4,2024-09-02,Yes,1,great quality works perfectly highly recommend buy again,Positive,0.902,Positive,2024-09
REV001497,BOO1058,Books,Business Book,"gets the job done, nothing more nothing less.",3,2024-01-17,Yes,0,gets job done nothing more nothing less,Neutral,0.0,Neutral,2024-01
REV003650,CLO1865,Clothing,Cotton T-Shirt,"average product, met basic expectations. Still testing it out.",3,2024-05-16,Yes,0,average product met basic expectations still testing out,Neutral,0.0,Neutral,2024-05
REV002570,BOO1057,Books,Business Book,"amazing value for the price, very happy with this purchase. Fast shipping too!",5,2023-09-28,Yes,1,amazing value price happy purchase fast shipping too,Positive,0.8881,Positive,2023-09
REV001345,BEA1951,Beauty,Lip Balm Set,perfect fit and great customer service too. Five stars from me.,5,2023-05-26,Yes,0,perfect fit great customer service too five stars me,Positive,0.8834,Positive,2023-05
REV001555,CLO1488,Clothing,Running Shoes,"outstanding performance, worth every penny. Fast shipping too!",5,2024-11-26,Yes,2,outstanding performance worth every penny fast shipping too,Positive,0.7345,Positive,2024-11
REV001433,BEA1960,Beauty,Hair Dryer,"absolutely love this product, exceeded my expectations. Would buy again.",5,2024-02-16,Yes,4,absolutely love product exceeded expectations buy again,Positive,0.6697,Positive,2024-02
REV003023,BOO1340,Books,Self-Help Guide,"absolutely love this product, exceeded my expectations. My whole family loves it.",5,2024-08-17,Yes,1,absolutely love product exceeded expectations whole family loves,Positive,0.8479,Positive,2024-08
REV002714,BOO1084,Books,Business Book,"very satisfied, the quality exceeded what I paid for. Would buy again.",5,2023-12-24,Yes,1,satisfied quality exceeded what paid buy again,Positive,0.4754,Positive,2023-12
REV000362,ELE1697,Electronics,Power Bank,perfect fit and great customer service too. Fast shipping too!,5,2024-06-17,Yes,2,perfect fit great customer service too fast shipping too,Positive,0.8908,Positive,2024-06
REV001457,ELE1079,Electronics,Laptop Stand,"outstanding performance, worth every penny. Fast shipping too!   <br>  ",4,2023-06-03,Yes,4,outstanding performance worth every penny fast shipping too,Positive,0.7345,Positive,2023-06
REV003504,ELE1211,Electronics,Bluetooth Speaker,"superb product, will definitely buy again. My whole family loves it.",5,2023-03-01,Yes,0,superb product definitely buy again whole family loves,Positive,0.8885,Positive,2023-03
REV000485,CLO1805,Clothing,Yoga Pants,"it's okay, does the job but nothing special.",3,2023-06-29,Yes,0,okay job nothing special,Negative,-0.3479,Neutral,2023-06
REV003224,BEA1454,Beauty,Sunscreen SPF50,"amazing value for the price, very happy with this purchase. Fast shipping too!",5,2024-10-11,No,2,amazing value price happy purchase fast shipping too,Positive,0.8881,Positive,2024-10
REV003400,BEA1264,Beauty,Shampoo,"regret buying this, quality is really bad. Would not recommend to anyone.",2,2024-05-05,Yes,2,regret buying quality bad recommend anyone,Negative,-0.8273,Negative,2024-05
REV003329,ELE1826,Electronics,Smartwatch,"excellent build quality, arrived quickly and works great. My whole family loves it.",5,2023-07-21,Yes,2,excellent build quality arrived quickly works great whole family loves,Positive,0.91,Positive,2023-07
REV002360,HOM1810,Home & Kitchen,Blender,cheaply made and feels flimsy.,2,2023-12-18,No,1,cheaply made feels flimsy,Neutral,0.0,Negative,2023-12
REV003736,BEA1754,Beauty,Sunscreen SPF50,"great quality and works perfectly, highly recommend. Five stars from me.",4,2023-10-28,Yes,1,great quality works perfectly highly recommend five stars me,Positive,0.902,Positive,2023-10
REV003377,CLO1458,Clothing,Denim Jeans,perfect fit and great customer service too.,4,2023-11-26,Yes,6,perfect fit great customer service too,Positive,0.8834,Positive,2023-11
REV001809,HOM1590,Home & Kitchen,Air Fryer,perfect fit and great customer service too. Fast shipping too!,5,2023-03-14,No,1,perfect fit great customer service too fast shipping too,Positive,0.8908,Positive,2023-03
REV002891,BOO1711,Books,Mystery Novel,works flawlessly and looks even better in person.,4,2023-09-12,Yes,0,works flawlessly looks even better person,Positive,0.5719,Positive,2023-09
REV002462,BEA1755,Beauty,Face Moisturizer,"amazing value for the price, very happy with this purchase.",5,2023-07-02,Yes,4,amazing value price happy purchase,Positive,0.8805,Positive,2023-07
REV001158,BEA1737,Beauty,Shampoo,"amazing value for the price, very happy with this purchase. My whole family loves it.",5,2024-04-29,No,4,amazing value price happy purchase whole family loves,Positive,0.9312,Positive,2024-04
REV002080,BOO1766,Books,Business Book,"average product, met basic expectations. Still testing it out.",3,2023-09-30,Yes,2,average product met basic expectations still testing out,Neutral,0.0,Neutral,2023-09
REV000766,ELE1883,Electronics,Power Bank,"it's fine, though the packaging could be better. Might update this review later.",3,2024-04-10,Yes,0,fine though packaging better might update review later,Positive,0.5719,Neutral,2024-04
REV001807,BEA1842,Beauty,Sunscreen SPF50,"outstanding performance, worth every penny. My whole family loves it.",5,2024-08-10,Yes,5,outstanding performance worth every penny whole family loves,Positive,0.8625,Positive,2024-08
REV002507,BOO1331,Books,Self-Help Guide,"outstanding performance, worth every penny. My whole family loves it.   <br>  ",5,2023-07-31,No,0,outstanding performance worth every penny whole family loves,Positive,0.8625,Positive,2023-07
REV001186,BEA1115,Beauty,Lip Balm Set,"it's okay, does the job but nothing special.",3,2023-12-25,Yes,0,okay job nothing special,Negative,-0.3479,Neutral,2023-12
REV002388,ELE1708,Electronics,Bluetooth Speaker,"great quality and works perfectly, highly recommend. Five stars from me.",5,2024-02-20,Yes,3,great quality works perfectly highly recommend five stars me,Positive,0.902,Positive,2024-02
REV000287,CLO1012,Clothing,Denim Jeans,"great quality and works perfectly, highly recommend. Would buy again.",4,2024-01-13,Yes,4,great quality works perfectly highly recommend buy again,Positive,0.902,Positive,2024-01
REV003321,HOM1071,Home & Kitchen,Non-Stick Pan Set,"excellent build quality, arrived quickly and works great. Fast shipping too!",5,2023-02-13,Yes,3,excellent build quality arrived quickly works great fast shipping too,Positive,0.8439,Positive,2023-02
REV000950,BEA1648,Beauty,Face Moisturizer,"terrible experience, item arrived damaged. Asked for a refund.",1,2023-10-18,Yes,0,terrible experience item arrived damaged asked refund,Negative,-0.7184,Negative,2023-10
REV001604,CLO1078,Clothing,Running Shoes,"superb product, will definitely buy again. Five stars from me.",5,2023-05-03,Yes,2,superb product definitely buy again five stars me,Positive,0.7783,Positive,2023-05
REV000140,BOO1715,Books,Sci-Fi Trilogy,"outstanding performance, worth every penny. My whole family loves it.",5,2024-01-27,Yes,6,outstanding performance worth every penny whole family loves,Positive,0.8625,Positive,2024-01
REV000849,BOO1851,Books,Self-Help Guide,"outstanding performance, worth every penny. My whole family loves it.",5,2023-06-04,No,1,outstanding performance worth every penny whole family loves,Positive,0.8625,Positive,2023-06
REV003074,BEA1887,Beauty,Lip Balm Set,works flawlessly and looks even better in person.,5,2023-10-29,Yes,4,works flawlessly looks even better person,Positive,0.5719,Positive,2023-10
REV001761,HOM1587,Home & Kitchen,Non-Stick Pan Set,"great quality and works perfectly, highly recommend. Would buy again.",5,2024-06-10,Yes,8,great quality works perfectly highly recommend buy again,Positive,0.902,Positive,2024-06
REV003280,CLO1844,Clothing,Running Shoes,"regret buying this, quality is really bad. Asked for a refund.   <br>  ",1,2024-10-20,Yes,2,regret buying quality bad asked refund,Negative,-0.7645,Negative,2024-10
REV001966,BEA1464,Beauty,Shampoo,"absolutely love this product, exceeded my expectations. My whole family loves it.",5,2024-02-15,Yes,8,absolutely love product exceeded expectations whole family loves,Positive,0.8479,Positive,2024-02
REV003702,HOM1064,Home & Kitchen,Vacuum Cleaner,"excellent build quality, arrived quickly and works great. My whole family loves it.   <br>  ",4,2024-09-01,Yes,3,excellent build quality arrived quickly works great whole family loves,Positive,0.91,Positive,2024-09
REV001139,CLO1816,Clothing,Winter Jacket,"excellent build quality, arrived quickly and works great. Fast shipping too!",5,2023-10-23,Yes,2,excellent build quality arrived quickly works great fast shipping too,Positive,0.8439,Positive,2023-10
REV002949,ELE1156,Electronics,Laptop Stand,"very satisfied, the quality exceeded what I paid for. Five stars from me.",5,2024-01-02,Yes,5,satisfied quality exceeded what paid five stars me,Positive,0.4754,Positive,2024-01
REV002780,BEA1272,Beauty,Face Moisturizer,"not as advertised, very frustrating purchase. Very frustrating.",1,2023-02-06,Yes,4,advertised frustrating purchase frustrating,Negative,-0.7496,Negative,2023-02
REV003911,BOO1982,Books,Business Book,"reasonable quality, similar to other products in this range.",3,2024-03-02,Yes,3,reasonable quality similar other products range,Neutral,0.0,Neutral,2024-03
REV002313,HOM1929,Home & Kitchen,Coffee Maker,"it's okay, does the job but nothing special. We'll see how it holds up.",3,2023-02-05,No,0,okay job nothing special ll see how holds up,Negative,-0.3479,Neutral,2023-02
REV002323,SPO1746,Sports & Outdoors,Resistance Bands,"excellent build quality, arrived quickly and works great. My whole family loves it.",5,2023-07-14,Yes,3,excellent build quality arrived quickly works great whole family loves,Positive,0.91,Positive,2023-07
REV001944,CLO1160,Clothing,Running Shoes,"very disappointed, stopped working after a few days.",2,2023-03-18,Yes,2,disappointed stopped working after few days,Negative,-0.6779,Negative,2023-03
REV003143,SPO1924,Sports & Outdoors,Water Bottle,perfect fit and great customer service too. My whole family loves it.,5,2023-06-24,No,8,perfect fit great customer service too whole family loves,Positive,0.9325,Positive,2023-06
REV001665,ELE1293,Electronics,Wireless Earbuds,"amazing value for the price, very happy with this purchase. Fast shipping too!",5,2023-07-08,No,4,amazing value price happy purchase fast shipping too,Positive,0.8881,Positive,2023-07
REV000445,BEA1209,Beauty,Hair Dryer,"amazing value for the price, very happy with this purchase. My whole family loves it.",5,2023-02-23,Yes,13,amazing value price happy purchase whole family loves,Positive,0.9312,Positive,2023-02
REV002088,HOM1793,Home & Kitchen,Blender,"outstanding performance, worth every penny. Five stars from me.",4,2023-03-16,No,1,outstanding performance worth every penny five stars me,Positive,0.7096,Positive,2023-03
REV001123,SPO1929,Sports & Outdoors,Resistance Bands,"superb product, will definitely buy again. Would buy again.",5,2024-01-02,Yes,5,superb product definitely buy again buy again,Positive,0.7783,Positive,2024-01
REV001265,BOO1953,Books,Mystery Novel,"very disappointed, stopped working after a few days. Asked for a refund.",1,2023-07-21,Yes,3,disappointed stopped working after few days asked refund,Negative,-0.6779,Negative,2023-07
REV002070,BOO1633,Books,Mystery Novel,"does what it says, no major complaints. We'll see how it holds up.",3,2023-11-09,Yes,1,what says major complaints ll see how holds up,Positive,0.0903,Neutral,2023-11
REV002754,HOM1725,Home & Kitchen,Vacuum Cleaner,"excellent build quality, arrived quickly and works great.",5,2023-06-14,No,0,excellent build quality arrived quickly works great,Positive,0.8316,Positive,2023-06
REV001439,BOO1981,Books,Sci-Fi Trilogy,"great quality and works perfectly, highly recommend.",5,2023-06-18,Yes,1,great quality works perfectly highly recommend,Positive,0.902,Positive,2023-06
REV002566,BEA1255,Beauty,Face Moisturizer,"absolutely love this product, exceeded my expectations. Fast shipping too!",5,2024-08-15,Yes,5,absolutely love product exceeded expectations fast shipping too,Positive,0.6989,Positive,2024-08
REV001174,SPO1970,Sports & Outdoors,Yoga Mat,"excellent build quality, arrived quickly and works great. Would buy again.",5,2023-02-07,Yes,1,excellent build quality arrived quickly works great buy again,Positive,0.8316,Positive,2023-02
REV001850,SPO1406,Sports & Outdoors,Yoga Mat,"decent for the price, but not amazing. Still testing it out.",3,2023-10-26,Yes,0,decent price amazing still testing out,Negative,-0.6259,Neutral,2023-10
REV001672,SPO1952,Sports & Outdoors,Water Bottle,"regret buying this, quality is really bad. Asked for a refund.",2,2023-11-19,Yes,2,regret buying quality bad asked refund,Negative,-0.7645,Negative,2023-11
REV000355,BOO1248,Books,Cookbook,acceptable quality for casual use. We'll see how it holds up.,3,2023-05-20,No,0,acceptable quality casual use ll see how holds up,Positive,0.4767,Neutral,2023-05
REV002346,HOM1857,Home & Kitchen,Non-Stick Pan Set,"superb product, will definitely buy again. Would buy again.",5,2023-11-07,No,4,superb product definitely buy again buy again,Positive,0.7783,Positive,2023-11
REV001941,CLO1109,Clothing,Yoga Pants,"terrible experience, item arrived damaged. Very frustrating.",1,2023-08-01,Yes,7,terrible experience item arrived damaged frustrating,Negative,-0.8479,Negative,2023-08
REV001077,HOM1435,Home & Kitchen,Vacuum Cleaner,"does what it says, no major complaints. We'll see how it holds up.",3,2024-11-06,Yes,0,what says major complaints ll see how holds up,Positive,0.0903,Neutral,2024-11
REV002888,CLO1819,Clothing,Denim Jeans,perfect fit and great customer service too. Five stars from me.,5,2023-05-29,Yes,0,perfect fit great customer service too five stars me,Positive,0.8834,Positive,2023-05
REV003271,ELE1345,Electronics,Bluetooth Speaker,"very satisfied, the quality exceeded what I paid for. My whole family loves it.   <br>  ",5,2024-05-06,Yes,0,satisfied quality exceeded what paid whole family loves,Positive,0.7778,Positive,2024-05
REV002973,ELE1747,Electronics,Power Bank,"amazing value for the price, very happy with this purchase. My whole family loves it.",5,2024-06-23,Yes,1,amazing value price happy purchase whole family loves,Positive,0.9312,Positive,2024-06
REV002171,HOM1165,Home & Kitchen,Air Fryer,perfect fit and great customer service too. Fast shipping too!,5,2023-09-03,Yes,2,perfect fit great customer service too fast shipping too,Positive,0.8908,Positive,2023-09
REV001228,CLO1015,Clothing,Cotton T-Shirt,"very disappointed, stopped working after a few days. Would not recommend to anyone.",2,2024-08-08,Yes,0,disappointed stopped working after few days recommend anyone,Negative,-0.7705,Negative,2024-08
REV001092,ELE1510,Electronics,Laptop Stand,"amazing value for the price, very happy with this purchase. Five stars from me.",5,2023-05-06,Yes,5,amazing value price happy purchase five stars me,Positive,0.8805,Positive,2023-05
REV003296,SPO1582,Sports & Outdoors,Resistance Bands,"does what it says, no major complaints. We'll see how it holds up.",3,2023-12-13,Yes,1,what says major complaints ll see how holds up,Positive,0.0903,Neutral,2023-12
REV003728,BOO1936,Books,Cookbook,"gets the job done, nothing more nothing less. We'll see how it holds up.",3,2024-12-16,Yes,0,gets job done nothing more nothing less ll see how holds up,Neutral,0.0,Neutral,2024-12
REV001863,BOO1452,Books,Self-Help Guide,"works fine so far, will update if anything changes. Still testing it out.",3,2023-05-26,No,0,works fine far update anything changes still testing out,Positive,0.2023,Neutral,2023-05
REV003212,SPO1237,Sports & Outdoors,Yoga Mat,"it's okay, does the job but nothing special.",3,2024-03-04,No,1,okay job nothing special,Negative,-0.3479,Neutral,2024-03
REV000418,HOM1295,Home & Kitchen,Coffee Maker,"amazing value for the price, very happy with this purchase.",5,2024-03-28,No,0,amazing value price happy purchase,Positive,0.8805,Positive,2024-03
REV000967,BOO1853,Books,Sci-Fi Trilogy,"very satisfied, the quality exceeded what I paid for. Would buy again.",5,2024-09-26,Yes,0,satisfied quality exceeded what paid buy again,Positive,0.4754,Positive,2024-09
REV001243,HOM1039,Home & Kitchen,Vacuum Cleaner,"gets the job done, nothing more nothing less. Might update this review later.",3,2024-07-22,No,0,gets job done nothing more nothing less might update review later,Neutral,0.0,Neutral,2024-07
REV001571,SPO1748,Sports & Outdoors,Resistance Bands,"great quality and works perfectly, highly recommend. Would buy again.",4,2024-01-05,Yes,0,great quality works perfectly highly recommend buy again,Positive,0.902,Positive,2024-01
REV001867,CLO1767,Clothing,Yoga Pants,"this is fantastic, exactly what I needed. My whole family loves it.",5,2024-03-16,Yes,2,fantastic exactly what needed whole family loves,Positive,0.8074,Positive,2024-03
REV000158,SPO1621,Sports & Outdoors,Camping Tent,"does what it says, no major complaints.",3,2024-07-18,Yes,0,what says major complaints,Positive,0.0903,Neutral,2024-07
REV003167,BOO1709,Books,Sci-Fi Trilogy,"superb product, will definitely buy again. My whole family loves it.",4,2023-05-28,Yes,3,superb product definitely buy again whole family loves,Positive,0.8885,Positive,2023-05
REV003328,BEA1159,Beauty,Shampoo,works flawlessly and looks even better in person. Five stars from me.,4,2023-10-16,Yes,4,works flawlessly looks even better person five stars me,Positive,0.5719,Positive,2023-10
REV003664,BOO1919,Books,Cookbook,"excellent build quality, arrived quickly and works great. Five stars from me.",5,2024-07-19,Yes,0,excellent build quality arrived quickly works great five stars me,Positive,0.8316,Positive,2024-07
REV003716,CLO1704,Clothing,Cotton T-Shirt,"very satisfied, the quality exceeded what I paid for. Would buy again.",5,2023-02-01,Yes,1,satisfied quality exceeded what paid buy again,Positive,0.4754,Positive,2023-02
REV001763,SPO1815,Sports & Outdoors,Water Bottle,"very satisfied, the quality exceeded what I paid for.",5,2023-09-13,No,7,satisfied quality exceeded what paid,Positive,0.4754,Positive,2023-09
REV003112,HOM1428,Home & Kitchen,Vacuum Cleaner,"very satisfied, the quality exceeded what I paid for. Fast shipping too!",4,2024-08-14,No,0,satisfied quality exceeded what paid fast shipping too,Positive,0.5244,Positive,2024-08
REV001155,BEA1964,Beauty,Shampoo,"absolutely love this product, exceeded my expectations.",5,2024-04-17,Yes,1,absolutely love product exceeded expectations,Positive,0.6697,Positive,2024-04
REV001279,SPO1158,Sports & Outdoors,Water Bottle,"gets the job done, nothing more nothing less. Might update this review later.",3,2024-02-29,Yes,1,gets job done nothing more nothing less might update review later,Neutral,0.0,Neutral,2024-02
REV002238,CLO1066,Clothing,Yoga Pants,"broke within a week, waste of money.",2,2023-04-10,Yes,4,broke within week waste money,Negative,-0.6808,Negative,2023-04
REV003804,HOM1366,Home & Kitchen,Coffee Maker,works flawlessly and looks even better in person. Five stars from me.,5,2023-05-12,Yes,1,works flawlessly looks even better person five stars me,Positive,0.5719,Positive,2023-05
REV002638,BEA1096,Beauty,Shampoo,"outstanding performance, worth every penny.",4,2024-10-02,Yes,1,outstanding performance worth every penny,Positive,0.7096,Positive,2024-10
REV001427,SPO1974,Sports & Outdoors,Hiking Backpack,"worst purchase I've made this year, do not recommend. Asked for a refund.",2,2024-12-19,Yes,0,worst purchase ve made year recommend asked refund,Negative,-0.7359,Negative,2024-12
REV000761,HOM1110,Home & Kitchen,Non-Stick Pan Set,"superb product, will definitely buy again. Fast shipping too!",5,2024-08-01,Yes,0,superb product definitely buy again fast shipping too,Positive,0.7959,Positive,2024-08
REV003111,ELE1212,Electronics,Laptop Stand,"amazing value for the price, very happy with this purchase. Fast shipping too!",5,2024-02-03,Yes,3,amazing value price happy purchase fast shipping too,Positive,0.8881,Positive,2024-02
REV000243,CLO1869,Clothing,Denim Jeans,"absolutely love this product, exceeded my expectations. My whole family loves it.   <br>  ",5,2023-06-21,Yes,5,absolutely love product exceeded expectations whole family loves,Positive,0.8479,Positive,2023-06
REV000885,BEA1786,Beauty,Hair Dryer,"decent for the price, but not amazing. Might update this review later.",3,2023-02-15,Yes,1,decent price amazing might update review later,Negative,-0.6259,Neutral,2023-02
REV003426,ELE1945,Electronics,Wireless Earbuds,"amazing value for the price, very happy with this purchase. Would buy again.",5,2024-07-17,Yes,7,amazing value price happy purchase buy again,Positive,0.8805,Positive,2024-07
REV000621,BEA1350,Beauty,Face Moisturizer,"it's fine, though the packaging could be better. Might update this review later.",3,2023-09-04,Yes,1,fine though packaging better might update review later,Positive,0.5719,Neutral,2023-09
REV002699,BOO1617,Books,Self-Help Guide,"it's okay, does the job but nothing special. Might update this review later.",3,2024-01-11,Yes,0,okay job nothing special might update review later,Negative,-0.3479,Neutral,2024-01
REV003607,BEA1854,Beauty,Lip Balm Set,"absolutely love this product, exceeded my expectations. Five stars from me.",5,2024-07-05,Yes,2,absolutely love product exceeded expectations five stars me,Positive,0.6697,Positive,2024-07
REV002552,CLO1649,Clothing,Running Shoes,"amazing value for the price, very happy with this purchase. Five stars from me.",5,2023-06-26,Yes,1,amazing value price happy purchase five stars me,Positive,0.8805,Positive,2023-06
REV002971,BOO1357,Books,Mystery Novel,"excellent build quality, arrived quickly and works great.",5,2023-10-06,No,0,excellent build quality arrived quickly works great,Positive,0.8316,Positive,2023-10
REV002208,BOO1094,Books,Business Book,"amazing value for the price, very happy with this purchase. Fast shipping too!",5,2024-07-27,Yes,0,amazing value price happy purchase fast shipping too,Positive,0.8881,Positive,2024-07
REV003467,ELE1037,Electronics,Power Bank,"poor quality, not worth the money at all. Would not recommend to anyone.",1,2023-09-14,No,3,poor quality worth money all recommend anyone,Negative,-0.7074,Negative,2023-09
REV002931,BEA1960,Beauty,Hair Dryer,"outstanding performance, worth every penny. Five stars from me.",5,2024-05-26,Yes,0,outstanding performance worth every penny five stars me,Positive,0.7096,Positive,2024-05
REV000538,HOM1699,Home & Kitchen,Non-Stick Pan Set,"excellent build quality, arrived quickly and works great. My whole family loves it.",5,2023-01-31,Yes,2,excellent build quality arrived quickly works great whole family loves,Positive,0.91,Positive,2023-01
REV003768,BOO1375,Books,Self-Help Guide,"regret buying this, quality is really bad. Very frustrating.",2,2023-12-25,Yes,3,regret buying quality bad frustrating,Negative,-0.8764,Negative,2023-12
REV002289,CLO1779,Clothing,Running Shoes,"amazing value for the price, very happy with this purchase. My whole family loves it.",5,2024-10-09,Yes,2,amazing value price happy purchase whole family loves,Positive,0.9312,Positive,2024-10
REV000014,SPO1631,Sports & Outdoors,Water Bottle,"absolutely love this product, exceeded my expectations. My whole family loves it.",5,2023-01-05,Yes,2,absolutely love product exceeded expectations whole family loves,Positive,0.8479,Positive,2023-01
REV001682,BEA1430,Beauty,Lip Balm Set,"it's okay, does the job but nothing special.",3,2023-05-24,No,0,okay job nothing special,Negative,-0.3479,Neutral,2023-05
REV002524,CLO1492,Clothing,Running Shoes,"poor quality, not worth the money at all. Asked for a refund.",1,2023-01-26,Yes,6,poor quality worth money all asked refund,Negative,-0.5812,Negative,2023-01
REV000741,ELE1178,Electronics,Wireless Earbuds,works flawlessly and looks even better in person. Fast shipping too!,5,2024-02-07,No,0,works flawlessly looks even better person fast shipping too,Positive,0.6114,Positive,2024-02
REV001401,HOM1619,Home & Kitchen,Air Fryer,"not bad, not great, just an average item. Still testing it out.",3,2024-02-11,Yes,1,bad great average item still testing out,Positive,0.6754,Neutral,2024-02
REV002977,BOO1109,Books,Self-Help Guide,acceptable quality for casual use. Might update this review later.,3,2023-12-17,No,1,acceptable quality casual use might update review later,Positive,0.4767,Neutral,2023-12
REV003387,BOO1250,Books,Business Book,"does what it says, no major complaints. Might update this review later.",3,2024-05-19,Yes,0,what says major complaints might update review later,Positive,0.0903,Neutral,2024-05
REV001386,CLO1459,Clothing,Running Shoes,"outstanding performance, worth every penny. My whole family loves it.",5,2023-08-12,No,0,outstanding performance worth every penny whole family loves,Positive,0.8625,Positive,2023-08
REV003663,ELE1339,Electronics,Wireless Earbuds,"very satisfied, the quality exceeded what I paid for. Fast shipping too!",5,2024-11-20,Yes,6,satisfied quality exceeded what paid fast shipping too,Positive,0.5244,Positive,2024-11
REV003393,HOM1297,Home & Kitchen,Coffee Maker,"this is fantastic, exactly what I needed. Would buy again.",5,2023-07-04,Yes,10,fantastic exactly what needed buy again,Positive,0.5574,Positive,2023-07
REV002844,ELE1843,Electronics,Power Bank,"terrible experience, item arrived damaged. Would not recommend to anyone.",1,2023-04-13,No,1,terrible experience item arrived damaged recommend anyone,Negative,-0.797,Negative,2023-04
REV003637,ELE1709,Electronics,Power Bank,"superb product, will definitely buy again.",5,2024-03-02,Yes,0,superb product definitely buy again,Positive,0.7783,Positive,2024-03
REV002404,CLO1195,Clothing,Running Shoes,"great quality and works perfectly, highly recommend.",4,2023-06-01,Yes,4,great quality works perfectly highly recommend,Positive,0.902,Positive,2023-06
REV003107,HOM1509,Home & Kitchen,Vacuum Cleaner,"outstanding performance, worth every penny. Five stars from me.",4,2023-07-16,Yes,1,outstanding performance worth every penny five stars me,Positive,0.7096,Positive,2023-07
REV000335,BEA1086,Beauty,Lip Balm Set,"not bad, not great, just an average item. Might update this review later.",3,2024-06-23,Yes,1,bad great average item might update review later,Positive,0.6754,Neutral,2024-06
REV002737,BEA1723,Beauty,Sunscreen SPF50,"this is fantastic, exactly what I needed. Fast shipping too!",5,2023-08-02,Yes,0,fantastic exactly what needed fast shipping too,Positive,0.5983,Positive,2023-08
REV003449,ELE1320,Electronics,Smartwatch,"decent for the price, but not amazing. Might update this review later.",3,2023-04-20,Yes,0,decent price amazing might update review later,Negative,-0.6259,Neutral,2023-04
REV000185,BEA1143,Beauty,Sunscreen SPF50,works flawlessly and looks even better in person.,5,2023-08-21,Yes,2,works flawlessly looks even better person,Positive,0.5719,Positive,2023-08
REV000824,SPO1827,Sports & Outdoors,Yoga Mat,works flawlessly and looks even better in person. Five stars from me.,4,2024-01-24,Yes,9,works flawlessly looks even better person five stars me,Positive,0.5719,Positive,2024-01
REV003496,SPO1443,Sports & Outdoors,Water Bottle,"does what it says, no major complaints. Still testing it out.",3,2023-09-25,Yes,0,what says major complaints still testing out,Positive,0.0903,Neutral,2023-09
REV002990,CLO1341,Clothing,Yoga Pants,"reasonable quality, similar to other products in this range.   <br>  ",3,2023-06-02,Yes,0,reasonable quality similar other products range,Neutral,0.0,Neutral,2023-06
REV003398,BEA1010,Beauty,Sunscreen SPF50,works flawlessly and looks even better in person.   <br>  ,5,2024-01-17,Yes,5,works flawlessly looks even better person,Positive,0.5719,Positive,2024-01
REV003050,BEA1914,Beauty,Sunscreen SPF50,cheaply made and feels flimsy.,1,2024-05-04,Yes,5,cheaply made feels flimsy,Neutral,0.0,Negative,2024-05
REV002236,BOO1402,Books,Mystery Novel,"not bad, not great, just an average item. Still testing it out.",3,2023-03-27,Yes,3,bad great average item still testing out,Positive,0.6754,Neutral,2023-03
REV000942,HOM1331,Home & Kitchen,Blender,"outstanding performance, worth every penny. Fast shipping too!",5,2024-09-06,Yes,7,outstanding performance worth every penny fast shipping too,Positive,0.7345,Positive,2024-09
REV000285,HOM1745,Home & Kitchen,Vacuum Cleaner,cheaply made and feels flimsy.,2,2024-04-21,Yes,5,cheaply made feels flimsy,Neutral,0.0,Negative,2024-04
REV003464,ELE1803,Electronics,Power Bank,perfect fit and great customer service too. Fast shipping too!,5,2024-11-27,Yes,12,perfect fit great customer service too fast shipping too,Positive,0.8908,Positive,2024-11
REV002948,SPO1418,Sports & Outdoors,Water Bottle,works flawlessly and looks even better in person. My whole family loves it.,5,2023-11-25,Yes,1,works flawlessly looks even better person whole family loves,Positive,0.8126,Positive,2023-11
REV000281,BEA1458,Beauty,Sunscreen SPF50,"excellent build quality, arrived quickly and works great.",5,2023-12-30,Yes,2,excellent build quality arrived quickly works great,Positive,0.8316,Positive,2023-12
REV000166,SPO1566,Sports & Outdoors,Camping Tent,"outstanding performance, worth every penny.",5,2024-11-10,Yes,2,outstanding performance worth every penny,Positive,0.7096,Positive,2024-11
REV002396,BEA1775,Beauty,Lip Balm Set,"does what it says, no major complaints. Might update this review later.",3,2023-02-01,Yes,0,what says major complaints might update review later,Positive,0.0903,Neutral,2023-02
REV002347,SPO1617,Sports & Outdoors,Water Bottle,"this is fantastic, exactly what I needed. Fast shipping too!",5,2024-09-13,No,1,fantastic exactly what needed fast shipping too,Positive,0.5983,Positive,2024-09
REV002584,SPO1078,Sports & Outdoors,Camping Tent,"terrible experience, item arrived damaged. Very frustrating.",1,2023-06-01,Yes,4,terrible experience item arrived damaged frustrating,Negative,-0.8479,Negative,2023-06
REV002278,SPO1593,Sports & Outdoors,Water Bottle,"very satisfied, the quality exceeded what I paid for. Would buy again.",4,2023-11-04,Yes,0,satisfied quality exceeded what paid buy again,Positive,0.4754,Positive,2023-11
REV003932,CLO1769,Clothing,Running Shoes,"very disappointed, stopped working after a few days. Wish I'd read reviews first.",2,2023-05-11,Yes,0,disappointed stopped working after few days wish read reviews first,Negative,-0.4351,Negative,2023-05
REV001852,HOM1685,Home & Kitchen,Non-Stick Pan Set,"outstanding performance, worth every penny. My whole family loves it.",5,2024-12-16,Yes,1,outstanding performance worth every penny whole family loves,Positive,0.8625,Positive,2024-12
REV001719,CLO1184,Clothing,Running Shoes,"very satisfied, the quality exceeded what I paid for. My whole family loves it.",4,2024-08-29,Yes,1,satisfied quality exceeded what paid whole family loves,Positive,0.7778,Positive,2024-08
REV003928,HOM1431,Home & Kitchen,Blender,"this is fantastic, exactly what I needed.",4,2023-06-02,No,2,fantastic exactly what needed,Positive,0.5574,Positive,2023-06
REV000042,ELE1546,Electronics,Laptop Stand,acceptable quality for casual use. Might update this review later.,3,2023-05-07,Yes,0,acceptable quality casual use might update review later,Positive,0.4767,Neutral,2023-05
REV002917,BEA1969,Beauty,Lip Balm Set,"poor quality, not worth the money at all. Asked for a refund.",1,2024-09-16,Yes,0,poor quality worth money all asked refund,Negative,-0.5812,Negative,2024-09
REV002797,BEA1623,Beauty,Shampoo,"it's fine, though the packaging could be better.",3,2024-10-26,Yes,4,fine though packaging better,Positive,0.5719,Neutral,2024-10
REV000780,ELE1109,Electronics,Wireless Earbuds,"poor quality, not worth the money at all.",1,2024-01-14,No,2,poor quality worth money all,Negative,-0.5812,Negative,2024-01
REV001887,BOO1659,Books,Business Book,"broke within a week, waste of money.",2,2023-09-30,Yes,1,broke within week waste money,Negative,-0.6808,Negative,2023-09
REV003660,SPO1199,Sports & Outdoors,Water Bottle,works flawlessly and looks even better in person. My whole family loves it.,4,2024-09-30,Yes,0,works flawlessly looks even better person whole family loves,Positive,0.8126,Positive,2024-09
REV003616,BOO1591,Books,Self-Help Guide,"great quality and works perfectly, highly recommend. Five stars from me.   <br>  ",4,2023-09-17,Yes,8,great quality works perfectly highly recommend five stars me,Positive,0.902,Positive,2023-09
REV002495,CLO1168,Clothing,Cotton T-Shirt,"superb product, will definitely buy again. Five stars from me.",5,2023-03-07,Yes,3,superb product definitely buy again five stars me,Positive,0.7783,Positive,2023-03
REV002398,CLO1006,Clothing,Running Shoes,"very satisfied, the quality exceeded what I paid for. Five stars from me.",5,2024-10-04,Yes,6,satisfied quality exceeded what paid five stars me,Positive,0.4754,Positive,2024-10
REV002094,BEA1107,Beauty,Shampoo,"does what it says, no major complaints.",3,2024-08-23,Yes,0,what says major complaints,Positive,0.0903,Neutral,2024-08
REV000711,CLO1017,Clothing,Running Shoes,"absolutely love this product, exceeded my expectations. Would buy again.   <br>  ",4,2023-08-29,Yes,0,absolutely love product exceeded expectations buy again,Positive,0.6697,Positive,2023-08
REV002157,BEA1330,Beauty,Lip Balm Set,"it's okay, does the job but nothing special. Still testing it out.",3,2024-04-13,Yes,1,okay job nothing special still testing out,Negative,-0.3479,Neutral,2024-04
REV003690,ELE1935,Electronics,Power Bank,"very satisfied, the quality exceeded what I paid for. Would buy again.",4,2023-12-20,Yes,1,satisfied quality exceeded what paid buy again,Positive,0.4754,Positive,2023-12
REV001686,SPO1917,Sports & Outdoors,Yoga Mat,"very satisfied, the quality exceeded what I paid for. Would buy again.",5,2023-02-08,Yes,0,satisfied quality exceeded what paid buy again,Positive,0.4754,Positive,2023-02
REV000030,ELE1923,Electronics,Smartwatch,"outstanding performance, worth every penny. Would buy again.",5,2024-02-14,Yes,1,outstanding performance worth every penny buy again,Positive,0.7096,Positive,2024-02
REV000182,ELE1013,Electronics,Smartwatch,"does what it says, no major complaints. Still testing it out.",3,2024-09-24,Yes,1,what says major complaints still testing out,Positive,0.0903,Neutral,2024-09
REV002670,HOM1078,Home & Kitchen,Coffee Maker,arrived defective and customer support was unhelpful. Wish I'd read reviews first.,1,2024-03-09,Yes,1,arrived defective customer support unhelpful wish read reviews first,Positive,0.3612,Negative,2024-03
REV003492,BEA1820,Beauty,Face Moisturizer,"decent for the price, but not amazing. Still testing it out.",3,2023-05-04,Yes,0,decent price amazing still testing out,Negative,-0.6259,Neutral,2023-05
REV000635,SPO1228,Sports & Outdoors,Resistance Bands,"absolutely love this product, exceeded my expectations.",5,2023-10-11,Yes,3,absolutely love product exceeded expectations,Positive,0.6697,Positive,2023-10
REV003868,CLO1536,Clothing,Denim Jeans,"terrible experience, item arrived damaged. Wish I'd read reviews first.",1,2023-06-24,Yes,0,terrible experience item arrived damaged wish read reviews first,Negative,-0.5106,Negative,2023-06
REV000105,CLO1087,Clothing,Yoga Pants,"this is fantastic, exactly what I needed. Fast shipping too!",5,2023-03-05,No,0,fantastic exactly what needed fast shipping too,Positive,0.5983,Positive,2023-03
REV000061,SPO1454,Sports & Outdoors,Water Bottle,"it's fine, though the packaging could be better. Might update this review later.",3,2024-01-23,Yes,0,fine though packaging better might update review later,Positive,0.5719,Neutral,2024-01
REV002707,HOM1081,Home & Kitchen,Blender,"amazing value for the price, very happy with this purchase.",5,2024-12-01,No,1,amazing value price happy purchase,Positive,0.8805,Positive,2024-12
REV001108,BOO1316,Books,Mystery Novel,"not bad, not great, just an average item.",3,2024-03-21,Yes,0,bad great average item,Positive,0.6754,Neutral,2024-03
REV000491,BEA1185,Beauty,Hair Dryer,perfect fit and great customer service too. Five stars from me.,5,2024-03-31,Yes,0,perfect fit great customer service too five stars me,Positive,0.8834,Positive,2024-03
REV000316,CLO1926,Clothing,Yoga Pants,"works fine so far, will update if anything changes. We'll see how it holds up.",3,2024-06-05,Yes,0,works fine far update anything changes ll see how holds up,Positive,0.2023,Neutral,2024-06
REV001475,HOM1833,Home & Kitchen,Coffee Maker,"this is fantastic, exactly what I needed. My whole family loves it.",4,2023-10-24,Yes,2,fantastic exactly what needed whole family loves,Positive,0.8074,Positive,2023-10
REV002033,BEA1859,Beauty,Face Moisturizer,"outstanding performance, worth every penny.",5,2023-01-20,Yes,2,outstanding performance worth every penny,Positive,0.7096,Positive,2023-01
REV000382,BEA1426,Beauty,Hair Dryer,"absolutely love this product, exceeded my expectations. Would buy again.",4,2023-02-28,Yes,5,absolutely love product exceeded expectations buy again,Positive,0.6697,Positive,2023-02
REV000423,BEA1674,Beauty,Lip Balm Set,"outstanding performance, worth every penny. Five stars from me.",5,2023-03-30,Yes,6,outstanding performance worth every penny five stars me,Positive,0.7096,Positive,2023-03
REV003569,BOO1045,Books,Mystery Novel,"absolutely love this product, exceeded my expectations. My whole family loves it.   <br>  ",4,2023-08-29,Yes,0,absolutely love product exceeded expectations whole family loves,Positive,0.8479,Positive,2023-08
REV003812,BEA1569,Beauty,Hair Dryer,"it's fine, though the packaging could be better. We'll see how it holds up.",3,2024-10-21,Yes,0,fine though packaging better ll see how holds up,Positive,0.5719,Neutral,2024-10
REV003596,BOO1455,Books,Self-Help Guide,"decent for the price, but not amazing. Still testing it out.",3,2023-02-13,Yes,4,decent price amazing still testing out,Negative,-0.6259,Neutral,2023-02
REV000446,BOO1378,Books,Mystery Novel,"this is fantastic, exactly what I needed. Five stars from me.",5,2024-04-09,Yes,10,fantastic exactly what needed five stars me,Positive,0.5574,Positive,2024-04
REV000664,CLO1164,Clothing,Running Shoes,perfect fit and great customer service too. Five stars from me.,5,2023-06-21,Yes,0,perfect fit great customer service too five stars me,Positive,0.8834,Positive,2023-06
REV001025,SPO1790,Sports & Outdoors,Hiking Backpack,"not bad, not great, just an average item. Still testing it out.",3,2023-03-24,Yes,0,bad great average item still testing out,Positive,0.6754,Neutral,2023-03
REV003578,BOO1594,Books,Mystery Novel,"very satisfied, the quality exceeded what I paid for. My whole family loves it.",4,2023-10-23,Yes,2,satisfied quality exceeded what paid whole family loves,Positive,0.7778,Positive,2023-10
REV000627,BOO1404,Books,Business Book,"very satisfied, the quality exceeded what I paid for. Fast shipping too!",5,2023-12-30,Yes,5,satisfied quality exceeded what paid fast shipping too,Positive,0.5244,Positive,2023-12
REV001482,BEA1423,Beauty,Shampoo,"very satisfied, the quality exceeded what I paid for.",5,2024-10-15,No,11,satisfied quality exceeded what paid,Positive,0.4754,Positive,2024-10
REV001513,BEA1334,Beauty,Lip Balm Set,arrived defective and customer support was unhelpful. Wish I'd read reviews first.,1,2023-07-31,Yes,2,arrived defective customer support unhelpful wish read reviews first,Positive,0.3612,Negative,2023-07
REV001508,BOO1395,Books,Sci-Fi Trilogy,"does not match the description, quite misleading. Asked for a refund.   <br>  ",2,2024-10-02,Yes,7,match description quite misleading asked refund,Negative,-0.4576,Negative,2024-10
REV001485,BOO1179,Books,Business Book,perfect fit and great customer service too. My whole family loves it.,4,2023-12-21,Yes,4,perfect fit great customer service too whole family loves,Positive,0.9325,Positive,2023-12
REV003150,SPO1641,Sports & Outdoors,Camping Tent,"average product, met basic expectations.",3,2023-01-30,No,0,average product met basic expectations,Neutral,0.0,Neutral,2023-01
REV000269,BOO1232,Books,Cookbook,"not as advertised, very frustrating purchase. Very frustrating.",1,2024-12-25,Yes,1,advertised frustrating purchase frustrating,Negative,-0.7496,Negative,2024-12
REV002978,BOO1159,Books,Self-Help Guide,"decent for the price, but not amazing.",3,2023-01-16,Yes,1,decent price amazing,Negative,-0.6259,Neutral,2023-01
REV001322,BOO1783,Books,Mystery Novel,"very satisfied, the quality exceeded what I paid for. Five stars from me.",4,2024-03-30,Yes,1,satisfied quality exceeded what paid five stars me,Positive,0.4754,Positive,2024-03
REV001906,BEA1976,Beauty,Hair Dryer,"average product, met basic expectations. Still testing it out.",3,2023-03-29,No,2,average product met basic expectations still testing out,Neutral,0.0,Neutral,2023-03
REV001120,BOO1150,Books,Cookbook,works flawlessly and looks even better in person. Would buy again.,4,2024-08-06,Yes,3,works flawlessly looks even better person buy again,Positive,0.5719,Positive,2024-08
REV003806,SPO1962,Sports & Outdoors,Hiking Backpack,"regret buying this, quality is really bad.",2,2024-01-08,Yes,0,regret buying quality bad,Negative,-0.7645,Negative,2024-01
REV000012,BOO1645,Books,Sci-Fi Trilogy,"very satisfied, the quality exceeded what I paid for.",5,2023-04-12,Yes,0,satisfied quality exceeded what paid,Positive,0.4754,Positive,2023-04
REV000115,ELE1046,Electronics,Wireless Earbuds,"amazing value for the price, very happy with this purchase. Would buy again.",4,2023-04-10,No,4,amazing value price happy purchase buy again,Positive,0.8805,Positive,2023-04
REV000844,HOM1744,Home & Kitchen,Air Fryer,perfect fit and great customer service too. Fast shipping too!,4,2024-01-25,Yes,4,perfect fit great customer service too fast shipping too,Positive,0.8908,Positive,2024-01
REV001453,BEA1230,Beauty,Lip Balm Set,"outstanding performance, worth every penny. Five stars from me.",4,2023-03-09,Yes,1,outstanding performance worth every penny five stars me,Positive,0.7096,Positive,2023-03
REV003330,HOM1932,Home & Kitchen,Coffee Maker,works flawlessly and looks even better in person. Five stars from me.,5,2023-09-30,Yes,5,works flawlessly looks even better person five stars me,Positive,0.5719,Positive,2023-09
REV001756,BEA1293,Beauty,Face Moisturizer,"this is fantastic, exactly what I needed. My whole family loves it.",5,2023-04-19,Yes,0,fantastic exactly what needed whole family loves,Positive,0.8074,Positive,2023-04
REV001974,ELE1566,Electronics,Laptop Stand,"excellent build quality, arrived quickly and works great. Five stars from me.",4,2024-10-12,Yes,2,excellent build quality arrived quickly works great five stars me,Positive,0.8316,Positive,2024-10
REV001789,HOM1665,Home & Kitchen,Vacuum Cleaner,"does not match the description, quite misleading. Very frustrating.",1,2024-04-05,Yes,0,match description quite misleading frustrating,Negative,-0.7543,Negative,2024-04
REV002401,SPO1508,Sports & Outdoors,Yoga Mat,works flawlessly and looks even better in person. Fast shipping too!,5,2023-06-05,Yes,2,works flawlessly looks even better person fast shipping too,Positive,0.6114,Positive,2023-06
REV002701,SPO1063,Sports & Outdoors,Resistance Bands,"great quality and works perfectly, highly recommend.",5,2024-01-14,Yes,6,great quality works perfectly highly recommend,Positive,0.902,Positive,2024-01
REV001980,CLO1249,Clothing,Denim Jeans,"does not match the description, quite misleading.",1,2024-04-10,Yes,2,match description quite misleading,Negative,-0.4576,Negative,2024-04
REV000691,BEA1114,Beauty,Shampoo,"excellent build quality, arrived quickly and works great. Would buy again.",4,2024-06-04,Yes,0,excellent build quality arrived quickly works great buy again,Positive,0.8316,Positive,2024-06
REV001947,SPO1527,Sports & Outdoors,Hiking Backpack,"reasonable quality, similar to other products in this range. We'll see how it holds up.",3,2023-03-26,Yes,0,reasonable quality similar other products range ll see how holds up,Neutral,0.0,Neutral,2023-03
REV000791,BOO1982,Books,Mystery Novel,"outstanding performance, worth every penny. Fast shipping too!",5,2024-12-14,No,6,outstanding performance worth every penny fast shipping too,Positive,0.7345,Positive,2024-12
REV002580,HOM1013,Home & Kitchen,Air Fryer,"reasonable quality, similar to other products in this range. Still testing it out.",3,2023-10-18,Yes,1,reasonable quality similar other products range still testing out,Neutral,0.0,Neutral,2023-10
REV002916,HOM1178,Home & Kitchen,Vacuum Cleaner,"outstanding performance, worth every penny. Five stars from me.",5,2024-01-21,No,1,outstanding performance worth every penny five stars me,Positive,0.7096,Positive,2024-01
REV000170,CLO1321,Clothing,Yoga Pants,"amazing value for the price, very happy with this purchase. Would buy again.",5,2024-03-27,Yes,1,amazing value price happy purchase buy again,Positive,0.8805,Positive,2024-03
REV002288,CLO1620,Clothing,Yoga Pants,works flawlessly and looks even better in person.,5,2023-02-15,Yes,8,works flawlessly looks even better person,Positive,0.5719,Positive,2023-02
REV003350,BEA1418,Beauty,Face Moisturizer,"excellent build quality, arrived quickly and works great.",5,2024-07-20,No,1,excellent build quality arrived quickly works great,Positive,0.8316,Positive,2024-07
REV001185,SPO1761,Sports & Outdoors,Water Bottle,"decent for the price, but not amazing. Might update this review later.",3,2023-10-10,Yes,0,decent price amazing might update review later,Negative,-0.6259,Neutral,2023-10
REV002122,ELE1499,Electronics,Power Bank,"regret buying this, quality is really bad. Would not recommend to anyone.",1,2023-07-22,No,1,regret buying quality bad recommend anyone,Negative,-0.8273,Negative,2023-07
REV001554,HOM1965,Home & Kitchen,Coffee Maker,"does not match the description, quite misleading. Asked for a refund.",2,2024-01-27,Yes,0,match description quite misleading asked refund,Negative,-0.4576,Negative,2024-01
REV003135,SPO1117,Sports & Outdoors,Camping Tent,"superb product, will definitely buy again.",5,2023-08-05,Yes,1,superb product definitely buy again,Positive,0.7783,Positive,2023-08
REV002810,SPO1669,Sports & Outdoors,Hiking Backpack,"decent for the price, but not amazing. Still testing it out.",3,2024-06-15,No,0,decent price amazing still testing out,Negative,-0.6259,Neutral,2024-06
REV003565,ELE1323,Electronics,Laptop Stand,"reasonable quality, similar to other products in this range.",3,2023-07-15,Yes,1,reasonable quality similar other products range,Neutral,0.0,Neutral,2023-07
REV002789,SPO1887,Sports & Outdoors,Hiking Backpack,perfect fit and great customer service too.,5,2023-04-01,Yes,6,perfect fit great customer service too,Positive,0.8834,Positive,2023-04
REV000751,BEA1907,Beauty,Hair Dryer,"superb product, will definitely buy again.",5,2023-03-08,Yes,3,superb product definitely buy again,Positive,0.7783,Positive,2023-03
REV002790,BEA1695,Beauty,Lip Balm Set,"very satisfied, the quality exceeded what I paid for. My whole family loves it.",5,2023-11-25,Yes,1,satisfied quality exceeded what paid whole family loves,Positive,0.7778,Positive,2023-11
REV002879,BOO1301,Books,Cookbook,"it's okay, does the job but nothing special. We'll see how it holds up.",3,2023-12-01,Yes,0,okay job nothing special ll see how holds up,Negative,-0.3479,Neutral,2023-12
REV001820,BEA1715,Beauty,Sunscreen SPF50,"not as advertised, very frustrating purchase. Very frustrating.",1,2023-09-06,No,0,advertised frustrating purchase frustrating,Negative,-0.7496,Negative,2023-09
REV002096,HOM1917,Home & Kitchen,Vacuum Cleaner,"reasonable quality, similar to other products in this range. Might update this review later.   <br>  ",3,2024-06-04,Yes,2,reasonable quality similar other products range might update review later,Neutral,0.0,Neutral,2024-06
REV002811,ELE1521,Electronics,Smartwatch,"decent for the price, but not amazing. We'll see how it holds up.",3,2024-02-18,Yes,1,decent price amazing ll see how holds up,Negative,-0.6259,Neutral,2024-02
REV000592,SPO1528,Sports & Outdoors,Yoga Mat,"very satisfied, the quality exceeded what I paid for. Would buy again.",4,2023-07-12,Yes,0,satisfied quality exceeded what paid buy again,Positive,0.4754,Positive,2023-07
REV000808,BOO1948,Books,Mystery Novel,"this is fantastic, exactly what I needed.",4,2023-06-19,Yes,6,fantastic exactly what needed,Positive,0.5574,Positive,2023-06
REV001084,HOM1854,Home & Kitchen,Non-Stick Pan Set,"works fine so far, will update if anything changes. Still testing it out.",3,2024-10-12,Yes,1,works fine far update anything changes still testing out,Positive,0.2023,Neutral,2024-10
REV002554,BOO1242,Books,Self-Help Guide,"amazing value for the price, very happy with this purchase. My whole family loves it.   <br>  ",5,2023-09-10,Yes,1,amazing value price happy purchase whole family loves,Positive,0.9312,Positive,2023-09
REV001045,SPO1065,Sports & Outdoors,Yoga Mat,arrived defective and customer support was unhelpful. Asked for a refund.,1,2024-02-16,Yes,3,arrived defective customer support unhelpful asked refund,Negative,-0.0516,Negative,2024-02
REV001165,SPO1730,Sports & Outdoors,Camping Tent,"outstanding performance, worth every penny. Five stars from me.",4,2023-01-15,Yes,1,outstanding performance worth every penny five stars me,Positive,0.7096,Positive,2023-01
REV001449,BEA1372,Beauty,Face Moisturizer,"outstanding performance, worth every penny. Five stars from me.",5,2023-10-11,No,0,outstanding performance worth every penny five stars me,Positive,0.7096,Positive,2023-10
REV000653,BEA1052,Beauty,Hair Dryer,"works fine so far, will update if anything changes. Still testing it out.",3,2024-06-24,Yes,1,works fine far update anything changes still testing out,Positive,0.2023,Neutral,2024-06
REV002241,SPO1349,Sports & Outdoors,Resistance Bands,"excellent build quality, arrived quickly and works great. Would buy again.",5,2024-02-28,Yes,0,excellent build quality arrived quickly works great buy again,Positive,0.8316,Positive,2024-02
REV001667,SPO1874,Sports & Outdoors,Camping Tent,works flawlessly and looks even better in person. Five stars from me.,5,2024-06-15,Yes,0,works flawlessly looks even better person five stars me,Positive,0.5719,Positive,2024-06
REV000245,BEA1129,Beauty,Lip Balm Set,"not bad, not great, just an average item. We'll see how it holds up.",3,2023-11-20,Yes,0,bad great average item ll see how holds up,Positive,0.6754,Neutral,2023-11
REV001388,HOM1658,Home & Kitchen,Blender,"amazing value for the price, very happy with this purchase.   <br>  ",5,2024-08-05,Yes,3,amazing value price happy purchase,Positive,0.8805,Positive,2024-08
REV000060,ELE1792,Electronics,Bluetooth Speaker,"works fine so far, will update if anything changes. We'll see how it holds up.   <br>  ",3,2023-09-16,Yes,5,works fine far update anything changes ll see how holds up,Positive,0.2023,Neutral,2023-09
REV001246,BEA1958,Beauty,Lip Balm Set,"reasonable quality, similar to other products in this range. Still testing it out.",3,2023-02-04,No,0,reasonable quality similar other products range still testing out,Neutral,0.0,Neutral,2023-02
REV000177,BEA1685,Beauty,Sunscreen SPF50,"excellent build quality, arrived quickly and works great.",5,2023-09-16,Yes,0,excellent build quality arrived quickly works great,Positive,0.8316,Positive,2023-09
REV000450,HOM1154,Home & Kitchen,Vacuum Cleaner,"very satisfied, the quality exceeded what I paid for. Would buy again.",5,2024-08-25,Yes,3,satisfied quality exceeded what paid buy again,Positive,0.4754,Positive,2024-08
REV000056,HOM1914,Home & Kitchen,Blender,"amazing value for the price, very happy with this purchase. My whole family loves it.",5,2024-08-25,Yes,3,amazing value price happy purchase whole family loves,Positive,0.9312,Positive,2024-08
REV003876,SPO1288,Sports & Outdoors,Resistance Bands,"works fine so far, will update if anything changes. We'll see how it holds up.",3,2024-07-07,Yes,0,works fine far update anything changes ll see how holds up,Positive,0.2023,Neutral,2024-07
REV003327,BEA1902,Beauty,Face Moisturizer,"not as advertised, very frustrating purchase. Would not recommend to anyone.",1,2024-06-13,Yes,0,advertised frustrating purchase recommend anyone,Negative,-0.6489,Negative,2024-06
REV002968,BEA1914,Beauty,Face Moisturizer,"does what it says, no major complaints.",3,2024-09-21,Yes,0,what says major complaints,Positive,0.0903,Neutral,2024-09
REV003458,SPO1380,Sports & Outdoors,Camping Tent,"superb product, will definitely buy again.",5,2023-10-21,Yes,0,superb product definitely buy again,Positive,0.7783,Positive,2023-10
REV001973,SPO1032,Sports & Outdoors,Yoga Mat,arrived defective and customer support was unhelpful. Very frustrating.,1,2024-07-09,No,0,arrived defective customer support unhelpful frustrating,Negative,-0.5256,Negative,2024-07
REV003270,CLO1178,Clothing,Denim Jeans,"not bad, not great, just an average item. Still testing it out.",3,2023-09-12,Yes,0,bad great average item still testing out,Positive,0.6754,Neutral,2023-09
REV003795,CLO1265,Clothing,Running Shoes,"great quality and works perfectly, highly recommend. Five stars from me.",4,2024-02-09,Yes,4,great quality works perfectly highly recommend five stars me,Positive,0.902,Positive,2024-02
REV001769,CLO1340,Clothing,Cotton T-Shirt,"this is fantastic, exactly what I needed. Would buy again.",4,2023-10-10,Yes,6,fantastic exactly what needed buy again,Positive,0.5574,Positive,2023-10
REV001738,SPO1298,Sports & Outdoors,Water Bottle,arrived defective and customer support was unhelpful. Wish I'd read reviews first.,1,2024-05-10,Yes,5,arrived defective customer support unhelpful wish read reviews first,Positive,0.3612,Negative,2024-05
REV003241,CLO1412,Clothing,Winter Jacket,"very satisfied, the quality exceeded what I paid for. Fast shipping too!",4,2023-01-31,Yes,0,satisfied quality exceeded what paid fast shipping too,Positive,0.5244,Positive,2023-01
REV001210,BEA1242,Beauty,Lip Balm Set,"very satisfied, the quality exceeded what I paid for. Five stars from me.",5,2024-02-13,Yes,0,satisfied quality exceeded what paid five stars me,Positive,0.4754,Positive,2024-02
REV003108,CLO1151,Clothing,Yoga Pants,"superb product, will definitely buy again. Would buy again.",4,2023-10-25,Yes,0,superb product definitely buy again buy again,Positive,0.7783,Positive,2023-10
REV000642,BOO1788,Books,Business Book,works flawlessly and looks even better in person.,4,2024-11-24,Yes,1,works flawlessly looks even better person,Positive,0.5719,Positive,2024-11
